"0","dist.dna(seq_matriz)
"
"1","                                                                                                                           "
"1"," MZ335471.1 Morpho helenor voucher MACN-Bar-Lep-ct 06831 cytochrome oxidase subunit 1 (COI) gene, partial cds; mitochondrial"
"1","
MZ335432.1 Morpho helenor voucher MACN-Bar-Lep-ct 06792 cytochrome oxidase subunit 1 (COI) gene, partial cds; mitochondrial"
"1","                                                                                                                 0.000000000"
"1","
MZ335265.1 Morpho helenor voucher MACN-Bar-Lep-ct 06795 cytochrome oxidase subunit 1 (COI) gene, partial cds; mitochondrial"
"1","                                                                                                                 0.000000000"
"1","
JN282556.1 Morpho helenor voucher NS-RR0118 cytochrome oxidase subunit 1 (COI) gene, partial cds; mitochondrial            "
"1","                                                                                                                 0.005357194"
"1","
MF547258.1 Morpho helenor voucher MACN-Bar-Lep-ct 02212 cytochrome oxidase subunit 1 (COI) gene, partial cds; mitochondrial"
"1","                                                                                                                 0.021744925"
"1","
MF547169.1 Morpho helenor voucher MACN-Bar-Lep-ct 02215 cytochrome oxidase subunit 1 (COI) gene, partial cds; mitochondrial"
"1","                                                                                                                 0.023600215"
"1","
MF546171.1 Morpho helenor voucher MACN-Bar-Lep-ct 02533 cytochrome oxidase subunit 1 (COI) gene, partial cds; mitochondrial"
"1","                                                                                                                 0.021744925"
"1","
MF545983.1 Morpho helenor voucher MACN-Bar-Lep-ct 01006 cytochrome oxidase subunit 1 (COI) gene, partial cds; mitochondrial"
"1","                                                                                                                 0.021744925"
"1","
"
"1","                                                                                                                           "
"1"," MZ335432.1 Morpho helenor voucher MACN-Bar-Lep-ct 06792 cytochrome oxidase subunit 1 (COI) gene, partial cds; mitochondrial"
"1","
MZ335432.1 Morpho helenor voucher MACN-Bar-Lep-ct 06792 cytochrome oxidase subunit 1 (COI) gene, partial cds; mitochondrial"
"1","                                                                                                                            "
"1","
MZ335265.1 Morpho helenor voucher MACN-Bar-Lep-ct 06795 cytochrome oxidase subunit 1 (COI) gene, partial cds; mitochondrial"
"1","                                                                                                                 0.000000000"
"1","
JN282556.1 Morpho helenor voucher NS-RR0118 cytochrome oxidase subunit 1 (COI) gene, partial cds; mitochondrial            "
"1","                                                                                                                 0.005357194"
"1","
MF547258.1 Morpho helenor voucher MACN-Bar-Lep-ct 02212 cytochrome oxidase subunit 1 (COI) gene, partial cds; mitochondrial"
"1","                                                                                                                 0.021744925"
"1","
MF547169.1 Morpho helenor voucher MACN-Bar-Lep-ct 02215 cytochrome oxidase subunit 1 (COI) gene, partial cds; mitochondrial"
"1","                                                                                                                 0.023600215"
"1","
MF546171.1 Morpho helenor voucher MACN-Bar-Lep-ct 02533 cytochrome oxidase subunit 1 (COI) gene, partial cds; mitochondrial"
"1","                                                                                                                 0.021744925"
"1","
MF545983.1 Morpho helenor voucher MACN-Bar-Lep-ct 01006 cytochrome oxidase subunit 1 (COI) gene, partial cds; mitochondrial"
"1","                                                                                                                 0.021744925"
"1","
"
"1","                                                                                                                           "
"1"," MZ335265.1 Morpho helenor voucher MACN-Bar-Lep-ct 06795 cytochrome oxidase subunit 1 (COI) gene, partial cds; mitochondrial"
"1","
MZ335432.1 Morpho helenor voucher MACN-Bar-Lep-ct 06792 cytochrome oxidase subunit 1 (COI) gene, partial cds; mitochondrial"
"1","                                                                                                                            "
"1","
MZ335265.1 Morpho helenor voucher MACN-Bar-Lep-ct 06795 cytochrome oxidase subunit 1 (COI) gene, partial cds; mitochondrial"
"1","                                                                                                                            "
"1","
JN282556.1 Morpho helenor voucher NS-RR0118 cytochrome oxidase subunit 1 (COI) gene, partial cds; mitochondrial            "
"1","                                                                                                                 0.005357194"
"1","
MF547258.1 Morpho helenor voucher MACN-Bar-Lep-ct 02212 cytochrome oxidase subunit 1 (COI) gene, partial cds; mitochondrial"
"1","                                                                                                                 0.021744925"
"1","
MF547169.1 Morpho helenor voucher MACN-Bar-Lep-ct 02215 cytochrome oxidase subunit 1 (COI) gene, partial cds; mitochondrial"
"1","                                                                                                                 0.023600215"
"1","
MF546171.1 Morpho helenor voucher MACN-Bar-Lep-ct 02533 cytochrome oxidase subunit 1 (COI) gene, partial cds; mitochondrial"
"1","                                                                                                                 0.021744925"
"1","
MF545983.1 Morpho helenor voucher MACN-Bar-Lep-ct 01006 cytochrome oxidase subunit 1 (COI) gene, partial cds; mitochondrial"
"1","                                                                                                                 0.021744925"
"1","
"
"1","                                                                                                                           "
"1"," JN282556.1 Morpho helenor voucher NS-RR0118 cytochrome oxidase subunit 1 (COI) gene, partial cds; mitochondrial"
"1","
MZ335432.1 Morpho helenor voucher MACN-Bar-Lep-ct 06792 cytochrome oxidase subunit 1 (COI) gene, partial cds; mitochondrial"
"1","                                                                                                                "
"1","
MZ335265.1 Morpho helenor voucher MACN-Bar-Lep-ct 06795 cytochrome oxidase subunit 1 (COI) gene, partial cds; mitochondrial"
"1","                                                                                                                "
"1","
JN282556.1 Morpho helenor voucher NS-RR0118 cytochrome oxidase subunit 1 (COI) gene, partial cds; mitochondrial            "
"1","                                                                                                                "
"1","
MF547258.1 Morpho helenor voucher MACN-Bar-Lep-ct 02212 cytochrome oxidase subunit 1 (COI) gene, partial cds; mitochondrial"
"1","                                                                                                     0.023600215"
"1","
MF547169.1 Morpho helenor voucher MACN-Bar-Lep-ct 02215 cytochrome oxidase subunit 1 (COI) gene, partial cds; mitochondrial"
"1","                                                                                                     0.025462414"
"1","
MF546171.1 Morpho helenor voucher MACN-Bar-Lep-ct 02533 cytochrome oxidase subunit 1 (COI) gene, partial cds; mitochondrial"
"1","                                                                                                     0.023600215"
"1","
MF545983.1 Morpho helenor voucher MACN-Bar-Lep-ct 01006 cytochrome oxidase subunit 1 (COI) gene, partial cds; mitochondrial"
"1","                                                                                                     0.023600215"
"1","
"
"1","                                                                                                                           "
"1"," MF547258.1 Morpho helenor voucher MACN-Bar-Lep-ct 02212 cytochrome oxidase subunit 1 (COI) gene, partial cds; mitochondrial"
"1","
MZ335432.1 Morpho helenor voucher MACN-Bar-Lep-ct 06792 cytochrome oxidase subunit 1 (COI) gene, partial cds; mitochondrial"
"1","                                                                                                                            "
"1","
MZ335265.1 Morpho helenor voucher MACN-Bar-Lep-ct 06795 cytochrome oxidase subunit 1 (COI) gene, partial cds; mitochondrial"
"1","                                                                                                                            "
"1","
JN282556.1 Morpho helenor voucher NS-RR0118 cytochrome oxidase subunit 1 (COI) gene, partial cds; mitochondrial            "
"1","                                                                                                                            "
"1","
MF547258.1 Morpho helenor voucher MACN-Bar-Lep-ct 02212 cytochrome oxidase subunit 1 (COI) gene, partial cds; mitochondrial"
"1","                                                                                                                            "
"1","
MF547169.1 Morpho helenor voucher MACN-Bar-Lep-ct 02215 cytochrome oxidase subunit 1 (COI) gene, partial cds; mitochondrial"
"1","                                                                                                                 0.001779361"
"1","
MF546171.1 Morpho helenor voucher MACN-Bar-Lep-ct 02533 cytochrome oxidase subunit 1 (COI) gene, partial cds; mitochondrial"
"1","                                                                                                                 0.000000000"
"1","
MF545983.1 Morpho helenor voucher MACN-Bar-Lep-ct 01006 cytochrome oxidase subunit 1 (COI) gene, partial cds; mitochondrial"
"1","                                                                                                                 0.000000000"
"1","
"
"1","                                                                                                                           "
"1"," MF547169.1 Morpho helenor voucher MACN-Bar-Lep-ct 02215 cytochrome oxidase subunit 1 (COI) gene, partial cds; mitochondrial"
"1","
MZ335432.1 Morpho helenor voucher MACN-Bar-Lep-ct 06792 cytochrome oxidase subunit 1 (COI) gene, partial cds; mitochondrial"
"1","                                                                                                                            "
"1","
MZ335265.1 Morpho helenor voucher MACN-Bar-Lep-ct 06795 cytochrome oxidase subunit 1 (COI) gene, partial cds; mitochondrial"
"1","                                                                                                                            "
"1","
JN282556.1 Morpho helenor voucher NS-RR0118 cytochrome oxidase subunit 1 (COI) gene, partial cds; mitochondrial            "
"1","                                                                                                                            "
"1","
MF547258.1 Morpho helenor voucher MACN-Bar-Lep-ct 02212 cytochrome oxidase subunit 1 (COI) gene, partial cds; mitochondrial"
"1","                                                                                                                            "
"1","
MF547169.1 Morpho helenor voucher MACN-Bar-Lep-ct 02215 cytochrome oxidase subunit 1 (COI) gene, partial cds; mitochondrial"
"1","                                                                                                                            "
"1","
MF546171.1 Morpho helenor voucher MACN-Bar-Lep-ct 02533 cytochrome oxidase subunit 1 (COI) gene, partial cds; mitochondrial"
"1","                                                                                                                 0.001779361"
"1","
MF545983.1 Morpho helenor voucher MACN-Bar-Lep-ct 01006 cytochrome oxidase subunit 1 (COI) gene, partial cds; mitochondrial"
"1","                                                                                                                 0.001779361"
"1","
"
"1","                                                                                                                           "
"1"," MF546171.1 Morpho helenor voucher MACN-Bar-Lep-ct 02533 cytochrome oxidase subunit 1 (COI) gene, partial cds; mitochondrial"
"1","
MZ335432.1 Morpho helenor voucher MACN-Bar-Lep-ct 06792 cytochrome oxidase subunit 1 (COI) gene, partial cds; mitochondrial"
"1","                                                                                                                            "
"1","
MZ335265.1 Morpho helenor voucher MACN-Bar-Lep-ct 06795 cytochrome oxidase subunit 1 (COI) gene, partial cds; mitochondrial"
"1","                                                                                                                            "
"1","
JN282556.1 Morpho helenor voucher NS-RR0118 cytochrome oxidase subunit 1 (COI) gene, partial cds; mitochondrial            "
"1","                                                                                                                            "
"1","
MF547258.1 Morpho helenor voucher MACN-Bar-Lep-ct 02212 cytochrome oxidase subunit 1 (COI) gene, partial cds; mitochondrial"
"1","                                                                                                                            "
"1","
MF547169.1 Morpho helenor voucher MACN-Bar-Lep-ct 02215 cytochrome oxidase subunit 1 (COI) gene, partial cds; mitochondrial"
"1","                                                                                                                            "
"1","
MF546171.1 Morpho helenor voucher MACN-Bar-Lep-ct 02533 cytochrome oxidase subunit 1 (COI) gene, partial cds; mitochondrial"
"1","                                                                                                                            "
"1","
MF545983.1 Morpho helenor voucher MACN-Bar-Lep-ct 01006 cytochrome oxidase subunit 1 (COI) gene, partial cds; mitochondrial"
"1","                                                                                                                 0.000000000"
"1","
"
"1","                                                                                                                           "
"1"," MF545983.1 Morpho helenor voucher MACN-Bar-Lep-ct 01006 cytochrome oxidase subunit 1 (COI) gene, partial cds; mitochondrial"
"1","
MZ335432.1 Morpho helenor voucher MACN-Bar-Lep-ct 06792 cytochrome oxidase subunit 1 (COI) gene, partial cds; mitochondrial"
"1","                                                                                                                            "
"1","
MZ335265.1 Morpho helenor voucher MACN-Bar-Lep-ct 06795 cytochrome oxidase subunit 1 (COI) gene, partial cds; mitochondrial"
"1","                                                                                                                            "
"1","
JN282556.1 Morpho helenor voucher NS-RR0118 cytochrome oxidase subunit 1 (COI) gene, partial cds; mitochondrial            "
"1","                                                                                                                            "
"1","
MF547258.1 Morpho helenor voucher MACN-Bar-Lep-ct 02212 cytochrome oxidase subunit 1 (COI) gene, partial cds; mitochondrial"
"1","                                                                                                                            "
"1","
MF547169.1 Morpho helenor voucher MACN-Bar-Lep-ct 02215 cytochrome oxidase subunit 1 (COI) gene, partial cds; mitochondrial"
"1","                                                                                                                            "
"1","
MF546171.1 Morpho helenor voucher MACN-Bar-Lep-ct 02533 cytochrome oxidase subunit 1 (COI) gene, partial cds; mitochondrial"
"1","                                                                                                                            "
"1","
MF545983.1 Morpho helenor voucher MACN-Bar-Lep-ct 01006 cytochrome oxidase subunit 1 (COI) gene, partial cds; mitochondrial"
"1","                                                                                                                            "
"1","
"
"1","                                                                                                                           "
"1"," MF545539.1 Morpho helenor voucher MACN-Bar-Lep-ct 02536 cytochrome oxidase subunit 1 (COI) gene, partial cds; mitochondrial"
"1","
MZ335432.1 Morpho helenor voucher MACN-Bar-Lep-ct 06792 cytochrome oxidase subunit 1 (COI) gene, partial cds; mitochondrial"
"1","                                                                                                                            "
"1","
MZ335265.1 Morpho helenor voucher MACN-Bar-Lep-ct 06795 cytochrome oxidase subunit 1 (COI) gene, partial cds; mitochondrial"
"1","                                                                                                                            "
"1","
JN282556.1 Morpho helenor voucher NS-RR0118 cytochrome oxidase subunit 1 (COI) gene, partial cds; mitochondrial            "
"1","                                                                                                                            "
"1","
MF547258.1 Morpho helenor voucher MACN-Bar-Lep-ct 02212 cytochrome oxidase subunit 1 (COI) gene, partial cds; mitochondrial"
"1","                                                                                                                            "
"1","
MF547169.1 Morpho helenor voucher MACN-Bar-Lep-ct 02215 cytochrome oxidase subunit 1 (COI) gene, partial cds; mitochondrial"
"1","                                                                                                                            "
"1","
MF546171.1 Morpho helenor voucher MACN-Bar-Lep-ct 02533 cytochrome oxidase subunit 1 (COI) gene, partial cds; mitochondrial"
"1","                                                                                                                            "
"1","
MF545983.1 Morpho helenor voucher MACN-Bar-Lep-ct 01006 cytochrome oxidase subunit 1 (COI) gene, partial cds; mitochondrial"
"1","                                                                                                                            "
"1","
"
"1","                                                                                                                           "
"1"," MF545482.1 Morpho helenor voucher MACN-Bar-Lep-ct 02415 cytochrome oxidase subunit 1 (COI) gene, partial cds; mitochondrial"
"1","
MZ335432.1 Morpho helenor voucher MACN-Bar-Lep-ct 06792 cytochrome oxidase subunit 1 (COI) gene, partial cds; mitochondrial"
"1","                                                                                                                            "
"1","
MZ335265.1 Morpho helenor voucher MACN-Bar-Lep-ct 06795 cytochrome oxidase subunit 1 (COI) gene, partial cds; mitochondrial"
"1","                                                                                                                            "
"1","
JN282556.1 Morpho helenor voucher NS-RR0118 cytochrome oxidase subunit 1 (COI) gene, partial cds; mitochondrial            "
"1","                                                                                                                            "
"1","
MF547258.1 Morpho helenor voucher MACN-Bar-Lep-ct 02212 cytochrome oxidase subunit 1 (COI) gene, partial cds; mitochondrial"
"1","                                                                                                                            "
"1","
MF547169.1 Morpho helenor voucher MACN-Bar-Lep-ct 02215 cytochrome oxidase subunit 1 (COI) gene, partial cds; mitochondrial"
"1","                                                                                                                            "
"1","
MF546171.1 Morpho helenor voucher MACN-Bar-Lep-ct 02533 cytochrome oxidase subunit 1 (COI) gene, partial cds; mitochondrial"
"1","                                                                                                                            "
"1","
MF545983.1 Morpho helenor voucher MACN-Bar-Lep-ct 01006 cytochrome oxidase subunit 1 (COI) gene, partial cds; mitochondrial"
"1","                                                                                                                            "
"1","
"
"1","                                                                                                                           "
"1"," MF546709.1 Morpho helenor voucher MACN-Bar-Lep-ct 03911 cytochrome oxidase subunit 1 (COI) gene, partial cds; mitochondrial"
"1","
MZ335432.1 Morpho helenor voucher MACN-Bar-Lep-ct 06792 cytochrome oxidase subunit 1 (COI) gene, partial cds; mitochondrial"
"1","                                                                                                                            "
"1","
MZ335265.1 Morpho helenor voucher MACN-Bar-Lep-ct 06795 cytochrome oxidase subunit 1 (COI) gene, partial cds; mitochondrial"
"1","                                                                                                                            "
"1","
JN282556.1 Morpho helenor voucher NS-RR0118 cytochrome oxidase subunit 1 (COI) gene, partial cds; mitochondrial            "
"1","                                                                                                                            "
"1","
MF547258.1 Morpho helenor voucher MACN-Bar-Lep-ct 02212 cytochrome oxidase subunit 1 (COI) gene, partial cds; mitochondrial"
"1","                                                                                                                            "
"1","
MF547169.1 Morpho helenor voucher MACN-Bar-Lep-ct 02215 cytochrome oxidase subunit 1 (COI) gene, partial cds; mitochondrial"
"1","                                                                                                                            "
"1","
MF546171.1 Morpho helenor voucher MACN-Bar-Lep-ct 02533 cytochrome oxidase subunit 1 (COI) gene, partial cds; mitochondrial"
"1","                                                                                                                            "
"1","
MF545983.1 Morpho helenor voucher MACN-Bar-Lep-ct 01006 cytochrome oxidase subunit 1 (COI) gene, partial cds; mitochondrial"
"1","                                                                                                                            "
"1","
"
"1","                                                                                                                           "
"1"," MF545893.1 Morpho helenor voucher MACN-Bar-Lep-ct 03916 cytochrome oxidase subunit 1 (COI) gene, partial cds; mitochondrial"
"1","
MZ335432.1 Morpho helenor voucher MACN-Bar-Lep-ct 06792 cytochrome oxidase subunit 1 (COI) gene, partial cds; mitochondrial"
"1","                                                                                                                            "
"1","
MZ335265.1 Morpho helenor voucher MACN-Bar-Lep-ct 06795 cytochrome oxidase subunit 1 (COI) gene, partial cds; mitochondrial"
"1","                                                                                                                            "
"1","
JN282556.1 Morpho helenor voucher NS-RR0118 cytochrome oxidase subunit 1 (COI) gene, partial cds; mitochondrial            "
"1","                                                                                                                            "
"1","
MF547258.1 Morpho helenor voucher MACN-Bar-Lep-ct 02212 cytochrome oxidase subunit 1 (COI) gene, partial cds; mitochondrial"
"1","                                                                                                                            "
"1","
MF547169.1 Morpho helenor voucher MACN-Bar-Lep-ct 02215 cytochrome oxidase subunit 1 (COI) gene, partial cds; mitochondrial"
"1","                                                                                                                            "
"1","
MF546171.1 Morpho helenor voucher MACN-Bar-Lep-ct 02533 cytochrome oxidase subunit 1 (COI) gene, partial cds; mitochondrial"
"1","                                                                                                                            "
"1","
MF545983.1 Morpho helenor voucher MACN-Bar-Lep-ct 01006 cytochrome oxidase subunit 1 (COI) gene, partial cds; mitochondrial"
"1","                                                                                                                            "
"1","
"
"1","                                                                                                                           "
"1"," MF546062.1 Morpho helenor voucher MACN-Bar-Lep-ct 03887 cytochrome oxidase subunit 1 (COI) gene, partial cds; mitochondrial"
"1","
MZ335432.1 Morpho helenor voucher MACN-Bar-Lep-ct 06792 cytochrome oxidase subunit 1 (COI) gene, partial cds; mitochondrial"
"1","                                                                                                                            "
"1","
MZ335265.1 Morpho helenor voucher MACN-Bar-Lep-ct 06795 cytochrome oxidase subunit 1 (COI) gene, partial cds; mitochondrial"
"1","                                                                                                                            "
"1","
JN282556.1 Morpho helenor voucher NS-RR0118 cytochrome oxidase subunit 1 (COI) gene, partial cds; mitochondrial            "
"1","                                                                                                                            "
"1","
MF547258.1 Morpho helenor voucher MACN-Bar-Lep-ct 02212 cytochrome oxidase subunit 1 (COI) gene, partial cds; mitochondrial"
"1","                                                                                                                            "
"1","
MF547169.1 Morpho helenor voucher MACN-Bar-Lep-ct 02215 cytochrome oxidase subunit 1 (COI) gene, partial cds; mitochondrial"
"1","                                                                                                                            "
"1","
MF546171.1 Morpho helenor voucher MACN-Bar-Lep-ct 02533 cytochrome oxidase subunit 1 (COI) gene, partial cds; mitochondrial"
"1","                                                                                                                            "
"1","
MF545983.1 Morpho helenor voucher MACN-Bar-Lep-ct 01006 cytochrome oxidase subunit 1 (COI) gene, partial cds; mitochondrial"
"1","                                                                                                                            "
"1","
"
"1","                                                                                                                           "
"1"," MF545810.1 Morpho helenor voucher MACN-Bar-Lep-ct 02530 cytochrome oxidase subunit 1 (COI) gene, partial cds; mitochondrial"
"1","
MZ335432.1 Morpho helenor voucher MACN-Bar-Lep-ct 06792 cytochrome oxidase subunit 1 (COI) gene, partial cds; mitochondrial"
"1","                                                                                                                            "
"1","
MZ335265.1 Morpho helenor voucher MACN-Bar-Lep-ct 06795 cytochrome oxidase subunit 1 (COI) gene, partial cds; mitochondrial"
"1","                                                                                                                            "
"1","
JN282556.1 Morpho helenor voucher NS-RR0118 cytochrome oxidase subunit 1 (COI) gene, partial cds; mitochondrial            "
"1","                                                                                                                            "
"1","
MF547258.1 Morpho helenor voucher MACN-Bar-Lep-ct 02212 cytochrome oxidase subunit 1 (COI) gene, partial cds; mitochondrial"
"1","                                                                                                                            "
"1","
MF547169.1 Morpho helenor voucher MACN-Bar-Lep-ct 02215 cytochrome oxidase subunit 1 (COI) gene, partial cds; mitochondrial"
"1","                                                                                                                            "
"1","
MF546171.1 Morpho helenor voucher MACN-Bar-Lep-ct 02533 cytochrome oxidase subunit 1 (COI) gene, partial cds; mitochondrial"
"1","                                                                                                                            "
"1","
MF545983.1 Morpho helenor voucher MACN-Bar-Lep-ct 01006 cytochrome oxidase subunit 1 (COI) gene, partial cds; mitochondrial"
"1","                                                                                                                            "
"1","
"
"1","                                                                                                                           "
"1"," MF547007.1 Morpho helenor voucher MACN-Bar-Lep-ct 02412 cytochrome oxidase subunit 1 (COI) gene, partial cds; mitochondrial"
"1","
MZ335432.1 Morpho helenor voucher MACN-Bar-Lep-ct 06792 cytochrome oxidase subunit 1 (COI) gene, partial cds; mitochondrial"
"1","                                                                                                                            "
"1","
MZ335265.1 Morpho helenor voucher MACN-Bar-Lep-ct 06795 cytochrome oxidase subunit 1 (COI) gene, partial cds; mitochondrial"
"1","                                                                                                                            "
"1","
JN282556.1 Morpho helenor voucher NS-RR0118 cytochrome oxidase subunit 1 (COI) gene, partial cds; mitochondrial            "
"1","                                                                                                                            "
"1","
MF547258.1 Morpho helenor voucher MACN-Bar-Lep-ct 02212 cytochrome oxidase subunit 1 (COI) gene, partial cds; mitochondrial"
"1","                                                                                                                            "
"1","
MF547169.1 Morpho helenor voucher MACN-Bar-Lep-ct 02215 cytochrome oxidase subunit 1 (COI) gene, partial cds; mitochondrial"
"1","                                                                                                                            "
"1","
MF546171.1 Morpho helenor voucher MACN-Bar-Lep-ct 02533 cytochrome oxidase subunit 1 (COI) gene, partial cds; mitochondrial"
"1","                                                                                                                            "
"1","
MF545983.1 Morpho helenor voucher MACN-Bar-Lep-ct 01006 cytochrome oxidase subunit 1 (COI) gene, partial cds; mitochondrial"
"1","                                                                                                                            "
"1","
"
"1","                                                                                                                           "
"1"," MF545456.1 Morpho helenor voucher MACN-Bar-Lep-ct 00818 cytochrome oxidase subunit 1 (COI) gene, partial cds; mitochondrial"
"1","
MZ335432.1 Morpho helenor voucher MACN-Bar-Lep-ct 06792 cytochrome oxidase subunit 1 (COI) gene, partial cds; mitochondrial"
"1","                                                                                                                            "
"1","
MZ335265.1 Morpho helenor voucher MACN-Bar-Lep-ct 06795 cytochrome oxidase subunit 1 (COI) gene, partial cds; mitochondrial"
"1","                                                                                                                            "
"1","
JN282556.1 Morpho helenor voucher NS-RR0118 cytochrome oxidase subunit 1 (COI) gene, partial cds; mitochondrial            "
"1","                                                                                                                            "
"1","
MF547258.1 Morpho helenor voucher MACN-Bar-Lep-ct 02212 cytochrome oxidase subunit 1 (COI) gene, partial cds; mitochondrial"
"1","                                                                                                                            "
"1","
MF547169.1 Morpho helenor voucher MACN-Bar-Lep-ct 02215 cytochrome oxidase subunit 1 (COI) gene, partial cds; mitochondrial"
"1","                                                                                                                            "
"1","
MF546171.1 Morpho helenor voucher MACN-Bar-Lep-ct 02533 cytochrome oxidase subunit 1 (COI) gene, partial cds; mitochondrial"
"1","                                                                                                                            "
"1","
MF545983.1 Morpho helenor voucher MACN-Bar-Lep-ct 01006 cytochrome oxidase subunit 1 (COI) gene, partial cds; mitochondrial"
"1","                                                                                                                            "
"1","
"
"1","                                                                                                                           "
"1"," JQ535930.1 Morpho helenor cytochrome oxidase subunit 1 (COI) gene, partial cds; mitochondrial"
"1","
MZ335432.1 Morpho helenor voucher MACN-Bar-Lep-ct 06792 cytochrome oxidase subunit 1 (COI) gene, partial cds; mitochondrial"
"1","                                                                                              "
"1","
MZ335265.1 Morpho helenor voucher MACN-Bar-Lep-ct 06795 cytochrome oxidase subunit 1 (COI) gene, partial cds; mitochondrial"
"1","                                                                                              "
"1","
JN282556.1 Morpho helenor voucher NS-RR0118 cytochrome oxidase subunit 1 (COI) gene, partial cds; mitochondrial            "
"1","                                                                                              "
"1","
MF547258.1 Morpho helenor voucher MACN-Bar-Lep-ct 02212 cytochrome oxidase subunit 1 (COI) gene, partial cds; mitochondrial"
"1","                                                                                              "
"1","
MF547169.1 Morpho helenor voucher MACN-Bar-Lep-ct 02215 cytochrome oxidase subunit 1 (COI) gene, partial cds; mitochondrial"
"1","                                                                                              "
"1","
MF546171.1 Morpho helenor voucher MACN-Bar-Lep-ct 02533 cytochrome oxidase subunit 1 (COI) gene, partial cds; mitochondrial"
"1","                                                                                              "
"1","
MF545983.1 Morpho helenor voucher MACN-Bar-Lep-ct 01006 cytochrome oxidase subunit 1 (COI) gene, partial cds; mitochondrial"
"1","                                                                                              "
"1","
"
"1","                                                                                                                           "
"1"," JQ536384.1 Morpho helenor cytochrome oxidase subunit 1 (COI) gene, partial cds; mitochondrial"
"1","
MZ335432.1 Morpho helenor voucher MACN-Bar-Lep-ct 06792 cytochrome oxidase subunit 1 (COI) gene, partial cds; mitochondrial"
"1","                                                                                              "
"1","
MZ335265.1 Morpho helenor voucher MACN-Bar-Lep-ct 06795 cytochrome oxidase subunit 1 (COI) gene, partial cds; mitochondrial"
"1","                                                                                              "
"1","
JN282556.1 Morpho helenor voucher NS-RR0118 cytochrome oxidase subunit 1 (COI) gene, partial cds; mitochondrial            "
"1","                                                                                              "
"1","
MF547258.1 Morpho helenor voucher MACN-Bar-Lep-ct 02212 cytochrome oxidase subunit 1 (COI) gene, partial cds; mitochondrial"
"1","                                                                                              "
"1","
MF547169.1 Morpho helenor voucher MACN-Bar-Lep-ct 02215 cytochrome oxidase subunit 1 (COI) gene, partial cds; mitochondrial"
"1","                                                                                              "
"1","
MF546171.1 Morpho helenor voucher MACN-Bar-Lep-ct 02533 cytochrome oxidase subunit 1 (COI) gene, partial cds; mitochondrial"
"1","                                                                                              "
"1","
MF545983.1 Morpho helenor voucher MACN-Bar-Lep-ct 01006 cytochrome oxidase subunit 1 (COI) gene, partial cds; mitochondrial"
"1","                                                                                              "
"1","
"
"1","                                                                                                                           "
"1"," MN620789.1 Morpho helenor peleides voucher YB-BCI111055 cytochrome oxidase subunit 1 (COI) gene, partial cds; mitochondrial"
"1","
MZ335432.1 Morpho helenor voucher MACN-Bar-Lep-ct 06792 cytochrome oxidase subunit 1 (COI) gene, partial cds; mitochondrial"
"1","                                                                                                                            "
"1","
MZ335265.1 Morpho helenor voucher MACN-Bar-Lep-ct 06795 cytochrome oxidase subunit 1 (COI) gene, partial cds; mitochondrial"
"1","                                                                                                                            "
"1","
JN282556.1 Morpho helenor voucher NS-RR0118 cytochrome oxidase subunit 1 (COI) gene, partial cds; mitochondrial            "
"1","                                                                                                                            "
"1","
MF547258.1 Morpho helenor voucher MACN-Bar-Lep-ct 02212 cytochrome oxidase subunit 1 (COI) gene, partial cds; mitochondrial"
"1","                                                                                                                            "
"1","
MF547169.1 Morpho helenor voucher MACN-Bar-Lep-ct 02215 cytochrome oxidase subunit 1 (COI) gene, partial cds; mitochondrial"
"1","                                                                                                                            "
"1","
MF546171.1 Morpho helenor voucher MACN-Bar-Lep-ct 02533 cytochrome oxidase subunit 1 (COI) gene, partial cds; mitochondrial"
"1","                                                                                                                            "
"1","
MF545983.1 Morpho helenor voucher MACN-Bar-Lep-ct 01006 cytochrome oxidase subunit 1 (COI) gene, partial cds; mitochondrial"
"1","                                                                                                                            "
"1","
"
"1","                                                                                                                           "
"1"," KP849134.1 Morpho helenor peleides voucher YB-BCI21564 cytochrome oxidase subunit 1 (COI) gene, partial cds; mitochondrial"
"1","
MZ335432.1 Morpho helenor voucher MACN-Bar-Lep-ct 06792 cytochrome oxidase subunit 1 (COI) gene, partial cds; mitochondrial"
"1","                                                                                                                           "
"1","
MZ335265.1 Morpho helenor voucher MACN-Bar-Lep-ct 06795 cytochrome oxidase subunit 1 (COI) gene, partial cds; mitochondrial"
"1","                                                                                                                           "
"1","
JN282556.1 Morpho helenor voucher NS-RR0118 cytochrome oxidase subunit 1 (COI) gene, partial cds; mitochondrial            "
"1","                                                                                                                           "
"1","
MF547258.1 Morpho helenor voucher MACN-Bar-Lep-ct 02212 cytochrome oxidase subunit 1 (COI) gene, partial cds; mitochondrial"
"1","                                                                                                                           "
"1","
MF547169.1 Morpho helenor voucher MACN-Bar-Lep-ct 02215 cytochrome oxidase subunit 1 (COI) gene, partial cds; mitochondrial"
"1","                                                                                                                           "
"1","
MF546171.1 Morpho helenor voucher MACN-Bar-Lep-ct 02533 cytochrome oxidase subunit 1 (COI) gene, partial cds; mitochondrial"
"1","                                                                                                                           "
"1","
MF545983.1 Morpho helenor voucher MACN-Bar-Lep-ct 01006 cytochrome oxidase subunit 1 (COI) gene, partial cds; mitochondrial"
"1","                                                                                                                           "
"1","
"
"1","                                                                                                                           "
"1"," KP849133.1 Morpho helenor peleides voucher YB-BCI65518 cytochrome oxidase subunit 1 (COI) gene, partial cds; mitochondrial"
"1","
MZ335432.1 Morpho helenor voucher MACN-Bar-Lep-ct 06792 cytochrome oxidase subunit 1 (COI) gene, partial cds; mitochondrial"
"1","                                                                                                                           "
"1","
MZ335265.1 Morpho helenor voucher MACN-Bar-Lep-ct 06795 cytochrome oxidase subunit 1 (COI) gene, partial cds; mitochondrial"
"1","                                                                                                                           "
"1","
JN282556.1 Morpho helenor voucher NS-RR0118 cytochrome oxidase subunit 1 (COI) gene, partial cds; mitochondrial            "
"1","                                                                                                                           "
"1","
MF547258.1 Morpho helenor voucher MACN-Bar-Lep-ct 02212 cytochrome oxidase subunit 1 (COI) gene, partial cds; mitochondrial"
"1","                                                                                                                           "
"1","
MF547169.1 Morpho helenor voucher MACN-Bar-Lep-ct 02215 cytochrome oxidase subunit 1 (COI) gene, partial cds; mitochondrial"
"1","                                                                                                                           "
"1","
MF546171.1 Morpho helenor voucher MACN-Bar-Lep-ct 02533 cytochrome oxidase subunit 1 (COI) gene, partial cds; mitochondrial"
"1","                                                                                                                           "
"1","
MF545983.1 Morpho helenor voucher MACN-Bar-Lep-ct 01006 cytochrome oxidase subunit 1 (COI) gene, partial cds; mitochondrial"
"1","                                                                                                                           "
"1","
"
"1","                                                                                                                           "
"1"," KP849135.1 Morpho helenor peleides voucher YB-BCI23607 cytochrome oxidase subunit 1 (COI) gene, partial cds; mitochondrial"
"1","
MZ335432.1 Morpho helenor voucher MACN-Bar-Lep-ct 06792 cytochrome oxidase subunit 1 (COI) gene, partial cds; mitochondrial"
"1","                                                                                                                           "
"1","
MZ335265.1 Morpho helenor voucher MACN-Bar-Lep-ct 06795 cytochrome oxidase subunit 1 (COI) gene, partial cds; mitochondrial"
"1","                                                                                                                           "
"1","
JN282556.1 Morpho helenor voucher NS-RR0118 cytochrome oxidase subunit 1 (COI) gene, partial cds; mitochondrial            "
"1","                                                                                                                           "
"1","
MF547258.1 Morpho helenor voucher MACN-Bar-Lep-ct 02212 cytochrome oxidase subunit 1 (COI) gene, partial cds; mitochondrial"
"1","                                                                                                                           "
"1","
MF547169.1 Morpho helenor voucher MACN-Bar-Lep-ct 02215 cytochrome oxidase subunit 1 (COI) gene, partial cds; mitochondrial"
"1","                                                                                                                           "
"1","
MF546171.1 Morpho helenor voucher MACN-Bar-Lep-ct 02533 cytochrome oxidase subunit 1 (COI) gene, partial cds; mitochondrial"
"1","                                                                                                                           "
"1","
MF545983.1 Morpho helenor voucher MACN-Bar-Lep-ct 01006 cytochrome oxidase subunit 1 (COI) gene, partial cds; mitochondrial"
"1","                                                                                                                           "
"1","
"
"1","                                                                                                                           "
"1"," KP849132.1 Morpho helenor peleides voucher YB-BCI23383 cytochrome oxidase subunit 1 (COI) gene, partial cds; mitochondrial"
"1","
MZ335432.1 Morpho helenor voucher MACN-Bar-Lep-ct 06792 cytochrome oxidase subunit 1 (COI) gene, partial cds; mitochondrial"
"1","                                                                                                                           "
"1","
MZ335265.1 Morpho helenor voucher MACN-Bar-Lep-ct 06795 cytochrome oxidase subunit 1 (COI) gene, partial cds; mitochondrial"
"1","                                                                                                                           "
"1","
JN282556.1 Morpho helenor voucher NS-RR0118 cytochrome oxidase subunit 1 (COI) gene, partial cds; mitochondrial            "
"1","                                                                                                                           "
"1","
MF547258.1 Morpho helenor voucher MACN-Bar-Lep-ct 02212 cytochrome oxidase subunit 1 (COI) gene, partial cds; mitochondrial"
"1","                                                                                                                           "
"1","
MF547169.1 Morpho helenor voucher MACN-Bar-Lep-ct 02215 cytochrome oxidase subunit 1 (COI) gene, partial cds; mitochondrial"
"1","                                                                                                                           "
"1","
MF546171.1 Morpho helenor voucher MACN-Bar-Lep-ct 02533 cytochrome oxidase subunit 1 (COI) gene, partial cds; mitochondrial"
"1","                                                                                                                           "
"1","
MF545983.1 Morpho helenor voucher MACN-Bar-Lep-ct 01006 cytochrome oxidase subunit 1 (COI) gene, partial cds; mitochondrial"
"1","                                                                                                                           "
"1","
"
"1","                                                                                                                           "
"1"," KP849131.1 Morpho helenor peleides voucher YB-BCI21839 cytochrome oxidase subunit 1 (COI) gene, partial cds; mitochondrial"
"1","
MZ335432.1 Morpho helenor voucher MACN-Bar-Lep-ct 06792 cytochrome oxidase subunit 1 (COI) gene, partial cds; mitochondrial"
"1","                                                                                                                           "
"1","
MZ335265.1 Morpho helenor voucher MACN-Bar-Lep-ct 06795 cytochrome oxidase subunit 1 (COI) gene, partial cds; mitochondrial"
"1","                                                                                                                           "
"1","
JN282556.1 Morpho helenor voucher NS-RR0118 cytochrome oxidase subunit 1 (COI) gene, partial cds; mitochondrial            "
"1","                                                                                                                           "
"1","
MF547258.1 Morpho helenor voucher MACN-Bar-Lep-ct 02212 cytochrome oxidase subunit 1 (COI) gene, partial cds; mitochondrial"
"1","                                                                                                                           "
"1","
MF547169.1 Morpho helenor voucher MACN-Bar-Lep-ct 02215 cytochrome oxidase subunit 1 (COI) gene, partial cds; mitochondrial"
"1","                                                                                                                           "
"1","
MF546171.1 Morpho helenor voucher MACN-Bar-Lep-ct 02533 cytochrome oxidase subunit 1 (COI) gene, partial cds; mitochondrial"
"1","                                                                                                                           "
"1","
MF545983.1 Morpho helenor voucher MACN-Bar-Lep-ct 01006 cytochrome oxidase subunit 1 (COI) gene, partial cds; mitochondrial"
"1","                                                                                                                           "
"1","
"
"1","                                                                                                                           "
"1"," HM406609.1 Morpho helenor peleides voucher YB-BCI305 cytochrome oxidase subunit 1 (COI) gene, partial cds; mitochondrial"
"1","
MZ335432.1 Morpho helenor voucher MACN-Bar-Lep-ct 06792 cytochrome oxidase subunit 1 (COI) gene, partial cds; mitochondrial"
"1","                                                                                                                         "
"1","
MZ335265.1 Morpho helenor voucher MACN-Bar-Lep-ct 06795 cytochrome oxidase subunit 1 (COI) gene, partial cds; mitochondrial"
"1","                                                                                                                         "
"1","
JN282556.1 Morpho helenor voucher NS-RR0118 cytochrome oxidase subunit 1 (COI) gene, partial cds; mitochondrial            "
"1","                                                                                                                         "
"1","
MF547258.1 Morpho helenor voucher MACN-Bar-Lep-ct 02212 cytochrome oxidase subunit 1 (COI) gene, partial cds; mitochondrial"
"1","                                                                                                                         "
"1","
MF547169.1 Morpho helenor voucher MACN-Bar-Lep-ct 02215 cytochrome oxidase subunit 1 (COI) gene, partial cds; mitochondrial"
"1","                                                                                                                         "
"1","
MF546171.1 Morpho helenor voucher MACN-Bar-Lep-ct 02533 cytochrome oxidase subunit 1 (COI) gene, partial cds; mitochondrial"
"1","                                                                                                                         "
"1","
MF545983.1 Morpho helenor voucher MACN-Bar-Lep-ct 01006 cytochrome oxidase subunit 1 (COI) gene, partial cds; mitochondrial"
"1","                                                                                                                         "
"1","
"
"1","                                                                                                                           "
"1"," HM406595.1 Morpho helenor peleides voucher YB-BCI22000 cytochrome oxidase subunit 1 (COI) gene, partial cds; mitochondrial"
"1","
MZ335432.1 Morpho helenor voucher MACN-Bar-Lep-ct 06792 cytochrome oxidase subunit 1 (COI) gene, partial cds; mitochondrial"
"1","                                                                                                                           "
"1","
MZ335265.1 Morpho helenor voucher MACN-Bar-Lep-ct 06795 cytochrome oxidase subunit 1 (COI) gene, partial cds; mitochondrial"
"1","                                                                                                                           "
"1","
JN282556.1 Morpho helenor voucher NS-RR0118 cytochrome oxidase subunit 1 (COI) gene, partial cds; mitochondrial            "
"1","                                                                                                                           "
"1","
MF547258.1 Morpho helenor voucher MACN-Bar-Lep-ct 02212 cytochrome oxidase subunit 1 (COI) gene, partial cds; mitochondrial"
"1","                                                                                                                           "
"1","
MF547169.1 Morpho helenor voucher MACN-Bar-Lep-ct 02215 cytochrome oxidase subunit 1 (COI) gene, partial cds; mitochondrial"
"1","                                                                                                                           "
"1","
MF546171.1 Morpho helenor voucher MACN-Bar-Lep-ct 02533 cytochrome oxidase subunit 1 (COI) gene, partial cds; mitochondrial"
"1","                                                                                                                           "
"1","
MF545983.1 Morpho helenor voucher MACN-Bar-Lep-ct 01006 cytochrome oxidase subunit 1 (COI) gene, partial cds; mitochondrial"
"1","                                                                                                                           "
"1","
"
"1","                                                                                                                           "
"1"," HM406581.1 Morpho helenor peleides voucher YB-BCI170 cytochrome oxidase subunit 1 (COI) gene, partial cds; mitochondrial"
"1","
MZ335432.1 Morpho helenor voucher MACN-Bar-Lep-ct 06792 cytochrome oxidase subunit 1 (COI) gene, partial cds; mitochondrial"
"1","                                                                                                                         "
"1","
MZ335265.1 Morpho helenor voucher MACN-Bar-Lep-ct 06795 cytochrome oxidase subunit 1 (COI) gene, partial cds; mitochondrial"
"1","                                                                                                                         "
"1","
JN282556.1 Morpho helenor voucher NS-RR0118 cytochrome oxidase subunit 1 (COI) gene, partial cds; mitochondrial            "
"1","                                                                                                                         "
"1","
MF547258.1 Morpho helenor voucher MACN-Bar-Lep-ct 02212 cytochrome oxidase subunit 1 (COI) gene, partial cds; mitochondrial"
"1","                                                                                                                         "
"1","
MF547169.1 Morpho helenor voucher MACN-Bar-Lep-ct 02215 cytochrome oxidase subunit 1 (COI) gene, partial cds; mitochondrial"
"1","                                                                                                                         "
"1","
MF546171.1 Morpho helenor voucher MACN-Bar-Lep-ct 02533 cytochrome oxidase subunit 1 (COI) gene, partial cds; mitochondrial"
"1","                                                                                                                         "
"1","
MF545983.1 Morpho helenor voucher MACN-Bar-Lep-ct 01006 cytochrome oxidase subunit 1 (COI) gene, partial cds; mitochondrial"
"1","                                                                                                                         "
"1","
"
"1","                                                                                                                           "
"1"," KP849129.1 Morpho helenor voucher YB-FD21698 cytochrome oxidase subunit 1 (COI) gene, partial cds; mitochondrial"
"1","
MZ335432.1 Morpho helenor voucher MACN-Bar-Lep-ct 06792 cytochrome oxidase subunit 1 (COI) gene, partial cds; mitochondrial"
"1","                                                                                                                 "
"1","
MZ335265.1 Morpho helenor voucher MACN-Bar-Lep-ct 06795 cytochrome oxidase subunit 1 (COI) gene, partial cds; mitochondrial"
"1","                                                                                                                 "
"1","
JN282556.1 Morpho helenor voucher NS-RR0118 cytochrome oxidase subunit 1 (COI) gene, partial cds; mitochondrial            "
"1","                                                                                                                 "
"1","
MF547258.1 Morpho helenor voucher MACN-Bar-Lep-ct 02212 cytochrome oxidase subunit 1 (COI) gene, partial cds; mitochondrial"
"1","                                                                                                                 "
"1","
MF547169.1 Morpho helenor voucher MACN-Bar-Lep-ct 02215 cytochrome oxidase subunit 1 (COI) gene, partial cds; mitochondrial"
"1","                                                                                                                 "
"1","
MF546171.1 Morpho helenor voucher MACN-Bar-Lep-ct 02533 cytochrome oxidase subunit 1 (COI) gene, partial cds; mitochondrial"
"1","                                                                                                                 "
"1","
MF545983.1 Morpho helenor voucher MACN-Bar-Lep-ct 01006 cytochrome oxidase subunit 1 (COI) gene, partial cds; mitochondrial"
"1","                                                                                                                 "
"1","
"
"1","                                                                                                                           "
"1"," KP849124.1 Morpho helenor voucher YB-FD21699 cytochrome oxidase subunit 1 (COI) gene, partial cds; mitochondrial"
"1","
MZ335432.1 Morpho helenor voucher MACN-Bar-Lep-ct 06792 cytochrome oxidase subunit 1 (COI) gene, partial cds; mitochondrial"
"1","                                                                                                                 "
"1","
MZ335265.1 Morpho helenor voucher MACN-Bar-Lep-ct 06795 cytochrome oxidase subunit 1 (COI) gene, partial cds; mitochondrial"
"1","                                                                                                                 "
"1","
JN282556.1 Morpho helenor voucher NS-RR0118 cytochrome oxidase subunit 1 (COI) gene, partial cds; mitochondrial            "
"1","                                                                                                                 "
"1","
MF547258.1 Morpho helenor voucher MACN-Bar-Lep-ct 02212 cytochrome oxidase subunit 1 (COI) gene, partial cds; mitochondrial"
"1","                                                                                                                 "
"1","
MF547169.1 Morpho helenor voucher MACN-Bar-Lep-ct 02215 cytochrome oxidase subunit 1 (COI) gene, partial cds; mitochondrial"
"1","                                                                                                                 "
"1","
MF546171.1 Morpho helenor voucher MACN-Bar-Lep-ct 02533 cytochrome oxidase subunit 1 (COI) gene, partial cds; mitochondrial"
"1","                                                                                                                 "
"1","
MF545983.1 Morpho helenor voucher MACN-Bar-Lep-ct 01006 cytochrome oxidase subunit 1 (COI) gene, partial cds; mitochondrial"
"1","                                                                                                                 "
"1","
"
"1","                                                                                                                           "
"1"," KP849121.1 Morpho helenor voucher YB-FD19298 cytochrome oxidase subunit 1 (COI) gene, partial cds; mitochondrial"
"1","
MZ335432.1 Morpho helenor voucher MACN-Bar-Lep-ct 06792 cytochrome oxidase subunit 1 (COI) gene, partial cds; mitochondrial"
"1","                                                                                                                 "
"1","
MZ335265.1 Morpho helenor voucher MACN-Bar-Lep-ct 06795 cytochrome oxidase subunit 1 (COI) gene, partial cds; mitochondrial"
"1","                                                                                                                 "
"1","
JN282556.1 Morpho helenor voucher NS-RR0118 cytochrome oxidase subunit 1 (COI) gene, partial cds; mitochondrial            "
"1","                                                                                                                 "
"1","
MF547258.1 Morpho helenor voucher MACN-Bar-Lep-ct 02212 cytochrome oxidase subunit 1 (COI) gene, partial cds; mitochondrial"
"1","                                                                                                                 "
"1","
MF547169.1 Morpho helenor voucher MACN-Bar-Lep-ct 02215 cytochrome oxidase subunit 1 (COI) gene, partial cds; mitochondrial"
"1","                                                                                                                 "
"1","
MF546171.1 Morpho helenor voucher MACN-Bar-Lep-ct 02533 cytochrome oxidase subunit 1 (COI) gene, partial cds; mitochondrial"
"1","                                                                                                                 "
"1","
MF545983.1 Morpho helenor voucher MACN-Bar-Lep-ct 01006 cytochrome oxidase subunit 1 (COI) gene, partial cds; mitochondrial"
"1","                                                                                                                 "
"1","
"
"1","                                                                                                                           "
"1"," HM406601.1 Morpho helenor peleides voucher YB-BCI2721 cytochrome oxidase subunit 1 (COI) gene, partial cds; mitochondrial"
"1","
MZ335432.1 Morpho helenor voucher MACN-Bar-Lep-ct 06792 cytochrome oxidase subunit 1 (COI) gene, partial cds; mitochondrial"
"1","                                                                                                                          "
"1","
MZ335265.1 Morpho helenor voucher MACN-Bar-Lep-ct 06795 cytochrome oxidase subunit 1 (COI) gene, partial cds; mitochondrial"
"1","                                                                                                                          "
"1","
JN282556.1 Morpho helenor voucher NS-RR0118 cytochrome oxidase subunit 1 (COI) gene, partial cds; mitochondrial            "
"1","                                                                                                                          "
"1","
MF547258.1 Morpho helenor voucher MACN-Bar-Lep-ct 02212 cytochrome oxidase subunit 1 (COI) gene, partial cds; mitochondrial"
"1","                                                                                                                          "
"1","
MF547169.1 Morpho helenor voucher MACN-Bar-Lep-ct 02215 cytochrome oxidase subunit 1 (COI) gene, partial cds; mitochondrial"
"1","                                                                                                                          "
"1","
MF546171.1 Morpho helenor voucher MACN-Bar-Lep-ct 02533 cytochrome oxidase subunit 1 (COI) gene, partial cds; mitochondrial"
"1","                                                                                                                          "
"1","
MF545983.1 Morpho helenor voucher MACN-Bar-Lep-ct 01006 cytochrome oxidase subunit 1 (COI) gene, partial cds; mitochondrial"
"1","                                                                                                                          "
"1","
"
"1","                                                                                                                           "
"1"," KP849123.1 Morpho helenor voucher YB-FD19301 cytochrome oxidase subunit 1 (COI) gene, partial cds; mitochondrial"
"1","
MZ335432.1 Morpho helenor voucher MACN-Bar-Lep-ct 06792 cytochrome oxidase subunit 1 (COI) gene, partial cds; mitochondrial"
"1","                                                                                                                 "
"1","
MZ335265.1 Morpho helenor voucher MACN-Bar-Lep-ct 06795 cytochrome oxidase subunit 1 (COI) gene, partial cds; mitochondrial"
"1","                                                                                                                 "
"1","
JN282556.1 Morpho helenor voucher NS-RR0118 cytochrome oxidase subunit 1 (COI) gene, partial cds; mitochondrial            "
"1","                                                                                                                 "
"1","
MF547258.1 Morpho helenor voucher MACN-Bar-Lep-ct 02212 cytochrome oxidase subunit 1 (COI) gene, partial cds; mitochondrial"
"1","                                                                                                                 "
"1","
MF547169.1 Morpho helenor voucher MACN-Bar-Lep-ct 02215 cytochrome oxidase subunit 1 (COI) gene, partial cds; mitochondrial"
"1","                                                                                                                 "
"1","
MF546171.1 Morpho helenor voucher MACN-Bar-Lep-ct 02533 cytochrome oxidase subunit 1 (COI) gene, partial cds; mitochondrial"
"1","                                                                                                                 "
"1","
MF545983.1 Morpho helenor voucher MACN-Bar-Lep-ct 01006 cytochrome oxidase subunit 1 (COI) gene, partial cds; mitochondrial"
"1","                                                                                                                 "
"1","
"
"1","                                                                                                                           "
"1"," KP849122.1 Morpho helenor voucher YB-FD21719 cytochrome oxidase subunit 1 (COI) gene, partial cds; mitochondrial"
"1","
MZ335432.1 Morpho helenor voucher MACN-Bar-Lep-ct 06792 cytochrome oxidase subunit 1 (COI) gene, partial cds; mitochondrial"
"1","                                                                                                                 "
"1","
MZ335265.1 Morpho helenor voucher MACN-Bar-Lep-ct 06795 cytochrome oxidase subunit 1 (COI) gene, partial cds; mitochondrial"
"1","                                                                                                                 "
"1","
JN282556.1 Morpho helenor voucher NS-RR0118 cytochrome oxidase subunit 1 (COI) gene, partial cds; mitochondrial            "
"1","                                                                                                                 "
"1","
MF547258.1 Morpho helenor voucher MACN-Bar-Lep-ct 02212 cytochrome oxidase subunit 1 (COI) gene, partial cds; mitochondrial"
"1","                                                                                                                 "
"1","
MF547169.1 Morpho helenor voucher MACN-Bar-Lep-ct 02215 cytochrome oxidase subunit 1 (COI) gene, partial cds; mitochondrial"
"1","                                                                                                                 "
"1","
MF546171.1 Morpho helenor voucher MACN-Bar-Lep-ct 02533 cytochrome oxidase subunit 1 (COI) gene, partial cds; mitochondrial"
"1","                                                                                                                 "
"1","
MF545983.1 Morpho helenor voucher MACN-Bar-Lep-ct 01006 cytochrome oxidase subunit 1 (COI) gene, partial cds; mitochondrial"
"1","                                                                                                                 "
"1","
"
"1","                                                                                                                           "
"1"," KP849126.1 Morpho helenor voucher YB-FD22586 cytochrome oxidase subunit 1 (COI) gene, partial cds; mitochondrial"
"1","
MZ335432.1 Morpho helenor voucher MACN-Bar-Lep-ct 06792 cytochrome oxidase subunit 1 (COI) gene, partial cds; mitochondrial"
"1","                                                                                                                 "
"1","
MZ335265.1 Morpho helenor voucher MACN-Bar-Lep-ct 06795 cytochrome oxidase subunit 1 (COI) gene, partial cds; mitochondrial"
"1","                                                                                                                 "
"1","
JN282556.1 Morpho helenor voucher NS-RR0118 cytochrome oxidase subunit 1 (COI) gene, partial cds; mitochondrial            "
"1","                                                                                                                 "
"1","
MF547258.1 Morpho helenor voucher MACN-Bar-Lep-ct 02212 cytochrome oxidase subunit 1 (COI) gene, partial cds; mitochondrial"
"1","                                                                                                                 "
"1","
MF547169.1 Morpho helenor voucher MACN-Bar-Lep-ct 02215 cytochrome oxidase subunit 1 (COI) gene, partial cds; mitochondrial"
"1","                                                                                                                 "
"1","
MF546171.1 Morpho helenor voucher MACN-Bar-Lep-ct 02533 cytochrome oxidase subunit 1 (COI) gene, partial cds; mitochondrial"
"1","                                                                                                                 "
"1","
MF545983.1 Morpho helenor voucher MACN-Bar-Lep-ct 01006 cytochrome oxidase subunit 1 (COI) gene, partial cds; mitochondrial"
"1","                                                                                                                 "
"1","
"
"1","                                                                                                                           "
"1"," KP849125.1 Morpho helenor voucher YB-FD22588 cytochrome oxidase subunit 1 (COI) gene, partial cds; mitochondrial"
"1","
MZ335432.1 Morpho helenor voucher MACN-Bar-Lep-ct 06792 cytochrome oxidase subunit 1 (COI) gene, partial cds; mitochondrial"
"1","                                                                                                                 "
"1","
MZ335265.1 Morpho helenor voucher MACN-Bar-Lep-ct 06795 cytochrome oxidase subunit 1 (COI) gene, partial cds; mitochondrial"
"1","                                                                                                                 "
"1","
JN282556.1 Morpho helenor voucher NS-RR0118 cytochrome oxidase subunit 1 (COI) gene, partial cds; mitochondrial            "
"1","                                                                                                                 "
"1","
MF547258.1 Morpho helenor voucher MACN-Bar-Lep-ct 02212 cytochrome oxidase subunit 1 (COI) gene, partial cds; mitochondrial"
"1","                                                                                                                 "
"1","
MF547169.1 Morpho helenor voucher MACN-Bar-Lep-ct 02215 cytochrome oxidase subunit 1 (COI) gene, partial cds; mitochondrial"
"1","                                                                                                                 "
"1","
MF546171.1 Morpho helenor voucher MACN-Bar-Lep-ct 02533 cytochrome oxidase subunit 1 (COI) gene, partial cds; mitochondrial"
"1","                                                                                                                 "
"1","
MF545983.1 Morpho helenor voucher MACN-Bar-Lep-ct 01006 cytochrome oxidase subunit 1 (COI) gene, partial cds; mitochondrial"
"1","                                                                                                                 "
"1","
"
"1","                                                                                                                           "
"1"," KP849127.1 Morpho helenor voucher YB-FD22585 cytochrome oxidase subunit 1 (COI) gene, partial cds; mitochondrial"
"1","
MZ335432.1 Morpho helenor voucher MACN-Bar-Lep-ct 06792 cytochrome oxidase subunit 1 (COI) gene, partial cds; mitochondrial"
"1","                                                                                                                 "
"1","
MZ335265.1 Morpho helenor voucher MACN-Bar-Lep-ct 06795 cytochrome oxidase subunit 1 (COI) gene, partial cds; mitochondrial"
"1","                                                                                                                 "
"1","
JN282556.1 Morpho helenor voucher NS-RR0118 cytochrome oxidase subunit 1 (COI) gene, partial cds; mitochondrial            "
"1","                                                                                                                 "
"1","
MF547258.1 Morpho helenor voucher MACN-Bar-Lep-ct 02212 cytochrome oxidase subunit 1 (COI) gene, partial cds; mitochondrial"
"1","                                                                                                                 "
"1","
MF547169.1 Morpho helenor voucher MACN-Bar-Lep-ct 02215 cytochrome oxidase subunit 1 (COI) gene, partial cds; mitochondrial"
"1","                                                                                                                 "
"1","
MF546171.1 Morpho helenor voucher MACN-Bar-Lep-ct 02533 cytochrome oxidase subunit 1 (COI) gene, partial cds; mitochondrial"
"1","                                                                                                                 "
"1","
MF545983.1 Morpho helenor voucher MACN-Bar-Lep-ct 01006 cytochrome oxidase subunit 1 (COI) gene, partial cds; mitochondrial"
"1","                                                                                                                 "
"1","
"
"1","                                                                                                                           "
"1"," KP849128.1 Morpho helenor voucher YB-FD22587 cytochrome oxidase subunit 1 (COI) gene, partial cds; mitochondrial"
"1","
MZ335432.1 Morpho helenor voucher MACN-Bar-Lep-ct 06792 cytochrome oxidase subunit 1 (COI) gene, partial cds; mitochondrial"
"1","                                                                                                                 "
"1","
MZ335265.1 Morpho helenor voucher MACN-Bar-Lep-ct 06795 cytochrome oxidase subunit 1 (COI) gene, partial cds; mitochondrial"
"1","                                                                                                                 "
"1","
JN282556.1 Morpho helenor voucher NS-RR0118 cytochrome oxidase subunit 1 (COI) gene, partial cds; mitochondrial            "
"1","                                                                                                                 "
"1","
MF547258.1 Morpho helenor voucher MACN-Bar-Lep-ct 02212 cytochrome oxidase subunit 1 (COI) gene, partial cds; mitochondrial"
"1","                                                                                                                 "
"1","
MF547169.1 Morpho helenor voucher MACN-Bar-Lep-ct 02215 cytochrome oxidase subunit 1 (COI) gene, partial cds; mitochondrial"
"1","                                                                                                                 "
"1","
MF546171.1 Morpho helenor voucher MACN-Bar-Lep-ct 02533 cytochrome oxidase subunit 1 (COI) gene, partial cds; mitochondrial"
"1","                                                                                                                 "
"1","
MF545983.1 Morpho helenor voucher MACN-Bar-Lep-ct 01006 cytochrome oxidase subunit 1 (COI) gene, partial cds; mitochondrial"
"1","                                                                                                                 "
"1","
"
"1","                                                                                                                           "
"1"," KP849130.1 Morpho helenor voucher YB-FD22589 cytochrome oxidase subunit 1 (COI) gene, partial cds; mitochondrial"
"1","
MZ335432.1 Morpho helenor voucher MACN-Bar-Lep-ct 06792 cytochrome oxidase subunit 1 (COI) gene, partial cds; mitochondrial"
"1","                                                                                                                 "
"1","
MZ335265.1 Morpho helenor voucher MACN-Bar-Lep-ct 06795 cytochrome oxidase subunit 1 (COI) gene, partial cds; mitochondrial"
"1","                                                                                                                 "
"1","
JN282556.1 Morpho helenor voucher NS-RR0118 cytochrome oxidase subunit 1 (COI) gene, partial cds; mitochondrial            "
"1","                                                                                                                 "
"1","
MF547258.1 Morpho helenor voucher MACN-Bar-Lep-ct 02212 cytochrome oxidase subunit 1 (COI) gene, partial cds; mitochondrial"
"1","                                                                                                                 "
"1","
MF547169.1 Morpho helenor voucher MACN-Bar-Lep-ct 02215 cytochrome oxidase subunit 1 (COI) gene, partial cds; mitochondrial"
"1","                                                                                                                 "
"1","
MF546171.1 Morpho helenor voucher MACN-Bar-Lep-ct 02533 cytochrome oxidase subunit 1 (COI) gene, partial cds; mitochondrial"
"1","                                                                                                                 "
"1","
MF545983.1 Morpho helenor voucher MACN-Bar-Lep-ct 01006 cytochrome oxidase subunit 1 (COI) gene, partial cds; mitochondrial"
"1","                                                                                                                 "
"1","
"
"1","                                                                                                                           "
"1"," HM388490.1 Morpho helenor voucher MAL-04026 cytochrome oxidase subunit 1 (COI) gene, partial cds; mitochondrial"
"1","
MZ335432.1 Morpho helenor voucher MACN-Bar-Lep-ct 06792 cytochrome oxidase subunit 1 (COI) gene, partial cds; mitochondrial"
"1","                                                                                                                "
"1","
MZ335265.1 Morpho helenor voucher MACN-Bar-Lep-ct 06795 cytochrome oxidase subunit 1 (COI) gene, partial cds; mitochondrial"
"1","                                                                                                                "
"1","
JN282556.1 Morpho helenor voucher NS-RR0118 cytochrome oxidase subunit 1 (COI) gene, partial cds; mitochondrial            "
"1","                                                                                                                "
"1","
MF547258.1 Morpho helenor voucher MACN-Bar-Lep-ct 02212 cytochrome oxidase subunit 1 (COI) gene, partial cds; mitochondrial"
"1","                                                                                                                "
"1","
MF547169.1 Morpho helenor voucher MACN-Bar-Lep-ct 02215 cytochrome oxidase subunit 1 (COI) gene, partial cds; mitochondrial"
"1","                                                                                                                "
"1","
MF546171.1 Morpho helenor voucher MACN-Bar-Lep-ct 02533 cytochrome oxidase subunit 1 (COI) gene, partial cds; mitochondrial"
"1","                                                                                                                "
"1","
MF545983.1 Morpho helenor voucher MACN-Bar-Lep-ct 01006 cytochrome oxidase subunit 1 (COI) gene, partial cds; mitochondrial"
"1","                                                                                                                "
"1","
"
"1","                                                                                                                           "
"1"," GU659031.1 Morpho helenor voucher MAL-04016 cytochrome oxidase subunit 1 (COI) gene, partial cds; mitochondrial"
"1","
MZ335432.1 Morpho helenor voucher MACN-Bar-Lep-ct 06792 cytochrome oxidase subunit 1 (COI) gene, partial cds; mitochondrial"
"1","                                                                                                                "
"1","
MZ335265.1 Morpho helenor voucher MACN-Bar-Lep-ct 06795 cytochrome oxidase subunit 1 (COI) gene, partial cds; mitochondrial"
"1","                                                                                                                "
"1","
JN282556.1 Morpho helenor voucher NS-RR0118 cytochrome oxidase subunit 1 (COI) gene, partial cds; mitochondrial            "
"1","                                                                                                                "
"1","
MF547258.1 Morpho helenor voucher MACN-Bar-Lep-ct 02212 cytochrome oxidase subunit 1 (COI) gene, partial cds; mitochondrial"
"1","                                                                                                                "
"1","
MF547169.1 Morpho helenor voucher MACN-Bar-Lep-ct 02215 cytochrome oxidase subunit 1 (COI) gene, partial cds; mitochondrial"
"1","                                                                                                                "
"1","
MF546171.1 Morpho helenor voucher MACN-Bar-Lep-ct 02533 cytochrome oxidase subunit 1 (COI) gene, partial cds; mitochondrial"
"1","                                                                                                                "
"1","
MF545983.1 Morpho helenor voucher MACN-Bar-Lep-ct 01006 cytochrome oxidase subunit 1 (COI) gene, partial cds; mitochondrial"
"1","                                                                                                                "
"1","
"
"1","                                                                                                                           "
"1"," HM388489.1 Morpho helenor voucher MAL-04020 cytochrome oxidase subunit 1 (COI) gene, partial cds; mitochondrial"
"1","
MZ335432.1 Morpho helenor voucher MACN-Bar-Lep-ct 06792 cytochrome oxidase subunit 1 (COI) gene, partial cds; mitochondrial"
"1","                                                                                                                "
"1","
MZ335265.1 Morpho helenor voucher MACN-Bar-Lep-ct 06795 cytochrome oxidase subunit 1 (COI) gene, partial cds; mitochondrial"
"1","                                                                                                                "
"1","
JN282556.1 Morpho helenor voucher NS-RR0118 cytochrome oxidase subunit 1 (COI) gene, partial cds; mitochondrial            "
"1","                                                                                                                "
"1","
MF547258.1 Morpho helenor voucher MACN-Bar-Lep-ct 02212 cytochrome oxidase subunit 1 (COI) gene, partial cds; mitochondrial"
"1","                                                                                                                "
"1","
MF547169.1 Morpho helenor voucher MACN-Bar-Lep-ct 02215 cytochrome oxidase subunit 1 (COI) gene, partial cds; mitochondrial"
"1","                                                                                                                "
"1","
MF546171.1 Morpho helenor voucher MACN-Bar-Lep-ct 02533 cytochrome oxidase subunit 1 (COI) gene, partial cds; mitochondrial"
"1","                                                                                                                "
"1","
MF545983.1 Morpho helenor voucher MACN-Bar-Lep-ct 01006 cytochrome oxidase subunit 1 (COI) gene, partial cds; mitochondrial"
"1","                                                                                                                "
"1","
"
"1","                                                                                                                           "
"1"," HM388488.1 Morpho helenor voucher MAL-04019 cytochrome oxidase subunit 1 (COI) gene, partial cds; mitochondrial"
"1","
MZ335432.1 Morpho helenor voucher MACN-Bar-Lep-ct 06792 cytochrome oxidase subunit 1 (COI) gene, partial cds; mitochondrial"
"1","                                                                                                                "
"1","
MZ335265.1 Morpho helenor voucher MACN-Bar-Lep-ct 06795 cytochrome oxidase subunit 1 (COI) gene, partial cds; mitochondrial"
"1","                                                                                                                "
"1","
JN282556.1 Morpho helenor voucher NS-RR0118 cytochrome oxidase subunit 1 (COI) gene, partial cds; mitochondrial            "
"1","                                                                                                                "
"1","
MF547258.1 Morpho helenor voucher MACN-Bar-Lep-ct 02212 cytochrome oxidase subunit 1 (COI) gene, partial cds; mitochondrial"
"1","                                                                                                                "
"1","
MF547169.1 Morpho helenor voucher MACN-Bar-Lep-ct 02215 cytochrome oxidase subunit 1 (COI) gene, partial cds; mitochondrial"
"1","                                                                                                                "
"1","
MF546171.1 Morpho helenor voucher MACN-Bar-Lep-ct 02533 cytochrome oxidase subunit 1 (COI) gene, partial cds; mitochondrial"
"1","                                                                                                                "
"1","
MF545983.1 Morpho helenor voucher MACN-Bar-Lep-ct 01006 cytochrome oxidase subunit 1 (COI) gene, partial cds; mitochondrial"
"1","                                                                                                                "
"1","
"
"1","                                                                                                                           "
"1"," HM388487.1 Morpho helenor voucher MAL-04012 cytochrome oxidase subunit 1 (COI) gene, partial cds; mitochondrial"
"1","
MZ335432.1 Morpho helenor voucher MACN-Bar-Lep-ct 06792 cytochrome oxidase subunit 1 (COI) gene, partial cds; mitochondrial"
"1","                                                                                                                "
"1","
MZ335265.1 Morpho helenor voucher MACN-Bar-Lep-ct 06795 cytochrome oxidase subunit 1 (COI) gene, partial cds; mitochondrial"
"1","                                                                                                                "
"1","
JN282556.1 Morpho helenor voucher NS-RR0118 cytochrome oxidase subunit 1 (COI) gene, partial cds; mitochondrial            "
"1","                                                                                                                "
"1","
MF547258.1 Morpho helenor voucher MACN-Bar-Lep-ct 02212 cytochrome oxidase subunit 1 (COI) gene, partial cds; mitochondrial"
"1","                                                                                                                "
"1","
MF547169.1 Morpho helenor voucher MACN-Bar-Lep-ct 02215 cytochrome oxidase subunit 1 (COI) gene, partial cds; mitochondrial"
"1","                                                                                                                "
"1","
MF546171.1 Morpho helenor voucher MACN-Bar-Lep-ct 02533 cytochrome oxidase subunit 1 (COI) gene, partial cds; mitochondrial"
"1","                                                                                                                "
"1","
MF545983.1 Morpho helenor voucher MACN-Bar-Lep-ct 01006 cytochrome oxidase subunit 1 (COI) gene, partial cds; mitochondrial"
"1","                                                                                                                "
"1","
"
"1","                                                                                                                           "
"1"," GU659034.1 Morpho helenor voucher MAL-04021 cytochrome oxidase subunit 1 (COI) gene, partial cds; mitochondrial"
"1","
MZ335432.1 Morpho helenor voucher MACN-Bar-Lep-ct 06792 cytochrome oxidase subunit 1 (COI) gene, partial cds; mitochondrial"
"1","                                                                                                                "
"1","
MZ335265.1 Morpho helenor voucher MACN-Bar-Lep-ct 06795 cytochrome oxidase subunit 1 (COI) gene, partial cds; mitochondrial"
"1","                                                                                                                "
"1","
JN282556.1 Morpho helenor voucher NS-RR0118 cytochrome oxidase subunit 1 (COI) gene, partial cds; mitochondrial            "
"1","                                                                                                                "
"1","
MF547258.1 Morpho helenor voucher MACN-Bar-Lep-ct 02212 cytochrome oxidase subunit 1 (COI) gene, partial cds; mitochondrial"
"1","                                                                                                                "
"1","
MF547169.1 Morpho helenor voucher MACN-Bar-Lep-ct 02215 cytochrome oxidase subunit 1 (COI) gene, partial cds; mitochondrial"
"1","                                                                                                                "
"1","
MF546171.1 Morpho helenor voucher MACN-Bar-Lep-ct 02533 cytochrome oxidase subunit 1 (COI) gene, partial cds; mitochondrial"
"1","                                                                                                                "
"1","
MF545983.1 Morpho helenor voucher MACN-Bar-Lep-ct 01006 cytochrome oxidase subunit 1 (COI) gene, partial cds; mitochondrial"
"1","                                                                                                                "
"1","
"
"1","                                                                                                                           "
"1"," GU659029.1 Morpho helenor voucher MAL-04024 cytochrome oxidase subunit 1 (COI) gene, partial cds; mitochondrial"
"1","
MZ335432.1 Morpho helenor voucher MACN-Bar-Lep-ct 06792 cytochrome oxidase subunit 1 (COI) gene, partial cds; mitochondrial"
"1","                                                                                                                "
"1","
MZ335265.1 Morpho helenor voucher MACN-Bar-Lep-ct 06795 cytochrome oxidase subunit 1 (COI) gene, partial cds; mitochondrial"
"1","                                                                                                                "
"1","
JN282556.1 Morpho helenor voucher NS-RR0118 cytochrome oxidase subunit 1 (COI) gene, partial cds; mitochondrial            "
"1","                                                                                                                "
"1","
MF547258.1 Morpho helenor voucher MACN-Bar-Lep-ct 02212 cytochrome oxidase subunit 1 (COI) gene, partial cds; mitochondrial"
"1","                                                                                                                "
"1","
MF547169.1 Morpho helenor voucher MACN-Bar-Lep-ct 02215 cytochrome oxidase subunit 1 (COI) gene, partial cds; mitochondrial"
"1","                                                                                                                "
"1","
MF546171.1 Morpho helenor voucher MACN-Bar-Lep-ct 02533 cytochrome oxidase subunit 1 (COI) gene, partial cds; mitochondrial"
"1","                                                                                                                "
"1","
MF545983.1 Morpho helenor voucher MACN-Bar-Lep-ct 01006 cytochrome oxidase subunit 1 (COI) gene, partial cds; mitochondrial"
"1","                                                                                                                "
"1","
"
"1","                                                                                                                           "
"1"," GU659028.1 Morpho helenor voucher MAL-04023 cytochrome oxidase subunit 1 (COI) gene, partial cds; mitochondrial"
"1","
MZ335432.1 Morpho helenor voucher MACN-Bar-Lep-ct 06792 cytochrome oxidase subunit 1 (COI) gene, partial cds; mitochondrial"
"1","                                                                                                                "
"1","
MZ335265.1 Morpho helenor voucher MACN-Bar-Lep-ct 06795 cytochrome oxidase subunit 1 (COI) gene, partial cds; mitochondrial"
"1","                                                                                                                "
"1","
JN282556.1 Morpho helenor voucher NS-RR0118 cytochrome oxidase subunit 1 (COI) gene, partial cds; mitochondrial            "
"1","                                                                                                                "
"1","
MF547258.1 Morpho helenor voucher MACN-Bar-Lep-ct 02212 cytochrome oxidase subunit 1 (COI) gene, partial cds; mitochondrial"
"1","                                                                                                                "
"1","
MF547169.1 Morpho helenor voucher MACN-Bar-Lep-ct 02215 cytochrome oxidase subunit 1 (COI) gene, partial cds; mitochondrial"
"1","                                                                                                                "
"1","
MF546171.1 Morpho helenor voucher MACN-Bar-Lep-ct 02533 cytochrome oxidase subunit 1 (COI) gene, partial cds; mitochondrial"
"1","                                                                                                                "
"1","
MF545983.1 Morpho helenor voucher MACN-Bar-Lep-ct 01006 cytochrome oxidase subunit 1 (COI) gene, partial cds; mitochondrial"
"1","                                                                                                                "
"1","
"
"1","                                                                                                                           "
"1"," GU659038.1 Morpho helenor voucher MAL-04015 cytochrome oxidase subunit 1 (COI) gene, partial cds; mitochondrial"
"1","
MZ335432.1 Morpho helenor voucher MACN-Bar-Lep-ct 06792 cytochrome oxidase subunit 1 (COI) gene, partial cds; mitochondrial"
"1","                                                                                                                "
"1","
MZ335265.1 Morpho helenor voucher MACN-Bar-Lep-ct 06795 cytochrome oxidase subunit 1 (COI) gene, partial cds; mitochondrial"
"1","                                                                                                                "
"1","
JN282556.1 Morpho helenor voucher NS-RR0118 cytochrome oxidase subunit 1 (COI) gene, partial cds; mitochondrial            "
"1","                                                                                                                "
"1","
MF547258.1 Morpho helenor voucher MACN-Bar-Lep-ct 02212 cytochrome oxidase subunit 1 (COI) gene, partial cds; mitochondrial"
"1","                                                                                                                "
"1","
MF547169.1 Morpho helenor voucher MACN-Bar-Lep-ct 02215 cytochrome oxidase subunit 1 (COI) gene, partial cds; mitochondrial"
"1","                                                                                                                "
"1","
MF546171.1 Morpho helenor voucher MACN-Bar-Lep-ct 02533 cytochrome oxidase subunit 1 (COI) gene, partial cds; mitochondrial"
"1","                                                                                                                "
"1","
MF545983.1 Morpho helenor voucher MACN-Bar-Lep-ct 01006 cytochrome oxidase subunit 1 (COI) gene, partial cds; mitochondrial"
"1","                                                                                                                "
"1","
"
"1","                                                                                                                           "
"1"," GU659033.1 Morpho helenor voucher MAL-04018 cytochrome oxidase subunit 1 (COI) gene, partial cds; mitochondrial"
"1","
MZ335432.1 Morpho helenor voucher MACN-Bar-Lep-ct 06792 cytochrome oxidase subunit 1 (COI) gene, partial cds; mitochondrial"
"1","                                                                                                                "
"1","
MZ335265.1 Morpho helenor voucher MACN-Bar-Lep-ct 06795 cytochrome oxidase subunit 1 (COI) gene, partial cds; mitochondrial"
"1","                                                                                                                "
"1","
JN282556.1 Morpho helenor voucher NS-RR0118 cytochrome oxidase subunit 1 (COI) gene, partial cds; mitochondrial            "
"1","                                                                                                                "
"1","
MF547258.1 Morpho helenor voucher MACN-Bar-Lep-ct 02212 cytochrome oxidase subunit 1 (COI) gene, partial cds; mitochondrial"
"1","                                                                                                                "
"1","
MF547169.1 Morpho helenor voucher MACN-Bar-Lep-ct 02215 cytochrome oxidase subunit 1 (COI) gene, partial cds; mitochondrial"
"1","                                                                                                                "
"1","
MF546171.1 Morpho helenor voucher MACN-Bar-Lep-ct 02533 cytochrome oxidase subunit 1 (COI) gene, partial cds; mitochondrial"
"1","                                                                                                                "
"1","
MF545983.1 Morpho helenor voucher MACN-Bar-Lep-ct 01006 cytochrome oxidase subunit 1 (COI) gene, partial cds; mitochondrial"
"1","                                                                                                                "
"1","
"
"1","                                                                                                                           "
"1"," GU659027.1 Morpho helenor voucher MAL-04022 cytochrome oxidase subunit 1 (COI) gene, partial cds; mitochondrial"
"1","
MZ335432.1 Morpho helenor voucher MACN-Bar-Lep-ct 06792 cytochrome oxidase subunit 1 (COI) gene, partial cds; mitochondrial"
"1","                                                                                                                "
"1","
MZ335265.1 Morpho helenor voucher MACN-Bar-Lep-ct 06795 cytochrome oxidase subunit 1 (COI) gene, partial cds; mitochondrial"
"1","                                                                                                                "
"1","
JN282556.1 Morpho helenor voucher NS-RR0118 cytochrome oxidase subunit 1 (COI) gene, partial cds; mitochondrial            "
"1","                                                                                                                "
"1","
MF547258.1 Morpho helenor voucher MACN-Bar-Lep-ct 02212 cytochrome oxidase subunit 1 (COI) gene, partial cds; mitochondrial"
"1","                                                                                                                "
"1","
MF547169.1 Morpho helenor voucher MACN-Bar-Lep-ct 02215 cytochrome oxidase subunit 1 (COI) gene, partial cds; mitochondrial"
"1","                                                                                                                "
"1","
MF546171.1 Morpho helenor voucher MACN-Bar-Lep-ct 02533 cytochrome oxidase subunit 1 (COI) gene, partial cds; mitochondrial"
"1","                                                                                                                "
"1","
MF545983.1 Morpho helenor voucher MACN-Bar-Lep-ct 01006 cytochrome oxidase subunit 1 (COI) gene, partial cds; mitochondrial"
"1","                                                                                                                "
"1","
"
"1","                                                                                                                           "
"1"," GU659032.1 Morpho helenor voucher MAL-04017 cytochrome oxidase subunit 1 (COI) gene, partial cds; mitochondrial"
"1","
MZ335432.1 Morpho helenor voucher MACN-Bar-Lep-ct 06792 cytochrome oxidase subunit 1 (COI) gene, partial cds; mitochondrial"
"1","                                                                                                                "
"1","
MZ335265.1 Morpho helenor voucher MACN-Bar-Lep-ct 06795 cytochrome oxidase subunit 1 (COI) gene, partial cds; mitochondrial"
"1","                                                                                                                "
"1","
JN282556.1 Morpho helenor voucher NS-RR0118 cytochrome oxidase subunit 1 (COI) gene, partial cds; mitochondrial            "
"1","                                                                                                                "
"1","
MF547258.1 Morpho helenor voucher MACN-Bar-Lep-ct 02212 cytochrome oxidase subunit 1 (COI) gene, partial cds; mitochondrial"
"1","                                                                                                                "
"1","
MF547169.1 Morpho helenor voucher MACN-Bar-Lep-ct 02215 cytochrome oxidase subunit 1 (COI) gene, partial cds; mitochondrial"
"1","                                                                                                                "
"1","
MF546171.1 Morpho helenor voucher MACN-Bar-Lep-ct 02533 cytochrome oxidase subunit 1 (COI) gene, partial cds; mitochondrial"
"1","                                                                                                                "
"1","
MF545983.1 Morpho helenor voucher MACN-Bar-Lep-ct 01006 cytochrome oxidase subunit 1 (COI) gene, partial cds; mitochondrial"
"1","                                                                                                                "
"1","
"
"1","                                                                                                                           "
"1"," GU659037.1 Morpho helenor voucher MAL-04011 cytochrome oxidase subunit 1 (COI) gene, partial cds; mitochondrial"
"1","
MZ335432.1 Morpho helenor voucher MACN-Bar-Lep-ct 06792 cytochrome oxidase subunit 1 (COI) gene, partial cds; mitochondrial"
"1","                                                                                                                "
"1","
MZ335265.1 Morpho helenor voucher MACN-Bar-Lep-ct 06795 cytochrome oxidase subunit 1 (COI) gene, partial cds; mitochondrial"
"1","                                                                                                                "
"1","
JN282556.1 Morpho helenor voucher NS-RR0118 cytochrome oxidase subunit 1 (COI) gene, partial cds; mitochondrial            "
"1","                                                                                                                "
"1","
MF547258.1 Morpho helenor voucher MACN-Bar-Lep-ct 02212 cytochrome oxidase subunit 1 (COI) gene, partial cds; mitochondrial"
"1","                                                                                                                "
"1","
MF547169.1 Morpho helenor voucher MACN-Bar-Lep-ct 02215 cytochrome oxidase subunit 1 (COI) gene, partial cds; mitochondrial"
"1","                                                                                                                "
"1","
MF546171.1 Morpho helenor voucher MACN-Bar-Lep-ct 02533 cytochrome oxidase subunit 1 (COI) gene, partial cds; mitochondrial"
"1","                                                                                                                "
"1","
MF545983.1 Morpho helenor voucher MACN-Bar-Lep-ct 01006 cytochrome oxidase subunit 1 (COI) gene, partial cds; mitochondrial"
"1","                                                                                                                "
"1","
"
"1","                                                                                                                           "
"1"," GU659030.1 Morpho helenor voucher MAL-04025 cytochrome oxidase subunit 1 (COI) gene, partial cds; mitochondrial"
"1","
MZ335432.1 Morpho helenor voucher MACN-Bar-Lep-ct 06792 cytochrome oxidase subunit 1 (COI) gene, partial cds; mitochondrial"
"1","                                                                                                                "
"1","
MZ335265.1 Morpho helenor voucher MACN-Bar-Lep-ct 06795 cytochrome oxidase subunit 1 (COI) gene, partial cds; mitochondrial"
"1","                                                                                                                "
"1","
JN282556.1 Morpho helenor voucher NS-RR0118 cytochrome oxidase subunit 1 (COI) gene, partial cds; mitochondrial            "
"1","                                                                                                                "
"1","
MF547258.1 Morpho helenor voucher MACN-Bar-Lep-ct 02212 cytochrome oxidase subunit 1 (COI) gene, partial cds; mitochondrial"
"1","                                                                                                                "
"1","
MF547169.1 Morpho helenor voucher MACN-Bar-Lep-ct 02215 cytochrome oxidase subunit 1 (COI) gene, partial cds; mitochondrial"
"1","                                                                                                                "
"1","
MF546171.1 Morpho helenor voucher MACN-Bar-Lep-ct 02533 cytochrome oxidase subunit 1 (COI) gene, partial cds; mitochondrial"
"1","                                                                                                                "
"1","
MF545983.1 Morpho helenor voucher MACN-Bar-Lep-ct 01006 cytochrome oxidase subunit 1 (COI) gene, partial cds; mitochondrial"
"1","                                                                                                                "
"1","
"
"1","                                                                                                                           "
"1"," JQ536399.1 Morpho helenor cytochrome oxidase subunit 1 (COI) gene, partial cds; mitochondrial"
"1","
MZ335432.1 Morpho helenor voucher MACN-Bar-Lep-ct 06792 cytochrome oxidase subunit 1 (COI) gene, partial cds; mitochondrial"
"1","                                                                                              "
"1","
MZ335265.1 Morpho helenor voucher MACN-Bar-Lep-ct 06795 cytochrome oxidase subunit 1 (COI) gene, partial cds; mitochondrial"
"1","                                                                                              "
"1","
JN282556.1 Morpho helenor voucher NS-RR0118 cytochrome oxidase subunit 1 (COI) gene, partial cds; mitochondrial            "
"1","                                                                                              "
"1","
MF547258.1 Morpho helenor voucher MACN-Bar-Lep-ct 02212 cytochrome oxidase subunit 1 (COI) gene, partial cds; mitochondrial"
"1","                                                                                              "
"1","
MF547169.1 Morpho helenor voucher MACN-Bar-Lep-ct 02215 cytochrome oxidase subunit 1 (COI) gene, partial cds; mitochondrial"
"1","                                                                                              "
"1","
MF546171.1 Morpho helenor voucher MACN-Bar-Lep-ct 02533 cytochrome oxidase subunit 1 (COI) gene, partial cds; mitochondrial"
"1","                                                                                              "
"1","
MF545983.1 Morpho helenor voucher MACN-Bar-Lep-ct 01006 cytochrome oxidase subunit 1 (COI) gene, partial cds; mitochondrial"
"1","                                                                                              "
"1","
"
"1","                                                                                                                           "
"1"," JQ535938.1 Morpho helenor cytochrome oxidase subunit 1 (COI) gene, partial cds; mitochondrial"
"1","
MZ335432.1 Morpho helenor voucher MACN-Bar-Lep-ct 06792 cytochrome oxidase subunit 1 (COI) gene, partial cds; mitochondrial"
"1","                                                                                              "
"1","
MZ335265.1 Morpho helenor voucher MACN-Bar-Lep-ct 06795 cytochrome oxidase subunit 1 (COI) gene, partial cds; mitochondrial"
"1","                                                                                              "
"1","
JN282556.1 Morpho helenor voucher NS-RR0118 cytochrome oxidase subunit 1 (COI) gene, partial cds; mitochondrial            "
"1","                                                                                              "
"1","
MF547258.1 Morpho helenor voucher MACN-Bar-Lep-ct 02212 cytochrome oxidase subunit 1 (COI) gene, partial cds; mitochondrial"
"1","                                                                                              "
"1","
MF547169.1 Morpho helenor voucher MACN-Bar-Lep-ct 02215 cytochrome oxidase subunit 1 (COI) gene, partial cds; mitochondrial"
"1","                                                                                              "
"1","
MF546171.1 Morpho helenor voucher MACN-Bar-Lep-ct 02533 cytochrome oxidase subunit 1 (COI) gene, partial cds; mitochondrial"
"1","                                                                                              "
"1","
MF545983.1 Morpho helenor voucher MACN-Bar-Lep-ct 01006 cytochrome oxidase subunit 1 (COI) gene, partial cds; mitochondrial"
"1","                                                                                              "
"1","
"
"1","                                                                                                                           "
"1"," GU157439.1 Morpho helenor cytochrome oxidase subunit 1 (COI) gene, partial cds; mitochondrial"
"1","
MZ335432.1 Morpho helenor voucher MACN-Bar-Lep-ct 06792 cytochrome oxidase subunit 1 (COI) gene, partial cds; mitochondrial"
"1","                                                                                              "
"1","
MZ335265.1 Morpho helenor voucher MACN-Bar-Lep-ct 06795 cytochrome oxidase subunit 1 (COI) gene, partial cds; mitochondrial"
"1","                                                                                              "
"1","
JN282556.1 Morpho helenor voucher NS-RR0118 cytochrome oxidase subunit 1 (COI) gene, partial cds; mitochondrial            "
"1","                                                                                              "
"1","
MF547258.1 Morpho helenor voucher MACN-Bar-Lep-ct 02212 cytochrome oxidase subunit 1 (COI) gene, partial cds; mitochondrial"
"1","                                                                                              "
"1","
MF547169.1 Morpho helenor voucher MACN-Bar-Lep-ct 02215 cytochrome oxidase subunit 1 (COI) gene, partial cds; mitochondrial"
"1","                                                                                              "
"1","
MF546171.1 Morpho helenor voucher MACN-Bar-Lep-ct 02533 cytochrome oxidase subunit 1 (COI) gene, partial cds; mitochondrial"
"1","                                                                                              "
"1","
MF545983.1 Morpho helenor voucher MACN-Bar-Lep-ct 01006 cytochrome oxidase subunit 1 (COI) gene, partial cds; mitochondrial"
"1","                                                                                              "
"1","
"
"1","                                                                                                                           "
"1"," GU157454.1 Morpho helenor cytochrome oxidase subunit 1 (COI) gene, partial cds; mitochondrial"
"1","
MZ335432.1 Morpho helenor voucher MACN-Bar-Lep-ct 06792 cytochrome oxidase subunit 1 (COI) gene, partial cds; mitochondrial"
"1","                                                                                              "
"1","
MZ335265.1 Morpho helenor voucher MACN-Bar-Lep-ct 06795 cytochrome oxidase subunit 1 (COI) gene, partial cds; mitochondrial"
"1","                                                                                              "
"1","
JN282556.1 Morpho helenor voucher NS-RR0118 cytochrome oxidase subunit 1 (COI) gene, partial cds; mitochondrial            "
"1","                                                                                              "
"1","
MF547258.1 Morpho helenor voucher MACN-Bar-Lep-ct 02212 cytochrome oxidase subunit 1 (COI) gene, partial cds; mitochondrial"
"1","                                                                                              "
"1","
MF547169.1 Morpho helenor voucher MACN-Bar-Lep-ct 02215 cytochrome oxidase subunit 1 (COI) gene, partial cds; mitochondrial"
"1","                                                                                              "
"1","
MF546171.1 Morpho helenor voucher MACN-Bar-Lep-ct 02533 cytochrome oxidase subunit 1 (COI) gene, partial cds; mitochondrial"
"1","                                                                                              "
"1","
MF545983.1 Morpho helenor voucher MACN-Bar-Lep-ct 01006 cytochrome oxidase subunit 1 (COI) gene, partial cds; mitochondrial"
"1","                                                                                              "
"1","
"
"1","                                                                                                                           "
"1"," JQ535943.1 Morpho helenor cytochrome oxidase subunit 1 (COI) gene, partial cds; mitochondrial"
"1","
MZ335432.1 Morpho helenor voucher MACN-Bar-Lep-ct 06792 cytochrome oxidase subunit 1 (COI) gene, partial cds; mitochondrial"
"1","                                                                                              "
"1","
MZ335265.1 Morpho helenor voucher MACN-Bar-Lep-ct 06795 cytochrome oxidase subunit 1 (COI) gene, partial cds; mitochondrial"
"1","                                                                                              "
"1","
JN282556.1 Morpho helenor voucher NS-RR0118 cytochrome oxidase subunit 1 (COI) gene, partial cds; mitochondrial            "
"1","                                                                                              "
"1","
MF547258.1 Morpho helenor voucher MACN-Bar-Lep-ct 02212 cytochrome oxidase subunit 1 (COI) gene, partial cds; mitochondrial"
"1","                                                                                              "
"1","
MF547169.1 Morpho helenor voucher MACN-Bar-Lep-ct 02215 cytochrome oxidase subunit 1 (COI) gene, partial cds; mitochondrial"
"1","                                                                                              "
"1","
MF546171.1 Morpho helenor voucher MACN-Bar-Lep-ct 02533 cytochrome oxidase subunit 1 (COI) gene, partial cds; mitochondrial"
"1","                                                                                              "
"1","
MF545983.1 Morpho helenor voucher MACN-Bar-Lep-ct 01006 cytochrome oxidase subunit 1 (COI) gene, partial cds; mitochondrial"
"1","                                                                                              "
"1","
"
"1","                                                                                                                           "
"1"," JQ535942.1 Morpho helenor cytochrome oxidase subunit 1 (COI) gene, partial cds; mitochondrial"
"1","
MZ335432.1 Morpho helenor voucher MACN-Bar-Lep-ct 06792 cytochrome oxidase subunit 1 (COI) gene, partial cds; mitochondrial"
"1","                                                                                              "
"1","
MZ335265.1 Morpho helenor voucher MACN-Bar-Lep-ct 06795 cytochrome oxidase subunit 1 (COI) gene, partial cds; mitochondrial"
"1","                                                                                              "
"1","
JN282556.1 Morpho helenor voucher NS-RR0118 cytochrome oxidase subunit 1 (COI) gene, partial cds; mitochondrial            "
"1","                                                                                              "
"1","
MF547258.1 Morpho helenor voucher MACN-Bar-Lep-ct 02212 cytochrome oxidase subunit 1 (COI) gene, partial cds; mitochondrial"
"1","                                                                                              "
"1","
MF547169.1 Morpho helenor voucher MACN-Bar-Lep-ct 02215 cytochrome oxidase subunit 1 (COI) gene, partial cds; mitochondrial"
"1","                                                                                              "
"1","
MF546171.1 Morpho helenor voucher MACN-Bar-Lep-ct 02533 cytochrome oxidase subunit 1 (COI) gene, partial cds; mitochondrial"
"1","                                                                                              "
"1","
MF545983.1 Morpho helenor voucher MACN-Bar-Lep-ct 01006 cytochrome oxidase subunit 1 (COI) gene, partial cds; mitochondrial"
"1","                                                                                              "
"1","
"
"1","                                                                                                                           "
"1"," JQ535941.1 Morpho helenor cytochrome oxidase subunit 1 (COI) gene, partial cds; mitochondrial"
"1","
MZ335432.1 Morpho helenor voucher MACN-Bar-Lep-ct 06792 cytochrome oxidase subunit 1 (COI) gene, partial cds; mitochondrial"
"1","                                                                                              "
"1","
MZ335265.1 Morpho helenor voucher MACN-Bar-Lep-ct 06795 cytochrome oxidase subunit 1 (COI) gene, partial cds; mitochondrial"
"1","                                                                                              "
"1","
JN282556.1 Morpho helenor voucher NS-RR0118 cytochrome oxidase subunit 1 (COI) gene, partial cds; mitochondrial            "
"1","                                                                                              "
"1","
MF547258.1 Morpho helenor voucher MACN-Bar-Lep-ct 02212 cytochrome oxidase subunit 1 (COI) gene, partial cds; mitochondrial"
"1","                                                                                              "
"1","
MF547169.1 Morpho helenor voucher MACN-Bar-Lep-ct 02215 cytochrome oxidase subunit 1 (COI) gene, partial cds; mitochondrial"
"1","                                                                                              "
"1","
MF546171.1 Morpho helenor voucher MACN-Bar-Lep-ct 02533 cytochrome oxidase subunit 1 (COI) gene, partial cds; mitochondrial"
"1","                                                                                              "
"1","
MF545983.1 Morpho helenor voucher MACN-Bar-Lep-ct 01006 cytochrome oxidase subunit 1 (COI) gene, partial cds; mitochondrial"
"1","                                                                                              "
"1","
"
"1","                                                                                                                           "
"1"," JQ535937.1 Morpho helenor cytochrome oxidase subunit 1 (COI) gene, partial cds; mitochondrial"
"1","
MZ335432.1 Morpho helenor voucher MACN-Bar-Lep-ct 06792 cytochrome oxidase subunit 1 (COI) gene, partial cds; mitochondrial"
"1","                                                                                              "
"1","
MZ335265.1 Morpho helenor voucher MACN-Bar-Lep-ct 06795 cytochrome oxidase subunit 1 (COI) gene, partial cds; mitochondrial"
"1","                                                                                              "
"1","
JN282556.1 Morpho helenor voucher NS-RR0118 cytochrome oxidase subunit 1 (COI) gene, partial cds; mitochondrial            "
"1","                                                                                              "
"1","
MF547258.1 Morpho helenor voucher MACN-Bar-Lep-ct 02212 cytochrome oxidase subunit 1 (COI) gene, partial cds; mitochondrial"
"1","                                                                                              "
"1","
MF547169.1 Morpho helenor voucher MACN-Bar-Lep-ct 02215 cytochrome oxidase subunit 1 (COI) gene, partial cds; mitochondrial"
"1","                                                                                              "
"1","
MF546171.1 Morpho helenor voucher MACN-Bar-Lep-ct 02533 cytochrome oxidase subunit 1 (COI) gene, partial cds; mitochondrial"
"1","                                                                                              "
"1","
MF545983.1 Morpho helenor voucher MACN-Bar-Lep-ct 01006 cytochrome oxidase subunit 1 (COI) gene, partial cds; mitochondrial"
"1","                                                                                              "
"1","
"
"1","                                                                                                                           "
"1"," JQ535936.1 Morpho helenor cytochrome oxidase subunit 1 (COI) gene, partial cds; mitochondrial"
"1","
MZ335432.1 Morpho helenor voucher MACN-Bar-Lep-ct 06792 cytochrome oxidase subunit 1 (COI) gene, partial cds; mitochondrial"
"1","                                                                                              "
"1","
MZ335265.1 Morpho helenor voucher MACN-Bar-Lep-ct 06795 cytochrome oxidase subunit 1 (COI) gene, partial cds; mitochondrial"
"1","                                                                                              "
"1","
JN282556.1 Morpho helenor voucher NS-RR0118 cytochrome oxidase subunit 1 (COI) gene, partial cds; mitochondrial            "
"1","                                                                                              "
"1","
MF547258.1 Morpho helenor voucher MACN-Bar-Lep-ct 02212 cytochrome oxidase subunit 1 (COI) gene, partial cds; mitochondrial"
"1","                                                                                              "
"1","
MF547169.1 Morpho helenor voucher MACN-Bar-Lep-ct 02215 cytochrome oxidase subunit 1 (COI) gene, partial cds; mitochondrial"
"1","                                                                                              "
"1","
MF546171.1 Morpho helenor voucher MACN-Bar-Lep-ct 02533 cytochrome oxidase subunit 1 (COI) gene, partial cds; mitochondrial"
"1","                                                                                              "
"1","
MF545983.1 Morpho helenor voucher MACN-Bar-Lep-ct 01006 cytochrome oxidase subunit 1 (COI) gene, partial cds; mitochondrial"
"1","                                                                                              "
"1","
"
"1","                                                                                                                           "
"1"," JQ535933.1 Morpho helenor cytochrome oxidase subunit 1 (COI) gene, partial cds; mitochondrial"
"1","
MZ335432.1 Morpho helenor voucher MACN-Bar-Lep-ct 06792 cytochrome oxidase subunit 1 (COI) gene, partial cds; mitochondrial"
"1","                                                                                              "
"1","
MZ335265.1 Morpho helenor voucher MACN-Bar-Lep-ct 06795 cytochrome oxidase subunit 1 (COI) gene, partial cds; mitochondrial"
"1","                                                                                              "
"1","
JN282556.1 Morpho helenor voucher NS-RR0118 cytochrome oxidase subunit 1 (COI) gene, partial cds; mitochondrial            "
"1","                                                                                              "
"1","
MF547258.1 Morpho helenor voucher MACN-Bar-Lep-ct 02212 cytochrome oxidase subunit 1 (COI) gene, partial cds; mitochondrial"
"1","                                                                                              "
"1","
MF547169.1 Morpho helenor voucher MACN-Bar-Lep-ct 02215 cytochrome oxidase subunit 1 (COI) gene, partial cds; mitochondrial"
"1","                                                                                              "
"1","
MF546171.1 Morpho helenor voucher MACN-Bar-Lep-ct 02533 cytochrome oxidase subunit 1 (COI) gene, partial cds; mitochondrial"
"1","                                                                                              "
"1","
MF545983.1 Morpho helenor voucher MACN-Bar-Lep-ct 01006 cytochrome oxidase subunit 1 (COI) gene, partial cds; mitochondrial"
"1","                                                                                              "
"1","
"
"1","                                                                                                                           "
"1"," JQ535931.1 Morpho helenor cytochrome oxidase subunit 1 (COI) gene, partial cds; mitochondrial"
"1","
MZ335432.1 Morpho helenor voucher MACN-Bar-Lep-ct 06792 cytochrome oxidase subunit 1 (COI) gene, partial cds; mitochondrial"
"1","                                                                                              "
"1","
MZ335265.1 Morpho helenor voucher MACN-Bar-Lep-ct 06795 cytochrome oxidase subunit 1 (COI) gene, partial cds; mitochondrial"
"1","                                                                                              "
"1","
JN282556.1 Morpho helenor voucher NS-RR0118 cytochrome oxidase subunit 1 (COI) gene, partial cds; mitochondrial            "
"1","                                                                                              "
"1","
MF547258.1 Morpho helenor voucher MACN-Bar-Lep-ct 02212 cytochrome oxidase subunit 1 (COI) gene, partial cds; mitochondrial"
"1","                                                                                              "
"1","
MF547169.1 Morpho helenor voucher MACN-Bar-Lep-ct 02215 cytochrome oxidase subunit 1 (COI) gene, partial cds; mitochondrial"
"1","                                                                                              "
"1","
MF546171.1 Morpho helenor voucher MACN-Bar-Lep-ct 02533 cytochrome oxidase subunit 1 (COI) gene, partial cds; mitochondrial"
"1","                                                                                              "
"1","
MF545983.1 Morpho helenor voucher MACN-Bar-Lep-ct 01006 cytochrome oxidase subunit 1 (COI) gene, partial cds; mitochondrial"
"1","                                                                                              "
"1","
"
"1","                                                                                                                           "
"1"," GU157437.1 Morpho helenor cytochrome oxidase subunit 1 (COI) gene, partial cds; mitochondrial"
"1","
MZ335432.1 Morpho helenor voucher MACN-Bar-Lep-ct 06792 cytochrome oxidase subunit 1 (COI) gene, partial cds; mitochondrial"
"1","                                                                                              "
"1","
MZ335265.1 Morpho helenor voucher MACN-Bar-Lep-ct 06795 cytochrome oxidase subunit 1 (COI) gene, partial cds; mitochondrial"
"1","                                                                                              "
"1","
JN282556.1 Morpho helenor voucher NS-RR0118 cytochrome oxidase subunit 1 (COI) gene, partial cds; mitochondrial            "
"1","                                                                                              "
"1","
MF547258.1 Morpho helenor voucher MACN-Bar-Lep-ct 02212 cytochrome oxidase subunit 1 (COI) gene, partial cds; mitochondrial"
"1","                                                                                              "
"1","
MF547169.1 Morpho helenor voucher MACN-Bar-Lep-ct 02215 cytochrome oxidase subunit 1 (COI) gene, partial cds; mitochondrial"
"1","                                                                                              "
"1","
MF546171.1 Morpho helenor voucher MACN-Bar-Lep-ct 02533 cytochrome oxidase subunit 1 (COI) gene, partial cds; mitochondrial"
"1","                                                                                              "
"1","
MF545983.1 Morpho helenor voucher MACN-Bar-Lep-ct 01006 cytochrome oxidase subunit 1 (COI) gene, partial cds; mitochondrial"
"1","                                                                                              "
"1","
"
"1","                                                                                                                           "
"1"," JQ536382.1 Morpho helenor cytochrome oxidase subunit 1 (COI) gene, partial cds; mitochondrial"
"1","
MZ335432.1 Morpho helenor voucher MACN-Bar-Lep-ct 06792 cytochrome oxidase subunit 1 (COI) gene, partial cds; mitochondrial"
"1","                                                                                              "
"1","
MZ335265.1 Morpho helenor voucher MACN-Bar-Lep-ct 06795 cytochrome oxidase subunit 1 (COI) gene, partial cds; mitochondrial"
"1","                                                                                              "
"1","
JN282556.1 Morpho helenor voucher NS-RR0118 cytochrome oxidase subunit 1 (COI) gene, partial cds; mitochondrial            "
"1","                                                                                              "
"1","
MF547258.1 Morpho helenor voucher MACN-Bar-Lep-ct 02212 cytochrome oxidase subunit 1 (COI) gene, partial cds; mitochondrial"
"1","                                                                                              "
"1","
MF547169.1 Morpho helenor voucher MACN-Bar-Lep-ct 02215 cytochrome oxidase subunit 1 (COI) gene, partial cds; mitochondrial"
"1","                                                                                              "
"1","
MF546171.1 Morpho helenor voucher MACN-Bar-Lep-ct 02533 cytochrome oxidase subunit 1 (COI) gene, partial cds; mitochondrial"
"1","                                                                                              "
"1","
MF545983.1 Morpho helenor voucher MACN-Bar-Lep-ct 01006 cytochrome oxidase subunit 1 (COI) gene, partial cds; mitochondrial"
"1","                                                                                              "
"1","
"
"1","                                                                                                                           "
"1"," JQ535934.1 Morpho helenor cytochrome oxidase subunit 1 (COI) gene, partial cds; mitochondrial"
"1","
MZ335432.1 Morpho helenor voucher MACN-Bar-Lep-ct 06792 cytochrome oxidase subunit 1 (COI) gene, partial cds; mitochondrial"
"1","                                                                                              "
"1","
MZ335265.1 Morpho helenor voucher MACN-Bar-Lep-ct 06795 cytochrome oxidase subunit 1 (COI) gene, partial cds; mitochondrial"
"1","                                                                                              "
"1","
JN282556.1 Morpho helenor voucher NS-RR0118 cytochrome oxidase subunit 1 (COI) gene, partial cds; mitochondrial            "
"1","                                                                                              "
"1","
MF547258.1 Morpho helenor voucher MACN-Bar-Lep-ct 02212 cytochrome oxidase subunit 1 (COI) gene, partial cds; mitochondrial"
"1","                                                                                              "
"1","
MF547169.1 Morpho helenor voucher MACN-Bar-Lep-ct 02215 cytochrome oxidase subunit 1 (COI) gene, partial cds; mitochondrial"
"1","                                                                                              "
"1","
MF546171.1 Morpho helenor voucher MACN-Bar-Lep-ct 02533 cytochrome oxidase subunit 1 (COI) gene, partial cds; mitochondrial"
"1","                                                                                              "
"1","
MF545983.1 Morpho helenor voucher MACN-Bar-Lep-ct 01006 cytochrome oxidase subunit 1 (COI) gene, partial cds; mitochondrial"
"1","                                                                                              "
"1","
"
"1","                                                                                                                           "
"1"," JQ536372.1 Morpho helenor cytochrome oxidase subunit 1 (COI) gene, partial cds; mitochondrial"
"1","
MZ335432.1 Morpho helenor voucher MACN-Bar-Lep-ct 06792 cytochrome oxidase subunit 1 (COI) gene, partial cds; mitochondrial"
"1","                                                                                              "
"1","
MZ335265.1 Morpho helenor voucher MACN-Bar-Lep-ct 06795 cytochrome oxidase subunit 1 (COI) gene, partial cds; mitochondrial"
"1","                                                                                              "
"1","
JN282556.1 Morpho helenor voucher NS-RR0118 cytochrome oxidase subunit 1 (COI) gene, partial cds; mitochondrial            "
"1","                                                                                              "
"1","
MF547258.1 Morpho helenor voucher MACN-Bar-Lep-ct 02212 cytochrome oxidase subunit 1 (COI) gene, partial cds; mitochondrial"
"1","                                                                                              "
"1","
MF547169.1 Morpho helenor voucher MACN-Bar-Lep-ct 02215 cytochrome oxidase subunit 1 (COI) gene, partial cds; mitochondrial"
"1","                                                                                              "
"1","
MF546171.1 Morpho helenor voucher MACN-Bar-Lep-ct 02533 cytochrome oxidase subunit 1 (COI) gene, partial cds; mitochondrial"
"1","                                                                                              "
"1","
MF545983.1 Morpho helenor voucher MACN-Bar-Lep-ct 01006 cytochrome oxidase subunit 1 (COI) gene, partial cds; mitochondrial"
"1","                                                                                              "
"1","
"
"1","                                                                                                                           "
"1"," GU334222.1 Morpho helenor cytochrome oxidase subunit I (COI) gene, partial cds; mitochondrial"
"1","
MZ335432.1 Morpho helenor voucher MACN-Bar-Lep-ct 06792 cytochrome oxidase subunit 1 (COI) gene, partial cds; mitochondrial"
"1","                                                                                              "
"1","
MZ335265.1 Morpho helenor voucher MACN-Bar-Lep-ct 06795 cytochrome oxidase subunit 1 (COI) gene, partial cds; mitochondrial"
"1","                                                                                              "
"1","
JN282556.1 Morpho helenor voucher NS-RR0118 cytochrome oxidase subunit 1 (COI) gene, partial cds; mitochondrial            "
"1","                                                                                              "
"1","
MF547258.1 Morpho helenor voucher MACN-Bar-Lep-ct 02212 cytochrome oxidase subunit 1 (COI) gene, partial cds; mitochondrial"
"1","                                                                                              "
"1","
MF547169.1 Morpho helenor voucher MACN-Bar-Lep-ct 02215 cytochrome oxidase subunit 1 (COI) gene, partial cds; mitochondrial"
"1","                                                                                              "
"1","
MF546171.1 Morpho helenor voucher MACN-Bar-Lep-ct 02533 cytochrome oxidase subunit 1 (COI) gene, partial cds; mitochondrial"
"1","                                                                                              "
"1","
MF545983.1 Morpho helenor voucher MACN-Bar-Lep-ct 01006 cytochrome oxidase subunit 1 (COI) gene, partial cds; mitochondrial"
"1","                                                                                              "
"1","
"
"1","                                                                                                                           "
"1"," JQ536392.1 Morpho helenor cytochrome oxidase subunit 1 (COI) gene, partial cds; mitochondrial"
"1","
MZ335432.1 Morpho helenor voucher MACN-Bar-Lep-ct 06792 cytochrome oxidase subunit 1 (COI) gene, partial cds; mitochondrial"
"1","                                                                                              "
"1","
MZ335265.1 Morpho helenor voucher MACN-Bar-Lep-ct 06795 cytochrome oxidase subunit 1 (COI) gene, partial cds; mitochondrial"
"1","                                                                                              "
"1","
JN282556.1 Morpho helenor voucher NS-RR0118 cytochrome oxidase subunit 1 (COI) gene, partial cds; mitochondrial            "
"1","                                                                                              "
"1","
MF547258.1 Morpho helenor voucher MACN-Bar-Lep-ct 02212 cytochrome oxidase subunit 1 (COI) gene, partial cds; mitochondrial"
"1","                                                                                              "
"1","
MF547169.1 Morpho helenor voucher MACN-Bar-Lep-ct 02215 cytochrome oxidase subunit 1 (COI) gene, partial cds; mitochondrial"
"1","                                                                                              "
"1","
MF546171.1 Morpho helenor voucher MACN-Bar-Lep-ct 02533 cytochrome oxidase subunit 1 (COI) gene, partial cds; mitochondrial"
"1","                                                                                              "
"1","
MF545983.1 Morpho helenor voucher MACN-Bar-Lep-ct 01006 cytochrome oxidase subunit 1 (COI) gene, partial cds; mitochondrial"
"1","                                                                                              "
"1","
"
"1","                                                                                                                           "
"1"," JQ539207.1 Morpho helenor cytochrome oxidase subunit 1 (COI) gene, partial cds; mitochondrial"
"1","
MZ335432.1 Morpho helenor voucher MACN-Bar-Lep-ct 06792 cytochrome oxidase subunit 1 (COI) gene, partial cds; mitochondrial"
"1","                                                                                              "
"1","
MZ335265.1 Morpho helenor voucher MACN-Bar-Lep-ct 06795 cytochrome oxidase subunit 1 (COI) gene, partial cds; mitochondrial"
"1","                                                                                              "
"1","
JN282556.1 Morpho helenor voucher NS-RR0118 cytochrome oxidase subunit 1 (COI) gene, partial cds; mitochondrial            "
"1","                                                                                              "
"1","
MF547258.1 Morpho helenor voucher MACN-Bar-Lep-ct 02212 cytochrome oxidase subunit 1 (COI) gene, partial cds; mitochondrial"
"1","                                                                                              "
"1","
MF547169.1 Morpho helenor voucher MACN-Bar-Lep-ct 02215 cytochrome oxidase subunit 1 (COI) gene, partial cds; mitochondrial"
"1","                                                                                              "
"1","
MF546171.1 Morpho helenor voucher MACN-Bar-Lep-ct 02533 cytochrome oxidase subunit 1 (COI) gene, partial cds; mitochondrial"
"1","                                                                                              "
"1","
MF545983.1 Morpho helenor voucher MACN-Bar-Lep-ct 01006 cytochrome oxidase subunit 1 (COI) gene, partial cds; mitochondrial"
"1","                                                                                              "
"1","
"
"1","                                                                                                                           "
"1"," JQ536398.1 Morpho helenor cytochrome oxidase subunit 1 (COI) gene, partial cds; mitochondrial"
"1","
MZ335432.1 Morpho helenor voucher MACN-Bar-Lep-ct 06792 cytochrome oxidase subunit 1 (COI) gene, partial cds; mitochondrial"
"1","                                                                                              "
"1","
MZ335265.1 Morpho helenor voucher MACN-Bar-Lep-ct 06795 cytochrome oxidase subunit 1 (COI) gene, partial cds; mitochondrial"
"1","                                                                                              "
"1","
JN282556.1 Morpho helenor voucher NS-RR0118 cytochrome oxidase subunit 1 (COI) gene, partial cds; mitochondrial            "
"1","                                                                                              "
"1","
MF547258.1 Morpho helenor voucher MACN-Bar-Lep-ct 02212 cytochrome oxidase subunit 1 (COI) gene, partial cds; mitochondrial"
"1","                                                                                              "
"1","
MF547169.1 Morpho helenor voucher MACN-Bar-Lep-ct 02215 cytochrome oxidase subunit 1 (COI) gene, partial cds; mitochondrial"
"1","                                                                                              "
"1","
MF546171.1 Morpho helenor voucher MACN-Bar-Lep-ct 02533 cytochrome oxidase subunit 1 (COI) gene, partial cds; mitochondrial"
"1","                                                                                              "
"1","
MF545983.1 Morpho helenor voucher MACN-Bar-Lep-ct 01006 cytochrome oxidase subunit 1 (COI) gene, partial cds; mitochondrial"
"1","                                                                                              "
"1","
"
"1","                                                                                                                           "
"1"," JQ536394.1 Morpho helenor cytochrome oxidase subunit 1 (COI) gene, partial cds; mitochondrial"
"1","
MZ335432.1 Morpho helenor voucher MACN-Bar-Lep-ct 06792 cytochrome oxidase subunit 1 (COI) gene, partial cds; mitochondrial"
"1","                                                                                              "
"1","
MZ335265.1 Morpho helenor voucher MACN-Bar-Lep-ct 06795 cytochrome oxidase subunit 1 (COI) gene, partial cds; mitochondrial"
"1","                                                                                              "
"1","
JN282556.1 Morpho helenor voucher NS-RR0118 cytochrome oxidase subunit 1 (COI) gene, partial cds; mitochondrial            "
"1","                                                                                              "
"1","
MF547258.1 Morpho helenor voucher MACN-Bar-Lep-ct 02212 cytochrome oxidase subunit 1 (COI) gene, partial cds; mitochondrial"
"1","                                                                                              "
"1","
MF547169.1 Morpho helenor voucher MACN-Bar-Lep-ct 02215 cytochrome oxidase subunit 1 (COI) gene, partial cds; mitochondrial"
"1","                                                                                              "
"1","
MF546171.1 Morpho helenor voucher MACN-Bar-Lep-ct 02533 cytochrome oxidase subunit 1 (COI) gene, partial cds; mitochondrial"
"1","                                                                                              "
"1","
MF545983.1 Morpho helenor voucher MACN-Bar-Lep-ct 01006 cytochrome oxidase subunit 1 (COI) gene, partial cds; mitochondrial"
"1","                                                                                              "
"1","
"
"1","                                                                                                                           "
"1"," JQ535935.1 Morpho helenor cytochrome oxidase subunit 1 (COI) gene, partial cds; mitochondrial"
"1","
MZ335432.1 Morpho helenor voucher MACN-Bar-Lep-ct 06792 cytochrome oxidase subunit 1 (COI) gene, partial cds; mitochondrial"
"1","                                                                                              "
"1","
MZ335265.1 Morpho helenor voucher MACN-Bar-Lep-ct 06795 cytochrome oxidase subunit 1 (COI) gene, partial cds; mitochondrial"
"1","                                                                                              "
"1","
JN282556.1 Morpho helenor voucher NS-RR0118 cytochrome oxidase subunit 1 (COI) gene, partial cds; mitochondrial            "
"1","                                                                                              "
"1","
MF547258.1 Morpho helenor voucher MACN-Bar-Lep-ct 02212 cytochrome oxidase subunit 1 (COI) gene, partial cds; mitochondrial"
"1","                                                                                              "
"1","
MF547169.1 Morpho helenor voucher MACN-Bar-Lep-ct 02215 cytochrome oxidase subunit 1 (COI) gene, partial cds; mitochondrial"
"1","                                                                                              "
"1","
MF546171.1 Morpho helenor voucher MACN-Bar-Lep-ct 02533 cytochrome oxidase subunit 1 (COI) gene, partial cds; mitochondrial"
"1","                                                                                              "
"1","
MF545983.1 Morpho helenor voucher MACN-Bar-Lep-ct 01006 cytochrome oxidase subunit 1 (COI) gene, partial cds; mitochondrial"
"1","                                                                                              "
"1","
"
"1","                                                                                                                           "
"1"," JQ526953.1 Morpho helenor cytochrome oxidase subunit 1 (COI) gene, partial cds; mitochondrial"
"1","
MZ335432.1 Morpho helenor voucher MACN-Bar-Lep-ct 06792 cytochrome oxidase subunit 1 (COI) gene, partial cds; mitochondrial"
"1","                                                                                              "
"1","
MZ335265.1 Morpho helenor voucher MACN-Bar-Lep-ct 06795 cytochrome oxidase subunit 1 (COI) gene, partial cds; mitochondrial"
"1","                                                                                              "
"1","
JN282556.1 Morpho helenor voucher NS-RR0118 cytochrome oxidase subunit 1 (COI) gene, partial cds; mitochondrial            "
"1","                                                                                              "
"1","
MF547258.1 Morpho helenor voucher MACN-Bar-Lep-ct 02212 cytochrome oxidase subunit 1 (COI) gene, partial cds; mitochondrial"
"1","                                                                                              "
"1","
MF547169.1 Morpho helenor voucher MACN-Bar-Lep-ct 02215 cytochrome oxidase subunit 1 (COI) gene, partial cds; mitochondrial"
"1","                                                                                              "
"1","
MF546171.1 Morpho helenor voucher MACN-Bar-Lep-ct 02533 cytochrome oxidase subunit 1 (COI) gene, partial cds; mitochondrial"
"1","                                                                                              "
"1","
MF545983.1 Morpho helenor voucher MACN-Bar-Lep-ct 01006 cytochrome oxidase subunit 1 (COI) gene, partial cds; mitochondrial"
"1","                                                                                              "
"1","
"
"1","                                                                                                                           "
"1"," GU334226.2 Morpho helenor cytochrome oxidase subunit I (COI) gene, partial cds; mitochondrial"
"1","
MZ335432.1 Morpho helenor voucher MACN-Bar-Lep-ct 06792 cytochrome oxidase subunit 1 (COI) gene, partial cds; mitochondrial"
"1","                                                                                              "
"1","
MZ335265.1 Morpho helenor voucher MACN-Bar-Lep-ct 06795 cytochrome oxidase subunit 1 (COI) gene, partial cds; mitochondrial"
"1","                                                                                              "
"1","
JN282556.1 Morpho helenor voucher NS-RR0118 cytochrome oxidase subunit 1 (COI) gene, partial cds; mitochondrial            "
"1","                                                                                              "
"1","
MF547258.1 Morpho helenor voucher MACN-Bar-Lep-ct 02212 cytochrome oxidase subunit 1 (COI) gene, partial cds; mitochondrial"
"1","                                                                                              "
"1","
MF547169.1 Morpho helenor voucher MACN-Bar-Lep-ct 02215 cytochrome oxidase subunit 1 (COI) gene, partial cds; mitochondrial"
"1","                                                                                              "
"1","
MF546171.1 Morpho helenor voucher MACN-Bar-Lep-ct 02533 cytochrome oxidase subunit 1 (COI) gene, partial cds; mitochondrial"
"1","                                                                                              "
"1","
MF545983.1 Morpho helenor voucher MACN-Bar-Lep-ct 01006 cytochrome oxidase subunit 1 (COI) gene, partial cds; mitochondrial"
"1","                                                                                              "
"1","
"
"1","                                                                                                                           "
"1"," GU334218.1 Morpho helenor cytochrome oxidase subunit I (COI) gene, partial cds; mitochondrial"
"1","
MZ335432.1 Morpho helenor voucher MACN-Bar-Lep-ct 06792 cytochrome oxidase subunit 1 (COI) gene, partial cds; mitochondrial"
"1","                                                                                              "
"1","
MZ335265.1 Morpho helenor voucher MACN-Bar-Lep-ct 06795 cytochrome oxidase subunit 1 (COI) gene, partial cds; mitochondrial"
"1","                                                                                              "
"1","
JN282556.1 Morpho helenor voucher NS-RR0118 cytochrome oxidase subunit 1 (COI) gene, partial cds; mitochondrial            "
"1","                                                                                              "
"1","
MF547258.1 Morpho helenor voucher MACN-Bar-Lep-ct 02212 cytochrome oxidase subunit 1 (COI) gene, partial cds; mitochondrial"
"1","                                                                                              "
"1","
MF547169.1 Morpho helenor voucher MACN-Bar-Lep-ct 02215 cytochrome oxidase subunit 1 (COI) gene, partial cds; mitochondrial"
"1","                                                                                              "
"1","
MF546171.1 Morpho helenor voucher MACN-Bar-Lep-ct 02533 cytochrome oxidase subunit 1 (COI) gene, partial cds; mitochondrial"
"1","                                                                                              "
"1","
MF545983.1 Morpho helenor voucher MACN-Bar-Lep-ct 01006 cytochrome oxidase subunit 1 (COI) gene, partial cds; mitochondrial"
"1","                                                                                              "
"1","
"
"1","                                                                                                                           "
"1"," GU157447.1 Morpho helenor cytochrome oxidase subunit 1 (COI) gene, partial cds; mitochondrial"
"1","
MZ335432.1 Morpho helenor voucher MACN-Bar-Lep-ct 06792 cytochrome oxidase subunit 1 (COI) gene, partial cds; mitochondrial"
"1","                                                                                              "
"1","
MZ335265.1 Morpho helenor voucher MACN-Bar-Lep-ct 06795 cytochrome oxidase subunit 1 (COI) gene, partial cds; mitochondrial"
"1","                                                                                              "
"1","
JN282556.1 Morpho helenor voucher NS-RR0118 cytochrome oxidase subunit 1 (COI) gene, partial cds; mitochondrial            "
"1","                                                                                              "
"1","
MF547258.1 Morpho helenor voucher MACN-Bar-Lep-ct 02212 cytochrome oxidase subunit 1 (COI) gene, partial cds; mitochondrial"
"1","                                                                                              "
"1","
MF547169.1 Morpho helenor voucher MACN-Bar-Lep-ct 02215 cytochrome oxidase subunit 1 (COI) gene, partial cds; mitochondrial"
"1","                                                                                              "
"1","
MF546171.1 Morpho helenor voucher MACN-Bar-Lep-ct 02533 cytochrome oxidase subunit 1 (COI) gene, partial cds; mitochondrial"
"1","                                                                                              "
"1","
MF545983.1 Morpho helenor voucher MACN-Bar-Lep-ct 01006 cytochrome oxidase subunit 1 (COI) gene, partial cds; mitochondrial"
"1","                                                                                              "
"1","
"
"1","                                                                                                                           "
"1"," GU157441.1 Morpho helenor cytochrome oxidase subunit 1 (COI) gene, partial cds; mitochondrial"
"1","
MZ335432.1 Morpho helenor voucher MACN-Bar-Lep-ct 06792 cytochrome oxidase subunit 1 (COI) gene, partial cds; mitochondrial"
"1","                                                                                              "
"1","
MZ335265.1 Morpho helenor voucher MACN-Bar-Lep-ct 06795 cytochrome oxidase subunit 1 (COI) gene, partial cds; mitochondrial"
"1","                                                                                              "
"1","
JN282556.1 Morpho helenor voucher NS-RR0118 cytochrome oxidase subunit 1 (COI) gene, partial cds; mitochondrial            "
"1","                                                                                              "
"1","
MF547258.1 Morpho helenor voucher MACN-Bar-Lep-ct 02212 cytochrome oxidase subunit 1 (COI) gene, partial cds; mitochondrial"
"1","                                                                                              "
"1","
MF547169.1 Morpho helenor voucher MACN-Bar-Lep-ct 02215 cytochrome oxidase subunit 1 (COI) gene, partial cds; mitochondrial"
"1","                                                                                              "
"1","
MF546171.1 Morpho helenor voucher MACN-Bar-Lep-ct 02533 cytochrome oxidase subunit 1 (COI) gene, partial cds; mitochondrial"
"1","                                                                                              "
"1","
MF545983.1 Morpho helenor voucher MACN-Bar-Lep-ct 01006 cytochrome oxidase subunit 1 (COI) gene, partial cds; mitochondrial"
"1","                                                                                              "
"1","
"
"1","                                                                                                                           "
"1"," GU334219.1 Morpho helenor cytochrome oxidase subunit 1 (COI) gene, partial cds; mitochondrial"
"1","
MZ335432.1 Morpho helenor voucher MACN-Bar-Lep-ct 06792 cytochrome oxidase subunit 1 (COI) gene, partial cds; mitochondrial"
"1","                                                                                              "
"1","
MZ335265.1 Morpho helenor voucher MACN-Bar-Lep-ct 06795 cytochrome oxidase subunit 1 (COI) gene, partial cds; mitochondrial"
"1","                                                                                              "
"1","
JN282556.1 Morpho helenor voucher NS-RR0118 cytochrome oxidase subunit 1 (COI) gene, partial cds; mitochondrial            "
"1","                                                                                              "
"1","
MF547258.1 Morpho helenor voucher MACN-Bar-Lep-ct 02212 cytochrome oxidase subunit 1 (COI) gene, partial cds; mitochondrial"
"1","                                                                                              "
"1","
MF547169.1 Morpho helenor voucher MACN-Bar-Lep-ct 02215 cytochrome oxidase subunit 1 (COI) gene, partial cds; mitochondrial"
"1","                                                                                              "
"1","
MF546171.1 Morpho helenor voucher MACN-Bar-Lep-ct 02533 cytochrome oxidase subunit 1 (COI) gene, partial cds; mitochondrial"
"1","                                                                                              "
"1","
MF545983.1 Morpho helenor voucher MACN-Bar-Lep-ct 01006 cytochrome oxidase subunit 1 (COI) gene, partial cds; mitochondrial"
"1","                                                                                              "
"1","
"
"1","                                                                                                                           "
"1"," GU157436.1 Morpho helenor cytochrome oxidase subunit 1 (COI) gene, partial cds; mitochondrial"
"1","
MZ335432.1 Morpho helenor voucher MACN-Bar-Lep-ct 06792 cytochrome oxidase subunit 1 (COI) gene, partial cds; mitochondrial"
"1","                                                                                              "
"1","
MZ335265.1 Morpho helenor voucher MACN-Bar-Lep-ct 06795 cytochrome oxidase subunit 1 (COI) gene, partial cds; mitochondrial"
"1","                                                                                              "
"1","
JN282556.1 Morpho helenor voucher NS-RR0118 cytochrome oxidase subunit 1 (COI) gene, partial cds; mitochondrial            "
"1","                                                                                              "
"1","
MF547258.1 Morpho helenor voucher MACN-Bar-Lep-ct 02212 cytochrome oxidase subunit 1 (COI) gene, partial cds; mitochondrial"
"1","                                                                                              "
"1","
MF547169.1 Morpho helenor voucher MACN-Bar-Lep-ct 02215 cytochrome oxidase subunit 1 (COI) gene, partial cds; mitochondrial"
"1","                                                                                              "
"1","
MF546171.1 Morpho helenor voucher MACN-Bar-Lep-ct 02533 cytochrome oxidase subunit 1 (COI) gene, partial cds; mitochondrial"
"1","                                                                                              "
"1","
MF545983.1 Morpho helenor voucher MACN-Bar-Lep-ct 01006 cytochrome oxidase subunit 1 (COI) gene, partial cds; mitochondrial"
"1","                                                                                              "
"1","
"
"1","                                                                                                                           "
"1"," GU157449.1 Morpho helenor cytochrome oxidase subunit 1 (COI) gene, partial cds; mitochondrial"
"1","
MZ335432.1 Morpho helenor voucher MACN-Bar-Lep-ct 06792 cytochrome oxidase subunit 1 (COI) gene, partial cds; mitochondrial"
"1","                                                                                              "
"1","
MZ335265.1 Morpho helenor voucher MACN-Bar-Lep-ct 06795 cytochrome oxidase subunit 1 (COI) gene, partial cds; mitochondrial"
"1","                                                                                              "
"1","
JN282556.1 Morpho helenor voucher NS-RR0118 cytochrome oxidase subunit 1 (COI) gene, partial cds; mitochondrial            "
"1","                                                                                              "
"1","
MF547258.1 Morpho helenor voucher MACN-Bar-Lep-ct 02212 cytochrome oxidase subunit 1 (COI) gene, partial cds; mitochondrial"
"1","                                                                                              "
"1","
MF547169.1 Morpho helenor voucher MACN-Bar-Lep-ct 02215 cytochrome oxidase subunit 1 (COI) gene, partial cds; mitochondrial"
"1","                                                                                              "
"1","
MF546171.1 Morpho helenor voucher MACN-Bar-Lep-ct 02533 cytochrome oxidase subunit 1 (COI) gene, partial cds; mitochondrial"
"1","                                                                                              "
"1","
MF545983.1 Morpho helenor voucher MACN-Bar-Lep-ct 01006 cytochrome oxidase subunit 1 (COI) gene, partial cds; mitochondrial"
"1","                                                                                              "
"1","
"
"1","                                                                                                                           "
"1"," JQ536400.1 Morpho helenor cytochrome oxidase subunit 1 (COI) gene, partial cds; mitochondrial"
"1","
MZ335432.1 Morpho helenor voucher MACN-Bar-Lep-ct 06792 cytochrome oxidase subunit 1 (COI) gene, partial cds; mitochondrial"
"1","                                                                                              "
"1","
MZ335265.1 Morpho helenor voucher MACN-Bar-Lep-ct 06795 cytochrome oxidase subunit 1 (COI) gene, partial cds; mitochondrial"
"1","                                                                                              "
"1","
JN282556.1 Morpho helenor voucher NS-RR0118 cytochrome oxidase subunit 1 (COI) gene, partial cds; mitochondrial            "
"1","                                                                                              "
"1","
MF547258.1 Morpho helenor voucher MACN-Bar-Lep-ct 02212 cytochrome oxidase subunit 1 (COI) gene, partial cds; mitochondrial"
"1","                                                                                              "
"1","
MF547169.1 Morpho helenor voucher MACN-Bar-Lep-ct 02215 cytochrome oxidase subunit 1 (COI) gene, partial cds; mitochondrial"
"1","                                                                                              "
"1","
MF546171.1 Morpho helenor voucher MACN-Bar-Lep-ct 02533 cytochrome oxidase subunit 1 (COI) gene, partial cds; mitochondrial"
"1","                                                                                              "
"1","
MF545983.1 Morpho helenor voucher MACN-Bar-Lep-ct 01006 cytochrome oxidase subunit 1 (COI) gene, partial cds; mitochondrial"
"1","                                                                                              "
"1","
"
"1","                                                                                                                           "
"1"," JQ536395.1 Morpho helenor cytochrome oxidase subunit 1 (COI) gene, partial cds; mitochondrial"
"1","
MZ335432.1 Morpho helenor voucher MACN-Bar-Lep-ct 06792 cytochrome oxidase subunit 1 (COI) gene, partial cds; mitochondrial"
"1","                                                                                              "
"1","
MZ335265.1 Morpho helenor voucher MACN-Bar-Lep-ct 06795 cytochrome oxidase subunit 1 (COI) gene, partial cds; mitochondrial"
"1","                                                                                              "
"1","
JN282556.1 Morpho helenor voucher NS-RR0118 cytochrome oxidase subunit 1 (COI) gene, partial cds; mitochondrial            "
"1","                                                                                              "
"1","
MF547258.1 Morpho helenor voucher MACN-Bar-Lep-ct 02212 cytochrome oxidase subunit 1 (COI) gene, partial cds; mitochondrial"
"1","                                                                                              "
"1","
MF547169.1 Morpho helenor voucher MACN-Bar-Lep-ct 02215 cytochrome oxidase subunit 1 (COI) gene, partial cds; mitochondrial"
"1","                                                                                              "
"1","
MF546171.1 Morpho helenor voucher MACN-Bar-Lep-ct 02533 cytochrome oxidase subunit 1 (COI) gene, partial cds; mitochondrial"
"1","                                                                                              "
"1","
MF545983.1 Morpho helenor voucher MACN-Bar-Lep-ct 01006 cytochrome oxidase subunit 1 (COI) gene, partial cds; mitochondrial"
"1","                                                                                              "
"1","
"
"1","                                                                                                                           "
"1"," JQ535944.1 Morpho helenor cytochrome oxidase subunit 1 (COI) gene, partial cds; mitochondrial"
"1","
MZ335432.1 Morpho helenor voucher MACN-Bar-Lep-ct 06792 cytochrome oxidase subunit 1 (COI) gene, partial cds; mitochondrial"
"1","                                                                                              "
"1","
MZ335265.1 Morpho helenor voucher MACN-Bar-Lep-ct 06795 cytochrome oxidase subunit 1 (COI) gene, partial cds; mitochondrial"
"1","                                                                                              "
"1","
JN282556.1 Morpho helenor voucher NS-RR0118 cytochrome oxidase subunit 1 (COI) gene, partial cds; mitochondrial            "
"1","                                                                                              "
"1","
MF547258.1 Morpho helenor voucher MACN-Bar-Lep-ct 02212 cytochrome oxidase subunit 1 (COI) gene, partial cds; mitochondrial"
"1","                                                                                              "
"1","
MF547169.1 Morpho helenor voucher MACN-Bar-Lep-ct 02215 cytochrome oxidase subunit 1 (COI) gene, partial cds; mitochondrial"
"1","                                                                                              "
"1","
MF546171.1 Morpho helenor voucher MACN-Bar-Lep-ct 02533 cytochrome oxidase subunit 1 (COI) gene, partial cds; mitochondrial"
"1","                                                                                              "
"1","
MF545983.1 Morpho helenor voucher MACN-Bar-Lep-ct 01006 cytochrome oxidase subunit 1 (COI) gene, partial cds; mitochondrial"
"1","                                                                                              "
"1","
"
"1","                                                                                                                           "
"1"," JQ535927.1 Morpho helenor cytochrome oxidase subunit 1 (COI) gene, partial cds; mitochondrial"
"1","
MZ335432.1 Morpho helenor voucher MACN-Bar-Lep-ct 06792 cytochrome oxidase subunit 1 (COI) gene, partial cds; mitochondrial"
"1","                                                                                              "
"1","
MZ335265.1 Morpho helenor voucher MACN-Bar-Lep-ct 06795 cytochrome oxidase subunit 1 (COI) gene, partial cds; mitochondrial"
"1","                                                                                              "
"1","
JN282556.1 Morpho helenor voucher NS-RR0118 cytochrome oxidase subunit 1 (COI) gene, partial cds; mitochondrial            "
"1","                                                                                              "
"1","
MF547258.1 Morpho helenor voucher MACN-Bar-Lep-ct 02212 cytochrome oxidase subunit 1 (COI) gene, partial cds; mitochondrial"
"1","                                                                                              "
"1","
MF547169.1 Morpho helenor voucher MACN-Bar-Lep-ct 02215 cytochrome oxidase subunit 1 (COI) gene, partial cds; mitochondrial"
"1","                                                                                              "
"1","
MF546171.1 Morpho helenor voucher MACN-Bar-Lep-ct 02533 cytochrome oxidase subunit 1 (COI) gene, partial cds; mitochondrial"
"1","                                                                                              "
"1","
MF545983.1 Morpho helenor voucher MACN-Bar-Lep-ct 01006 cytochrome oxidase subunit 1 (COI) gene, partial cds; mitochondrial"
"1","                                                                                              "
"1","
"
"1","                                                                                                                           "
"1"," JQ548310.1 Morpho helenor cytochrome oxidase subunit 1 (COI) gene, partial cds; mitochondrial"
"1","
MZ335432.1 Morpho helenor voucher MACN-Bar-Lep-ct 06792 cytochrome oxidase subunit 1 (COI) gene, partial cds; mitochondrial"
"1","                                                                                              "
"1","
MZ335265.1 Morpho helenor voucher MACN-Bar-Lep-ct 06795 cytochrome oxidase subunit 1 (COI) gene, partial cds; mitochondrial"
"1","                                                                                              "
"1","
JN282556.1 Morpho helenor voucher NS-RR0118 cytochrome oxidase subunit 1 (COI) gene, partial cds; mitochondrial            "
"1","                                                                                              "
"1","
MF547258.1 Morpho helenor voucher MACN-Bar-Lep-ct 02212 cytochrome oxidase subunit 1 (COI) gene, partial cds; mitochondrial"
"1","                                                                                              "
"1","
MF547169.1 Morpho helenor voucher MACN-Bar-Lep-ct 02215 cytochrome oxidase subunit 1 (COI) gene, partial cds; mitochondrial"
"1","                                                                                              "
"1","
MF546171.1 Morpho helenor voucher MACN-Bar-Lep-ct 02533 cytochrome oxidase subunit 1 (COI) gene, partial cds; mitochondrial"
"1","                                                                                              "
"1","
MF545983.1 Morpho helenor voucher MACN-Bar-Lep-ct 01006 cytochrome oxidase subunit 1 (COI) gene, partial cds; mitochondrial"
"1","                                                                                              "
"1","
"
"1","                                                                                                                           "
"1"," GU334221.2 Morpho helenor cytochrome oxidase subunit I (COI) gene, partial cds; mitochondrial"
"1","
MZ335432.1 Morpho helenor voucher MACN-Bar-Lep-ct 06792 cytochrome oxidase subunit 1 (COI) gene, partial cds; mitochondrial"
"1","                                                                                              "
"1","
MZ335265.1 Morpho helenor voucher MACN-Bar-Lep-ct 06795 cytochrome oxidase subunit 1 (COI) gene, partial cds; mitochondrial"
"1","                                                                                              "
"1","
JN282556.1 Morpho helenor voucher NS-RR0118 cytochrome oxidase subunit 1 (COI) gene, partial cds; mitochondrial            "
"1","                                                                                              "
"1","
MF547258.1 Morpho helenor voucher MACN-Bar-Lep-ct 02212 cytochrome oxidase subunit 1 (COI) gene, partial cds; mitochondrial"
"1","                                                                                              "
"1","
MF547169.1 Morpho helenor voucher MACN-Bar-Lep-ct 02215 cytochrome oxidase subunit 1 (COI) gene, partial cds; mitochondrial"
"1","                                                                                              "
"1","
MF546171.1 Morpho helenor voucher MACN-Bar-Lep-ct 02533 cytochrome oxidase subunit 1 (COI) gene, partial cds; mitochondrial"
"1","                                                                                              "
"1","
MF545983.1 Morpho helenor voucher MACN-Bar-Lep-ct 01006 cytochrome oxidase subunit 1 (COI) gene, partial cds; mitochondrial"
"1","                                                                                              "
"1","
"
"1","                                                                                                                           "
"1"," GU157448.1 Morpho helenor cytochrome oxidase subunit 1 (COI) gene, partial cds; mitochondrial"
"1","
MZ335432.1 Morpho helenor voucher MACN-Bar-Lep-ct 06792 cytochrome oxidase subunit 1 (COI) gene, partial cds; mitochondrial"
"1","                                                                                              "
"1","
MZ335265.1 Morpho helenor voucher MACN-Bar-Lep-ct 06795 cytochrome oxidase subunit 1 (COI) gene, partial cds; mitochondrial"
"1","                                                                                              "
"1","
JN282556.1 Morpho helenor voucher NS-RR0118 cytochrome oxidase subunit 1 (COI) gene, partial cds; mitochondrial            "
"1","                                                                                              "
"1","
MF547258.1 Morpho helenor voucher MACN-Bar-Lep-ct 02212 cytochrome oxidase subunit 1 (COI) gene, partial cds; mitochondrial"
"1","                                                                                              "
"1","
MF547169.1 Morpho helenor voucher MACN-Bar-Lep-ct 02215 cytochrome oxidase subunit 1 (COI) gene, partial cds; mitochondrial"
"1","                                                                                              "
"1","
MF546171.1 Morpho helenor voucher MACN-Bar-Lep-ct 02533 cytochrome oxidase subunit 1 (COI) gene, partial cds; mitochondrial"
"1","                                                                                              "
"1","
MF545983.1 Morpho helenor voucher MACN-Bar-Lep-ct 01006 cytochrome oxidase subunit 1 (COI) gene, partial cds; mitochondrial"
"1","                                                                                              "
"1","
"
"1","                                                                                                                           "
"1"," GU157442.1 Morpho helenor cytochrome oxidase subunit 1 (COI) gene, partial cds; mitochondrial"
"1","
MZ335432.1 Morpho helenor voucher MACN-Bar-Lep-ct 06792 cytochrome oxidase subunit 1 (COI) gene, partial cds; mitochondrial"
"1","                                                                                              "
"1","
MZ335265.1 Morpho helenor voucher MACN-Bar-Lep-ct 06795 cytochrome oxidase subunit 1 (COI) gene, partial cds; mitochondrial"
"1","                                                                                              "
"1","
JN282556.1 Morpho helenor voucher NS-RR0118 cytochrome oxidase subunit 1 (COI) gene, partial cds; mitochondrial            "
"1","                                                                                              "
"1","
MF547258.1 Morpho helenor voucher MACN-Bar-Lep-ct 02212 cytochrome oxidase subunit 1 (COI) gene, partial cds; mitochondrial"
"1","                                                                                              "
"1","
MF547169.1 Morpho helenor voucher MACN-Bar-Lep-ct 02215 cytochrome oxidase subunit 1 (COI) gene, partial cds; mitochondrial"
"1","                                                                                              "
"1","
MF546171.1 Morpho helenor voucher MACN-Bar-Lep-ct 02533 cytochrome oxidase subunit 1 (COI) gene, partial cds; mitochondrial"
"1","                                                                                              "
"1","
MF545983.1 Morpho helenor voucher MACN-Bar-Lep-ct 01006 cytochrome oxidase subunit 1 (COI) gene, partial cds; mitochondrial"
"1","                                                                                              "
"1","
"
"1","                                                                                                                           "
"1"," GU157445.1 Morpho helenor cytochrome oxidase subunit 1 (COI) gene, partial cds; mitochondrial"
"1","
MZ335432.1 Morpho helenor voucher MACN-Bar-Lep-ct 06792 cytochrome oxidase subunit 1 (COI) gene, partial cds; mitochondrial"
"1","                                                                                              "
"1","
MZ335265.1 Morpho helenor voucher MACN-Bar-Lep-ct 06795 cytochrome oxidase subunit 1 (COI) gene, partial cds; mitochondrial"
"1","                                                                                              "
"1","
JN282556.1 Morpho helenor voucher NS-RR0118 cytochrome oxidase subunit 1 (COI) gene, partial cds; mitochondrial            "
"1","                                                                                              "
"1","
MF547258.1 Morpho helenor voucher MACN-Bar-Lep-ct 02212 cytochrome oxidase subunit 1 (COI) gene, partial cds; mitochondrial"
"1","                                                                                              "
"1","
MF547169.1 Morpho helenor voucher MACN-Bar-Lep-ct 02215 cytochrome oxidase subunit 1 (COI) gene, partial cds; mitochondrial"
"1","                                                                                              "
"1","
MF546171.1 Morpho helenor voucher MACN-Bar-Lep-ct 02533 cytochrome oxidase subunit 1 (COI) gene, partial cds; mitochondrial"
"1","                                                                                              "
"1","
MF545983.1 Morpho helenor voucher MACN-Bar-Lep-ct 01006 cytochrome oxidase subunit 1 (COI) gene, partial cds; mitochondrial"
"1","                                                                                              "
"1","
"
"1","                                                                                                                           "
"1"," GU157456.1 Morpho helenor cytochrome oxidase subunit 1 (COI) gene, partial cds; mitochondrial"
"1","
MZ335432.1 Morpho helenor voucher MACN-Bar-Lep-ct 06792 cytochrome oxidase subunit 1 (COI) gene, partial cds; mitochondrial"
"1","                                                                                              "
"1","
MZ335265.1 Morpho helenor voucher MACN-Bar-Lep-ct 06795 cytochrome oxidase subunit 1 (COI) gene, partial cds; mitochondrial"
"1","                                                                                              "
"1","
JN282556.1 Morpho helenor voucher NS-RR0118 cytochrome oxidase subunit 1 (COI) gene, partial cds; mitochondrial            "
"1","                                                                                              "
"1","
MF547258.1 Morpho helenor voucher MACN-Bar-Lep-ct 02212 cytochrome oxidase subunit 1 (COI) gene, partial cds; mitochondrial"
"1","                                                                                              "
"1","
MF547169.1 Morpho helenor voucher MACN-Bar-Lep-ct 02215 cytochrome oxidase subunit 1 (COI) gene, partial cds; mitochondrial"
"1","                                                                                              "
"1","
MF546171.1 Morpho helenor voucher MACN-Bar-Lep-ct 02533 cytochrome oxidase subunit 1 (COI) gene, partial cds; mitochondrial"
"1","                                                                                              "
"1","
MF545983.1 Morpho helenor voucher MACN-Bar-Lep-ct 01006 cytochrome oxidase subunit 1 (COI) gene, partial cds; mitochondrial"
"1","                                                                                              "
"1","
"
"1","                                                                                                                           "
"1"," GU334225.2 Morpho helenor cytochrome oxidase subunit I (COI) gene, partial cds; mitochondrial"
"1","
MZ335432.1 Morpho helenor voucher MACN-Bar-Lep-ct 06792 cytochrome oxidase subunit 1 (COI) gene, partial cds; mitochondrial"
"1","                                                                                              "
"1","
MZ335265.1 Morpho helenor voucher MACN-Bar-Lep-ct 06795 cytochrome oxidase subunit 1 (COI) gene, partial cds; mitochondrial"
"1","                                                                                              "
"1","
JN282556.1 Morpho helenor voucher NS-RR0118 cytochrome oxidase subunit 1 (COI) gene, partial cds; mitochondrial            "
"1","                                                                                              "
"1","
MF547258.1 Morpho helenor voucher MACN-Bar-Lep-ct 02212 cytochrome oxidase subunit 1 (COI) gene, partial cds; mitochondrial"
"1","                                                                                              "
"1","
MF547169.1 Morpho helenor voucher MACN-Bar-Lep-ct 02215 cytochrome oxidase subunit 1 (COI) gene, partial cds; mitochondrial"
"1","                                                                                              "
"1","
MF546171.1 Morpho helenor voucher MACN-Bar-Lep-ct 02533 cytochrome oxidase subunit 1 (COI) gene, partial cds; mitochondrial"
"1","                                                                                              "
"1","
MF545983.1 Morpho helenor voucher MACN-Bar-Lep-ct 01006 cytochrome oxidase subunit 1 (COI) gene, partial cds; mitochondrial"
"1","                                                                                              "
"1","
"
"1","                                                                                                                           "
"1"," JQ548311.1 Morpho helenor cytochrome oxidase subunit 1 (COI) gene, partial cds; mitochondrial"
"1","
MZ335432.1 Morpho helenor voucher MACN-Bar-Lep-ct 06792 cytochrome oxidase subunit 1 (COI) gene, partial cds; mitochondrial"
"1","                                                                                              "
"1","
MZ335265.1 Morpho helenor voucher MACN-Bar-Lep-ct 06795 cytochrome oxidase subunit 1 (COI) gene, partial cds; mitochondrial"
"1","                                                                                              "
"1","
JN282556.1 Morpho helenor voucher NS-RR0118 cytochrome oxidase subunit 1 (COI) gene, partial cds; mitochondrial            "
"1","                                                                                              "
"1","
MF547258.1 Morpho helenor voucher MACN-Bar-Lep-ct 02212 cytochrome oxidase subunit 1 (COI) gene, partial cds; mitochondrial"
"1","                                                                                              "
"1","
MF547169.1 Morpho helenor voucher MACN-Bar-Lep-ct 02215 cytochrome oxidase subunit 1 (COI) gene, partial cds; mitochondrial"
"1","                                                                                              "
"1","
MF546171.1 Morpho helenor voucher MACN-Bar-Lep-ct 02533 cytochrome oxidase subunit 1 (COI) gene, partial cds; mitochondrial"
"1","                                                                                              "
"1","
MF545983.1 Morpho helenor voucher MACN-Bar-Lep-ct 01006 cytochrome oxidase subunit 1 (COI) gene, partial cds; mitochondrial"
"1","                                                                                              "
"1","
"
"1","                                                                                                                           "
"1"," JQ535932.1 Morpho helenor cytochrome oxidase subunit 1 (COI) gene, partial cds; mitochondrial"
"1","
MZ335432.1 Morpho helenor voucher MACN-Bar-Lep-ct 06792 cytochrome oxidase subunit 1 (COI) gene, partial cds; mitochondrial"
"1","                                                                                              "
"1","
MZ335265.1 Morpho helenor voucher MACN-Bar-Lep-ct 06795 cytochrome oxidase subunit 1 (COI) gene, partial cds; mitochondrial"
"1","                                                                                              "
"1","
JN282556.1 Morpho helenor voucher NS-RR0118 cytochrome oxidase subunit 1 (COI) gene, partial cds; mitochondrial            "
"1","                                                                                              "
"1","
MF547258.1 Morpho helenor voucher MACN-Bar-Lep-ct 02212 cytochrome oxidase subunit 1 (COI) gene, partial cds; mitochondrial"
"1","                                                                                              "
"1","
MF547169.1 Morpho helenor voucher MACN-Bar-Lep-ct 02215 cytochrome oxidase subunit 1 (COI) gene, partial cds; mitochondrial"
"1","                                                                                              "
"1","
MF546171.1 Morpho helenor voucher MACN-Bar-Lep-ct 02533 cytochrome oxidase subunit 1 (COI) gene, partial cds; mitochondrial"
"1","                                                                                              "
"1","
MF545983.1 Morpho helenor voucher MACN-Bar-Lep-ct 01006 cytochrome oxidase subunit 1 (COI) gene, partial cds; mitochondrial"
"1","                                                                                              "
"1","
"
"1","                                                                                                                           "
"1"," GU157453.1 Morpho helenor cytochrome oxidase subunit 1 (COI) gene, partial cds; mitochondrial"
"1","
MZ335432.1 Morpho helenor voucher MACN-Bar-Lep-ct 06792 cytochrome oxidase subunit 1 (COI) gene, partial cds; mitochondrial"
"1","                                                                                              "
"1","
MZ335265.1 Morpho helenor voucher MACN-Bar-Lep-ct 06795 cytochrome oxidase subunit 1 (COI) gene, partial cds; mitochondrial"
"1","                                                                                              "
"1","
JN282556.1 Morpho helenor voucher NS-RR0118 cytochrome oxidase subunit 1 (COI) gene, partial cds; mitochondrial            "
"1","                                                                                              "
"1","
MF547258.1 Morpho helenor voucher MACN-Bar-Lep-ct 02212 cytochrome oxidase subunit 1 (COI) gene, partial cds; mitochondrial"
"1","                                                                                              "
"1","
MF547169.1 Morpho helenor voucher MACN-Bar-Lep-ct 02215 cytochrome oxidase subunit 1 (COI) gene, partial cds; mitochondrial"
"1","                                                                                              "
"1","
MF546171.1 Morpho helenor voucher MACN-Bar-Lep-ct 02533 cytochrome oxidase subunit 1 (COI) gene, partial cds; mitochondrial"
"1","                                                                                              "
"1","
MF545983.1 Morpho helenor voucher MACN-Bar-Lep-ct 01006 cytochrome oxidase subunit 1 (COI) gene, partial cds; mitochondrial"
"1","                                                                                              "
"1","
"
"1","                                                                                                                           "
"1"," GU157444.1 Morpho helenor cytochrome oxidase subunit 1 (COI) gene, partial cds; mitochondrial"
"1","
MZ335432.1 Morpho helenor voucher MACN-Bar-Lep-ct 06792 cytochrome oxidase subunit 1 (COI) gene, partial cds; mitochondrial"
"1","                                                                                              "
"1","
MZ335265.1 Morpho helenor voucher MACN-Bar-Lep-ct 06795 cytochrome oxidase subunit 1 (COI) gene, partial cds; mitochondrial"
"1","                                                                                              "
"1","
JN282556.1 Morpho helenor voucher NS-RR0118 cytochrome oxidase subunit 1 (COI) gene, partial cds; mitochondrial            "
"1","                                                                                              "
"1","
MF547258.1 Morpho helenor voucher MACN-Bar-Lep-ct 02212 cytochrome oxidase subunit 1 (COI) gene, partial cds; mitochondrial"
"1","                                                                                              "
"1","
MF547169.1 Morpho helenor voucher MACN-Bar-Lep-ct 02215 cytochrome oxidase subunit 1 (COI) gene, partial cds; mitochondrial"
"1","                                                                                              "
"1","
MF546171.1 Morpho helenor voucher MACN-Bar-Lep-ct 02533 cytochrome oxidase subunit 1 (COI) gene, partial cds; mitochondrial"
"1","                                                                                              "
"1","
MF545983.1 Morpho helenor voucher MACN-Bar-Lep-ct 01006 cytochrome oxidase subunit 1 (COI) gene, partial cds; mitochondrial"
"1","                                                                                              "
"1","
"
"1","                                                                                                                           "
"1"," JQ539208.1 Morpho helenor cytochrome oxidase subunit 1 (COI) gene, partial cds; mitochondrial"
"1","
MZ335432.1 Morpho helenor voucher MACN-Bar-Lep-ct 06792 cytochrome oxidase subunit 1 (COI) gene, partial cds; mitochondrial"
"1","                                                                                              "
"1","
MZ335265.1 Morpho helenor voucher MACN-Bar-Lep-ct 06795 cytochrome oxidase subunit 1 (COI) gene, partial cds; mitochondrial"
"1","                                                                                              "
"1","
JN282556.1 Morpho helenor voucher NS-RR0118 cytochrome oxidase subunit 1 (COI) gene, partial cds; mitochondrial            "
"1","                                                                                              "
"1","
MF547258.1 Morpho helenor voucher MACN-Bar-Lep-ct 02212 cytochrome oxidase subunit 1 (COI) gene, partial cds; mitochondrial"
"1","                                                                                              "
"1","
MF547169.1 Morpho helenor voucher MACN-Bar-Lep-ct 02215 cytochrome oxidase subunit 1 (COI) gene, partial cds; mitochondrial"
"1","                                                                                              "
"1","
MF546171.1 Morpho helenor voucher MACN-Bar-Lep-ct 02533 cytochrome oxidase subunit 1 (COI) gene, partial cds; mitochondrial"
"1","                                                                                              "
"1","
MF545983.1 Morpho helenor voucher MACN-Bar-Lep-ct 01006 cytochrome oxidase subunit 1 (COI) gene, partial cds; mitochondrial"
"1","                                                                                              "
"1","
"
"1","                                                                                                                           "
"1"," GU157450.1 Morpho helenor cytochrome oxidase subunit 1 (COI) gene, partial cds; mitochondrial"
"1","
MZ335432.1 Morpho helenor voucher MACN-Bar-Lep-ct 06792 cytochrome oxidase subunit 1 (COI) gene, partial cds; mitochondrial"
"1","                                                                                              "
"1","
MZ335265.1 Morpho helenor voucher MACN-Bar-Lep-ct 06795 cytochrome oxidase subunit 1 (COI) gene, partial cds; mitochondrial"
"1","                                                                                              "
"1","
JN282556.1 Morpho helenor voucher NS-RR0118 cytochrome oxidase subunit 1 (COI) gene, partial cds; mitochondrial            "
"1","                                                                                              "
"1","
MF547258.1 Morpho helenor voucher MACN-Bar-Lep-ct 02212 cytochrome oxidase subunit 1 (COI) gene, partial cds; mitochondrial"
"1","                                                                                              "
"1","
MF547169.1 Morpho helenor voucher MACN-Bar-Lep-ct 02215 cytochrome oxidase subunit 1 (COI) gene, partial cds; mitochondrial"
"1","                                                                                              "
"1","
MF546171.1 Morpho helenor voucher MACN-Bar-Lep-ct 02533 cytochrome oxidase subunit 1 (COI) gene, partial cds; mitochondrial"
"1","                                                                                              "
"1","
MF545983.1 Morpho helenor voucher MACN-Bar-Lep-ct 01006 cytochrome oxidase subunit 1 (COI) gene, partial cds; mitochondrial"
"1","                                                                                              "
"1","
"
"1","                                                                                                                           "
"1"," GU334223.2 Morpho helenor cytochrome oxidase subunit I (COI) gene, partial cds; mitochondrial"
"1","
MZ335432.1 Morpho helenor voucher MACN-Bar-Lep-ct 06792 cytochrome oxidase subunit 1 (COI) gene, partial cds; mitochondrial"
"1","                                                                                              "
"1","
MZ335265.1 Morpho helenor voucher MACN-Bar-Lep-ct 06795 cytochrome oxidase subunit 1 (COI) gene, partial cds; mitochondrial"
"1","                                                                                              "
"1","
JN282556.1 Morpho helenor voucher NS-RR0118 cytochrome oxidase subunit 1 (COI) gene, partial cds; mitochondrial            "
"1","                                                                                              "
"1","
MF547258.1 Morpho helenor voucher MACN-Bar-Lep-ct 02212 cytochrome oxidase subunit 1 (COI) gene, partial cds; mitochondrial"
"1","                                                                                              "
"1","
MF547169.1 Morpho helenor voucher MACN-Bar-Lep-ct 02215 cytochrome oxidase subunit 1 (COI) gene, partial cds; mitochondrial"
"1","                                                                                              "
"1","
MF546171.1 Morpho helenor voucher MACN-Bar-Lep-ct 02533 cytochrome oxidase subunit 1 (COI) gene, partial cds; mitochondrial"
"1","                                                                                              "
"1","
MF545983.1 Morpho helenor voucher MACN-Bar-Lep-ct 01006 cytochrome oxidase subunit 1 (COI) gene, partial cds; mitochondrial"
"1","                                                                                              "
"1","
"
"1","                                                                                                                           "
"1"," GU157457.1 Morpho helenor cytochrome oxidase subunit 1 (COI) gene, partial cds; mitochondrial"
"1","
MZ335432.1 Morpho helenor voucher MACN-Bar-Lep-ct 06792 cytochrome oxidase subunit 1 (COI) gene, partial cds; mitochondrial"
"1","                                                                                              "
"1","
MZ335265.1 Morpho helenor voucher MACN-Bar-Lep-ct 06795 cytochrome oxidase subunit 1 (COI) gene, partial cds; mitochondrial"
"1","                                                                                              "
"1","
JN282556.1 Morpho helenor voucher NS-RR0118 cytochrome oxidase subunit 1 (COI) gene, partial cds; mitochondrial            "
"1","                                                                                              "
"1","
MF547258.1 Morpho helenor voucher MACN-Bar-Lep-ct 02212 cytochrome oxidase subunit 1 (COI) gene, partial cds; mitochondrial"
"1","                                                                                              "
"1","
MF547169.1 Morpho helenor voucher MACN-Bar-Lep-ct 02215 cytochrome oxidase subunit 1 (COI) gene, partial cds; mitochondrial"
"1","                                                                                              "
"1","
MF546171.1 Morpho helenor voucher MACN-Bar-Lep-ct 02533 cytochrome oxidase subunit 1 (COI) gene, partial cds; mitochondrial"
"1","                                                                                              "
"1","
MF545983.1 Morpho helenor voucher MACN-Bar-Lep-ct 01006 cytochrome oxidase subunit 1 (COI) gene, partial cds; mitochondrial"
"1","                                                                                              "
"1","
"
"1","                                                                                                                           "
"1"," GU157459.1 Morpho helenor cytochrome oxidase subunit 1 (COI) gene, partial cds; mitochondrial"
"1","
MZ335432.1 Morpho helenor voucher MACN-Bar-Lep-ct 06792 cytochrome oxidase subunit 1 (COI) gene, partial cds; mitochondrial"
"1","                                                                                              "
"1","
MZ335265.1 Morpho helenor voucher MACN-Bar-Lep-ct 06795 cytochrome oxidase subunit 1 (COI) gene, partial cds; mitochondrial"
"1","                                                                                              "
"1","
JN282556.1 Morpho helenor voucher NS-RR0118 cytochrome oxidase subunit 1 (COI) gene, partial cds; mitochondrial            "
"1","                                                                                              "
"1","
MF547258.1 Morpho helenor voucher MACN-Bar-Lep-ct 02212 cytochrome oxidase subunit 1 (COI) gene, partial cds; mitochondrial"
"1","                                                                                              "
"1","
MF547169.1 Morpho helenor voucher MACN-Bar-Lep-ct 02215 cytochrome oxidase subunit 1 (COI) gene, partial cds; mitochondrial"
"1","                                                                                              "
"1","
MF546171.1 Morpho helenor voucher MACN-Bar-Lep-ct 02533 cytochrome oxidase subunit 1 (COI) gene, partial cds; mitochondrial"
"1","                                                                                              "
"1","
MF545983.1 Morpho helenor voucher MACN-Bar-Lep-ct 01006 cytochrome oxidase subunit 1 (COI) gene, partial cds; mitochondrial"
"1","                                                                                              "
"1","
"
"1","                                                                                                                           "
"1"," GU157435.1 Morpho helenor cytochrome oxidase subunit 1 (COI) gene, partial cds; mitochondrial"
"1","
MZ335432.1 Morpho helenor voucher MACN-Bar-Lep-ct 06792 cytochrome oxidase subunit 1 (COI) gene, partial cds; mitochondrial"
"1","                                                                                              "
"1","
MZ335265.1 Morpho helenor voucher MACN-Bar-Lep-ct 06795 cytochrome oxidase subunit 1 (COI) gene, partial cds; mitochondrial"
"1","                                                                                              "
"1","
JN282556.1 Morpho helenor voucher NS-RR0118 cytochrome oxidase subunit 1 (COI) gene, partial cds; mitochondrial            "
"1","                                                                                              "
"1","
MF547258.1 Morpho helenor voucher MACN-Bar-Lep-ct 02212 cytochrome oxidase subunit 1 (COI) gene, partial cds; mitochondrial"
"1","                                                                                              "
"1","
MF547169.1 Morpho helenor voucher MACN-Bar-Lep-ct 02215 cytochrome oxidase subunit 1 (COI) gene, partial cds; mitochondrial"
"1","                                                                                              "
"1","
MF546171.1 Morpho helenor voucher MACN-Bar-Lep-ct 02533 cytochrome oxidase subunit 1 (COI) gene, partial cds; mitochondrial"
"1","                                                                                              "
"1","
MF545983.1 Morpho helenor voucher MACN-Bar-Lep-ct 01006 cytochrome oxidase subunit 1 (COI) gene, partial cds; mitochondrial"
"1","                                                                                              "
"1","
"
"1","                                                                                                                           "
"1"," JQ536383.1 Morpho helenor cytochrome oxidase subunit 1 (COI) gene, partial cds; mitochondrial"
"1","
MZ335432.1 Morpho helenor voucher MACN-Bar-Lep-ct 06792 cytochrome oxidase subunit 1 (COI) gene, partial cds; mitochondrial"
"1","                                                                                              "
"1","
MZ335265.1 Morpho helenor voucher MACN-Bar-Lep-ct 06795 cytochrome oxidase subunit 1 (COI) gene, partial cds; mitochondrial"
"1","                                                                                              "
"1","
JN282556.1 Morpho helenor voucher NS-RR0118 cytochrome oxidase subunit 1 (COI) gene, partial cds; mitochondrial            "
"1","                                                                                              "
"1","
MF547258.1 Morpho helenor voucher MACN-Bar-Lep-ct 02212 cytochrome oxidase subunit 1 (COI) gene, partial cds; mitochondrial"
"1","                                                                                              "
"1","
MF547169.1 Morpho helenor voucher MACN-Bar-Lep-ct 02215 cytochrome oxidase subunit 1 (COI) gene, partial cds; mitochondrial"
"1","                                                                                              "
"1","
MF546171.1 Morpho helenor voucher MACN-Bar-Lep-ct 02533 cytochrome oxidase subunit 1 (COI) gene, partial cds; mitochondrial"
"1","                                                                                              "
"1","
MF545983.1 Morpho helenor voucher MACN-Bar-Lep-ct 01006 cytochrome oxidase subunit 1 (COI) gene, partial cds; mitochondrial"
"1","                                                                                              "
"1","
"
"1","                                                                                                                           "
"1"," GU157451.1 Morpho helenor cytochrome oxidase subunit 1 (COI) gene, partial cds; mitochondrial"
"1","
MZ335432.1 Morpho helenor voucher MACN-Bar-Lep-ct 06792 cytochrome oxidase subunit 1 (COI) gene, partial cds; mitochondrial"
"1","                                                                                              "
"1","
MZ335265.1 Morpho helenor voucher MACN-Bar-Lep-ct 06795 cytochrome oxidase subunit 1 (COI) gene, partial cds; mitochondrial"
"1","                                                                                              "
"1","
JN282556.1 Morpho helenor voucher NS-RR0118 cytochrome oxidase subunit 1 (COI) gene, partial cds; mitochondrial            "
"1","                                                                                              "
"1","
MF547258.1 Morpho helenor voucher MACN-Bar-Lep-ct 02212 cytochrome oxidase subunit 1 (COI) gene, partial cds; mitochondrial"
"1","                                                                                              "
"1","
MF547169.1 Morpho helenor voucher MACN-Bar-Lep-ct 02215 cytochrome oxidase subunit 1 (COI) gene, partial cds; mitochondrial"
"1","                                                                                              "
"1","
MF546171.1 Morpho helenor voucher MACN-Bar-Lep-ct 02533 cytochrome oxidase subunit 1 (COI) gene, partial cds; mitochondrial"
"1","                                                                                              "
"1","
MF545983.1 Morpho helenor voucher MACN-Bar-Lep-ct 01006 cytochrome oxidase subunit 1 (COI) gene, partial cds; mitochondrial"
"1","                                                                                              "
"1","
"
"1","                                                                                                                           "
"1"," GU157438.1 Morpho helenor cytochrome oxidase subunit 1 (COI) gene, partial cds; mitochondrial"
"1","
MZ335432.1 Morpho helenor voucher MACN-Bar-Lep-ct 06792 cytochrome oxidase subunit 1 (COI) gene, partial cds; mitochondrial"
"1","                                                                                              "
"1","
MZ335265.1 Morpho helenor voucher MACN-Bar-Lep-ct 06795 cytochrome oxidase subunit 1 (COI) gene, partial cds; mitochondrial"
"1","                                                                                              "
"1","
JN282556.1 Morpho helenor voucher NS-RR0118 cytochrome oxidase subunit 1 (COI) gene, partial cds; mitochondrial            "
"1","                                                                                              "
"1","
MF547258.1 Morpho helenor voucher MACN-Bar-Lep-ct 02212 cytochrome oxidase subunit 1 (COI) gene, partial cds; mitochondrial"
"1","                                                                                              "
"1","
MF547169.1 Morpho helenor voucher MACN-Bar-Lep-ct 02215 cytochrome oxidase subunit 1 (COI) gene, partial cds; mitochondrial"
"1","                                                                                              "
"1","
MF546171.1 Morpho helenor voucher MACN-Bar-Lep-ct 02533 cytochrome oxidase subunit 1 (COI) gene, partial cds; mitochondrial"
"1","                                                                                              "
"1","
MF545983.1 Morpho helenor voucher MACN-Bar-Lep-ct 01006 cytochrome oxidase subunit 1 (COI) gene, partial cds; mitochondrial"
"1","                                                                                              "
"1","
"
"1","                                                                                                                           "
"1"," JQ536385.1 Morpho helenor cytochrome oxidase subunit 1 (COI) gene, partial cds; mitochondrial"
"1","
MZ335432.1 Morpho helenor voucher MACN-Bar-Lep-ct 06792 cytochrome oxidase subunit 1 (COI) gene, partial cds; mitochondrial"
"1","                                                                                              "
"1","
MZ335265.1 Morpho helenor voucher MACN-Bar-Lep-ct 06795 cytochrome oxidase subunit 1 (COI) gene, partial cds; mitochondrial"
"1","                                                                                              "
"1","
JN282556.1 Morpho helenor voucher NS-RR0118 cytochrome oxidase subunit 1 (COI) gene, partial cds; mitochondrial            "
"1","                                                                                              "
"1","
MF547258.1 Morpho helenor voucher MACN-Bar-Lep-ct 02212 cytochrome oxidase subunit 1 (COI) gene, partial cds; mitochondrial"
"1","                                                                                              "
"1","
MF547169.1 Morpho helenor voucher MACN-Bar-Lep-ct 02215 cytochrome oxidase subunit 1 (COI) gene, partial cds; mitochondrial"
"1","                                                                                              "
"1","
MF546171.1 Morpho helenor voucher MACN-Bar-Lep-ct 02533 cytochrome oxidase subunit 1 (COI) gene, partial cds; mitochondrial"
"1","                                                                                              "
"1","
MF545983.1 Morpho helenor voucher MACN-Bar-Lep-ct 01006 cytochrome oxidase subunit 1 (COI) gene, partial cds; mitochondrial"
"1","                                                                                              "
"1","
"
"1","                                                                                                                           "
"1"," JQ537123.1 Morpho helenor cytochrome oxidase subunit 1 (COI) gene, partial cds; mitochondrial"
"1","
MZ335432.1 Morpho helenor voucher MACN-Bar-Lep-ct 06792 cytochrome oxidase subunit 1 (COI) gene, partial cds; mitochondrial"
"1","                                                                                              "
"1","
MZ335265.1 Morpho helenor voucher MACN-Bar-Lep-ct 06795 cytochrome oxidase subunit 1 (COI) gene, partial cds; mitochondrial"
"1","                                                                                              "
"1","
JN282556.1 Morpho helenor voucher NS-RR0118 cytochrome oxidase subunit 1 (COI) gene, partial cds; mitochondrial            "
"1","                                                                                              "
"1","
MF547258.1 Morpho helenor voucher MACN-Bar-Lep-ct 02212 cytochrome oxidase subunit 1 (COI) gene, partial cds; mitochondrial"
"1","                                                                                              "
"1","
MF547169.1 Morpho helenor voucher MACN-Bar-Lep-ct 02215 cytochrome oxidase subunit 1 (COI) gene, partial cds; mitochondrial"
"1","                                                                                              "
"1","
MF546171.1 Morpho helenor voucher MACN-Bar-Lep-ct 02533 cytochrome oxidase subunit 1 (COI) gene, partial cds; mitochondrial"
"1","                                                                                              "
"1","
MF545983.1 Morpho helenor voucher MACN-Bar-Lep-ct 01006 cytochrome oxidase subunit 1 (COI) gene, partial cds; mitochondrial"
"1","                                                                                              "
"1","
"
"1","                                                                                                                           "
"1"," JQ536393.1 Morpho helenor cytochrome oxidase subunit 1 (COI) gene, partial cds; mitochondrial"
"1","
MZ335432.1 Morpho helenor voucher MACN-Bar-Lep-ct 06792 cytochrome oxidase subunit 1 (COI) gene, partial cds; mitochondrial"
"1","                                                                                              "
"1","
MZ335265.1 Morpho helenor voucher MACN-Bar-Lep-ct 06795 cytochrome oxidase subunit 1 (COI) gene, partial cds; mitochondrial"
"1","                                                                                              "
"1","
JN282556.1 Morpho helenor voucher NS-RR0118 cytochrome oxidase subunit 1 (COI) gene, partial cds; mitochondrial            "
"1","                                                                                              "
"1","
MF547258.1 Morpho helenor voucher MACN-Bar-Lep-ct 02212 cytochrome oxidase subunit 1 (COI) gene, partial cds; mitochondrial"
"1","                                                                                              "
"1","
MF547169.1 Morpho helenor voucher MACN-Bar-Lep-ct 02215 cytochrome oxidase subunit 1 (COI) gene, partial cds; mitochondrial"
"1","                                                                                              "
"1","
MF546171.1 Morpho helenor voucher MACN-Bar-Lep-ct 02533 cytochrome oxidase subunit 1 (COI) gene, partial cds; mitochondrial"
"1","                                                                                              "
"1","
MF545983.1 Morpho helenor voucher MACN-Bar-Lep-ct 01006 cytochrome oxidase subunit 1 (COI) gene, partial cds; mitochondrial"
"1","                                                                                              "
"1","
"
"1","                                                                                                                           "
"1"," JQ536386.1 Morpho helenor cytochrome oxidase subunit 1 (COI) gene, partial cds; mitochondrial"
"1","
MZ335432.1 Morpho helenor voucher MACN-Bar-Lep-ct 06792 cytochrome oxidase subunit 1 (COI) gene, partial cds; mitochondrial"
"1","                                                                                              "
"1","
MZ335265.1 Morpho helenor voucher MACN-Bar-Lep-ct 06795 cytochrome oxidase subunit 1 (COI) gene, partial cds; mitochondrial"
"1","                                                                                              "
"1","
JN282556.1 Morpho helenor voucher NS-RR0118 cytochrome oxidase subunit 1 (COI) gene, partial cds; mitochondrial            "
"1","                                                                                              "
"1","
MF547258.1 Morpho helenor voucher MACN-Bar-Lep-ct 02212 cytochrome oxidase subunit 1 (COI) gene, partial cds; mitochondrial"
"1","                                                                                              "
"1","
MF547169.1 Morpho helenor voucher MACN-Bar-Lep-ct 02215 cytochrome oxidase subunit 1 (COI) gene, partial cds; mitochondrial"
"1","                                                                                              "
"1","
MF546171.1 Morpho helenor voucher MACN-Bar-Lep-ct 02533 cytochrome oxidase subunit 1 (COI) gene, partial cds; mitochondrial"
"1","                                                                                              "
"1","
MF545983.1 Morpho helenor voucher MACN-Bar-Lep-ct 01006 cytochrome oxidase subunit 1 (COI) gene, partial cds; mitochondrial"
"1","                                                                                              "
"1","
"
"1","                                                                                                                           "
"1"," JQ535929.1 Morpho helenor cytochrome oxidase subunit 1 (COI) gene, partial cds; mitochondrial"
"1","
MZ335432.1 Morpho helenor voucher MACN-Bar-Lep-ct 06792 cytochrome oxidase subunit 1 (COI) gene, partial cds; mitochondrial"
"1","                                                                                              "
"1","
MZ335265.1 Morpho helenor voucher MACN-Bar-Lep-ct 06795 cytochrome oxidase subunit 1 (COI) gene, partial cds; mitochondrial"
"1","                                                                                              "
"1","
JN282556.1 Morpho helenor voucher NS-RR0118 cytochrome oxidase subunit 1 (COI) gene, partial cds; mitochondrial            "
"1","                                                                                              "
"1","
MF547258.1 Morpho helenor voucher MACN-Bar-Lep-ct 02212 cytochrome oxidase subunit 1 (COI) gene, partial cds; mitochondrial"
"1","                                                                                              "
"1","
MF547169.1 Morpho helenor voucher MACN-Bar-Lep-ct 02215 cytochrome oxidase subunit 1 (COI) gene, partial cds; mitochondrial"
"1","                                                                                              "
"1","
MF546171.1 Morpho helenor voucher MACN-Bar-Lep-ct 02533 cytochrome oxidase subunit 1 (COI) gene, partial cds; mitochondrial"
"1","                                                                                              "
"1","
MF545983.1 Morpho helenor voucher MACN-Bar-Lep-ct 01006 cytochrome oxidase subunit 1 (COI) gene, partial cds; mitochondrial"
"1","                                                                                              "
"1","
"
"1","                                                                                                                           "
"1"," JQ535940.1 Morpho helenor cytochrome oxidase subunit 1 (COI) gene, partial cds; mitochondrial"
"1","
MZ335432.1 Morpho helenor voucher MACN-Bar-Lep-ct 06792 cytochrome oxidase subunit 1 (COI) gene, partial cds; mitochondrial"
"1","                                                                                              "
"1","
MZ335265.1 Morpho helenor voucher MACN-Bar-Lep-ct 06795 cytochrome oxidase subunit 1 (COI) gene, partial cds; mitochondrial"
"1","                                                                                              "
"1","
JN282556.1 Morpho helenor voucher NS-RR0118 cytochrome oxidase subunit 1 (COI) gene, partial cds; mitochondrial            "
"1","                                                                                              "
"1","
MF547258.1 Morpho helenor voucher MACN-Bar-Lep-ct 02212 cytochrome oxidase subunit 1 (COI) gene, partial cds; mitochondrial"
"1","                                                                                              "
"1","
MF547169.1 Morpho helenor voucher MACN-Bar-Lep-ct 02215 cytochrome oxidase subunit 1 (COI) gene, partial cds; mitochondrial"
"1","                                                                                              "
"1","
MF546171.1 Morpho helenor voucher MACN-Bar-Lep-ct 02533 cytochrome oxidase subunit 1 (COI) gene, partial cds; mitochondrial"
"1","                                                                                              "
"1","
MF545983.1 Morpho helenor voucher MACN-Bar-Lep-ct 01006 cytochrome oxidase subunit 1 (COI) gene, partial cds; mitochondrial"
"1","                                                                                              "
"1","
"
"1","                                                                                                                           "
"1"," GU334220.2 Morpho helenor cytochrome oxidase subunit I (COI) gene, partial cds; mitochondrial"
"1","
MZ335432.1 Morpho helenor voucher MACN-Bar-Lep-ct 06792 cytochrome oxidase subunit 1 (COI) gene, partial cds; mitochondrial"
"1","                                                                                              "
"1","
MZ335265.1 Morpho helenor voucher MACN-Bar-Lep-ct 06795 cytochrome oxidase subunit 1 (COI) gene, partial cds; mitochondrial"
"1","                                                                                              "
"1","
JN282556.1 Morpho helenor voucher NS-RR0118 cytochrome oxidase subunit 1 (COI) gene, partial cds; mitochondrial            "
"1","                                                                                              "
"1","
MF547258.1 Morpho helenor voucher MACN-Bar-Lep-ct 02212 cytochrome oxidase subunit 1 (COI) gene, partial cds; mitochondrial"
"1","                                                                                              "
"1","
MF547169.1 Morpho helenor voucher MACN-Bar-Lep-ct 02215 cytochrome oxidase subunit 1 (COI) gene, partial cds; mitochondrial"
"1","                                                                                              "
"1","
MF546171.1 Morpho helenor voucher MACN-Bar-Lep-ct 02533 cytochrome oxidase subunit 1 (COI) gene, partial cds; mitochondrial"
"1","                                                                                              "
"1","
MF545983.1 Morpho helenor voucher MACN-Bar-Lep-ct 01006 cytochrome oxidase subunit 1 (COI) gene, partial cds; mitochondrial"
"1","                                                                                              "
"1","
"
"1","                                                                                                                           "
"1"," GU157455.1 Morpho helenor cytochrome oxidase subunit 1 (COI) gene, partial cds; mitochondrial"
"1","
MZ335432.1 Morpho helenor voucher MACN-Bar-Lep-ct 06792 cytochrome oxidase subunit 1 (COI) gene, partial cds; mitochondrial"
"1","                                                                                              "
"1","
MZ335265.1 Morpho helenor voucher MACN-Bar-Lep-ct 06795 cytochrome oxidase subunit 1 (COI) gene, partial cds; mitochondrial"
"1","                                                                                              "
"1","
JN282556.1 Morpho helenor voucher NS-RR0118 cytochrome oxidase subunit 1 (COI) gene, partial cds; mitochondrial            "
"1","                                                                                              "
"1","
MF547258.1 Morpho helenor voucher MACN-Bar-Lep-ct 02212 cytochrome oxidase subunit 1 (COI) gene, partial cds; mitochondrial"
"1","                                                                                              "
"1","
MF547169.1 Morpho helenor voucher MACN-Bar-Lep-ct 02215 cytochrome oxidase subunit 1 (COI) gene, partial cds; mitochondrial"
"1","                                                                                              "
"1","
MF546171.1 Morpho helenor voucher MACN-Bar-Lep-ct 02533 cytochrome oxidase subunit 1 (COI) gene, partial cds; mitochondrial"
"1","                                                                                              "
"1","
MF545983.1 Morpho helenor voucher MACN-Bar-Lep-ct 01006 cytochrome oxidase subunit 1 (COI) gene, partial cds; mitochondrial"
"1","                                                                                              "
"1","
"
"1","                                                                                                                           "
"1"," GU157440.1 Morpho helenor cytochrome oxidase subunit 1 (COI) gene, partial cds; mitochondrial"
"1","
MZ335432.1 Morpho helenor voucher MACN-Bar-Lep-ct 06792 cytochrome oxidase subunit 1 (COI) gene, partial cds; mitochondrial"
"1","                                                                                              "
"1","
MZ335265.1 Morpho helenor voucher MACN-Bar-Lep-ct 06795 cytochrome oxidase subunit 1 (COI) gene, partial cds; mitochondrial"
"1","                                                                                              "
"1","
JN282556.1 Morpho helenor voucher NS-RR0118 cytochrome oxidase subunit 1 (COI) gene, partial cds; mitochondrial            "
"1","                                                                                              "
"1","
MF547258.1 Morpho helenor voucher MACN-Bar-Lep-ct 02212 cytochrome oxidase subunit 1 (COI) gene, partial cds; mitochondrial"
"1","                                                                                              "
"1","
MF547169.1 Morpho helenor voucher MACN-Bar-Lep-ct 02215 cytochrome oxidase subunit 1 (COI) gene, partial cds; mitochondrial"
"1","                                                                                              "
"1","
MF546171.1 Morpho helenor voucher MACN-Bar-Lep-ct 02533 cytochrome oxidase subunit 1 (COI) gene, partial cds; mitochondrial"
"1","                                                                                              "
"1","
MF545983.1 Morpho helenor voucher MACN-Bar-Lep-ct 01006 cytochrome oxidase subunit 1 (COI) gene, partial cds; mitochondrial"
"1","                                                                                              "
"1","
"
"1","                                                                                                                           "
"1"," JQ536396.1 Morpho helenor cytochrome oxidase subunit 1 (COI) gene, partial cds; mitochondrial"
"1","
MZ335432.1 Morpho helenor voucher MACN-Bar-Lep-ct 06792 cytochrome oxidase subunit 1 (COI) gene, partial cds; mitochondrial"
"1","                                                                                              "
"1","
MZ335265.1 Morpho helenor voucher MACN-Bar-Lep-ct 06795 cytochrome oxidase subunit 1 (COI) gene, partial cds; mitochondrial"
"1","                                                                                              "
"1","
JN282556.1 Morpho helenor voucher NS-RR0118 cytochrome oxidase subunit 1 (COI) gene, partial cds; mitochondrial            "
"1","                                                                                              "
"1","
MF547258.1 Morpho helenor voucher MACN-Bar-Lep-ct 02212 cytochrome oxidase subunit 1 (COI) gene, partial cds; mitochondrial"
"1","                                                                                              "
"1","
MF547169.1 Morpho helenor voucher MACN-Bar-Lep-ct 02215 cytochrome oxidase subunit 1 (COI) gene, partial cds; mitochondrial"
"1","                                                                                              "
"1","
MF546171.1 Morpho helenor voucher MACN-Bar-Lep-ct 02533 cytochrome oxidase subunit 1 (COI) gene, partial cds; mitochondrial"
"1","                                                                                              "
"1","
MF545983.1 Morpho helenor voucher MACN-Bar-Lep-ct 01006 cytochrome oxidase subunit 1 (COI) gene, partial cds; mitochondrial"
"1","                                                                                              "
"1","
"
"1","                                                                                                                           "
"1"," GU334217.2 Morpho helenor cytochrome oxidase subunit I (COI) gene, partial cds; mitochondrial"
"1","
MZ335432.1 Morpho helenor voucher MACN-Bar-Lep-ct 06792 cytochrome oxidase subunit 1 (COI) gene, partial cds; mitochondrial"
"1","                                                                                              "
"1","
MZ335265.1 Morpho helenor voucher MACN-Bar-Lep-ct 06795 cytochrome oxidase subunit 1 (COI) gene, partial cds; mitochondrial"
"1","                                                                                              "
"1","
JN282556.1 Morpho helenor voucher NS-RR0118 cytochrome oxidase subunit 1 (COI) gene, partial cds; mitochondrial            "
"1","                                                                                              "
"1","
MF547258.1 Morpho helenor voucher MACN-Bar-Lep-ct 02212 cytochrome oxidase subunit 1 (COI) gene, partial cds; mitochondrial"
"1","                                                                                              "
"1","
MF547169.1 Morpho helenor voucher MACN-Bar-Lep-ct 02215 cytochrome oxidase subunit 1 (COI) gene, partial cds; mitochondrial"
"1","                                                                                              "
"1","
MF546171.1 Morpho helenor voucher MACN-Bar-Lep-ct 02533 cytochrome oxidase subunit 1 (COI) gene, partial cds; mitochondrial"
"1","                                                                                              "
"1","
MF545983.1 Morpho helenor voucher MACN-Bar-Lep-ct 01006 cytochrome oxidase subunit 1 (COI) gene, partial cds; mitochondrial"
"1","                                                                                              "
"1","
"
"1","                                                                                                                           "
"1"," JQ536397.1 Morpho helenor cytochrome oxidase subunit 1 (COI) gene, partial cds; mitochondrial"
"1","
MZ335432.1 Morpho helenor voucher MACN-Bar-Lep-ct 06792 cytochrome oxidase subunit 1 (COI) gene, partial cds; mitochondrial"
"1","                                                                                              "
"1","
MZ335265.1 Morpho helenor voucher MACN-Bar-Lep-ct 06795 cytochrome oxidase subunit 1 (COI) gene, partial cds; mitochondrial"
"1","                                                                                              "
"1","
JN282556.1 Morpho helenor voucher NS-RR0118 cytochrome oxidase subunit 1 (COI) gene, partial cds; mitochondrial            "
"1","                                                                                              "
"1","
MF547258.1 Morpho helenor voucher MACN-Bar-Lep-ct 02212 cytochrome oxidase subunit 1 (COI) gene, partial cds; mitochondrial"
"1","                                                                                              "
"1","
MF547169.1 Morpho helenor voucher MACN-Bar-Lep-ct 02215 cytochrome oxidase subunit 1 (COI) gene, partial cds; mitochondrial"
"1","                                                                                              "
"1","
MF546171.1 Morpho helenor voucher MACN-Bar-Lep-ct 02533 cytochrome oxidase subunit 1 (COI) gene, partial cds; mitochondrial"
"1","                                                                                              "
"1","
MF545983.1 Morpho helenor voucher MACN-Bar-Lep-ct 01006 cytochrome oxidase subunit 1 (COI) gene, partial cds; mitochondrial"
"1","                                                                                              "
"1","
"
"1","                                                                                                                           "
"1"," JQ536379.1 Morpho helenor cytochrome oxidase subunit 1 (COI) gene, partial cds; mitochondrial"
"1","
MZ335432.1 Morpho helenor voucher MACN-Bar-Lep-ct 06792 cytochrome oxidase subunit 1 (COI) gene, partial cds; mitochondrial"
"1","                                                                                              "
"1","
MZ335265.1 Morpho helenor voucher MACN-Bar-Lep-ct 06795 cytochrome oxidase subunit 1 (COI) gene, partial cds; mitochondrial"
"1","                                                                                              "
"1","
JN282556.1 Morpho helenor voucher NS-RR0118 cytochrome oxidase subunit 1 (COI) gene, partial cds; mitochondrial            "
"1","                                                                                              "
"1","
MF547258.1 Morpho helenor voucher MACN-Bar-Lep-ct 02212 cytochrome oxidase subunit 1 (COI) gene, partial cds; mitochondrial"
"1","                                                                                              "
"1","
MF547169.1 Morpho helenor voucher MACN-Bar-Lep-ct 02215 cytochrome oxidase subunit 1 (COI) gene, partial cds; mitochondrial"
"1","                                                                                              "
"1","
MF546171.1 Morpho helenor voucher MACN-Bar-Lep-ct 02533 cytochrome oxidase subunit 1 (COI) gene, partial cds; mitochondrial"
"1","                                                                                              "
"1","
MF545983.1 Morpho helenor voucher MACN-Bar-Lep-ct 01006 cytochrome oxidase subunit 1 (COI) gene, partial cds; mitochondrial"
"1","                                                                                              "
"1","
"
"1","                                                                                                                           "
"1"," GU334227.2 Morpho helenor cytochrome oxidase subunit I (COI) gene, partial cds; mitochondrial"
"1","
MZ335432.1 Morpho helenor voucher MACN-Bar-Lep-ct 06792 cytochrome oxidase subunit 1 (COI) gene, partial cds; mitochondrial"
"1","                                                                                              "
"1","
MZ335265.1 Morpho helenor voucher MACN-Bar-Lep-ct 06795 cytochrome oxidase subunit 1 (COI) gene, partial cds; mitochondrial"
"1","                                                                                              "
"1","
JN282556.1 Morpho helenor voucher NS-RR0118 cytochrome oxidase subunit 1 (COI) gene, partial cds; mitochondrial            "
"1","                                                                                              "
"1","
MF547258.1 Morpho helenor voucher MACN-Bar-Lep-ct 02212 cytochrome oxidase subunit 1 (COI) gene, partial cds; mitochondrial"
"1","                                                                                              "
"1","
MF547169.1 Morpho helenor voucher MACN-Bar-Lep-ct 02215 cytochrome oxidase subunit 1 (COI) gene, partial cds; mitochondrial"
"1","                                                                                              "
"1","
MF546171.1 Morpho helenor voucher MACN-Bar-Lep-ct 02533 cytochrome oxidase subunit 1 (COI) gene, partial cds; mitochondrial"
"1","                                                                                              "
"1","
MF545983.1 Morpho helenor voucher MACN-Bar-Lep-ct 01006 cytochrome oxidase subunit 1 (COI) gene, partial cds; mitochondrial"
"1","                                                                                              "
"1","
"
"1","                                                                                                                           "
"1"," GU157458.1 Morpho helenor cytochrome oxidase subunit 1 (COI) gene, partial cds; mitochondrial"
"1","
MZ335432.1 Morpho helenor voucher MACN-Bar-Lep-ct 06792 cytochrome oxidase subunit 1 (COI) gene, partial cds; mitochondrial"
"1","                                                                                              "
"1","
MZ335265.1 Morpho helenor voucher MACN-Bar-Lep-ct 06795 cytochrome oxidase subunit 1 (COI) gene, partial cds; mitochondrial"
"1","                                                                                              "
"1","
JN282556.1 Morpho helenor voucher NS-RR0118 cytochrome oxidase subunit 1 (COI) gene, partial cds; mitochondrial            "
"1","                                                                                              "
"1","
MF547258.1 Morpho helenor voucher MACN-Bar-Lep-ct 02212 cytochrome oxidase subunit 1 (COI) gene, partial cds; mitochondrial"
"1","                                                                                              "
"1","
MF547169.1 Morpho helenor voucher MACN-Bar-Lep-ct 02215 cytochrome oxidase subunit 1 (COI) gene, partial cds; mitochondrial"
"1","                                                                                              "
"1","
MF546171.1 Morpho helenor voucher MACN-Bar-Lep-ct 02533 cytochrome oxidase subunit 1 (COI) gene, partial cds; mitochondrial"
"1","                                                                                              "
"1","
MF545983.1 Morpho helenor voucher MACN-Bar-Lep-ct 01006 cytochrome oxidase subunit 1 (COI) gene, partial cds; mitochondrial"
"1","                                                                                              "
"1","
"
"1","                                                                                                                           "
"1"," GU157446.1 Morpho helenor cytochrome oxidase subunit 1 (COI) gene, partial cds; mitochondrial"
"1","
MZ335432.1 Morpho helenor voucher MACN-Bar-Lep-ct 06792 cytochrome oxidase subunit 1 (COI) gene, partial cds; mitochondrial"
"1","                                                                                              "
"1","
MZ335265.1 Morpho helenor voucher MACN-Bar-Lep-ct 06795 cytochrome oxidase subunit 1 (COI) gene, partial cds; mitochondrial"
"1","                                                                                              "
"1","
JN282556.1 Morpho helenor voucher NS-RR0118 cytochrome oxidase subunit 1 (COI) gene, partial cds; mitochondrial            "
"1","                                                                                              "
"1","
MF547258.1 Morpho helenor voucher MACN-Bar-Lep-ct 02212 cytochrome oxidase subunit 1 (COI) gene, partial cds; mitochondrial"
"1","                                                                                              "
"1","
MF547169.1 Morpho helenor voucher MACN-Bar-Lep-ct 02215 cytochrome oxidase subunit 1 (COI) gene, partial cds; mitochondrial"
"1","                                                                                              "
"1","
MF546171.1 Morpho helenor voucher MACN-Bar-Lep-ct 02533 cytochrome oxidase subunit 1 (COI) gene, partial cds; mitochondrial"
"1","                                                                                              "
"1","
MF545983.1 Morpho helenor voucher MACN-Bar-Lep-ct 01006 cytochrome oxidase subunit 1 (COI) gene, partial cds; mitochondrial"
"1","                                                                                              "
"1","
"
"1","                                                                                                                           "
"1"," GU157452.1 Morpho helenor cytochrome oxidase subunit 1 (COI) gene, partial cds; mitochondrial"
"1","
MZ335432.1 Morpho helenor voucher MACN-Bar-Lep-ct 06792 cytochrome oxidase subunit 1 (COI) gene, partial cds; mitochondrial"
"1","                                                                                              "
"1","
MZ335265.1 Morpho helenor voucher MACN-Bar-Lep-ct 06795 cytochrome oxidase subunit 1 (COI) gene, partial cds; mitochondrial"
"1","                                                                                              "
"1","
JN282556.1 Morpho helenor voucher NS-RR0118 cytochrome oxidase subunit 1 (COI) gene, partial cds; mitochondrial            "
"1","                                                                                              "
"1","
MF547258.1 Morpho helenor voucher MACN-Bar-Lep-ct 02212 cytochrome oxidase subunit 1 (COI) gene, partial cds; mitochondrial"
"1","                                                                                              "
"1","
MF547169.1 Morpho helenor voucher MACN-Bar-Lep-ct 02215 cytochrome oxidase subunit 1 (COI) gene, partial cds; mitochondrial"
"1","                                                                                              "
"1","
MF546171.1 Morpho helenor voucher MACN-Bar-Lep-ct 02533 cytochrome oxidase subunit 1 (COI) gene, partial cds; mitochondrial"
"1","                                                                                              "
"1","
MF545983.1 Morpho helenor voucher MACN-Bar-Lep-ct 01006 cytochrome oxidase subunit 1 (COI) gene, partial cds; mitochondrial"
"1","                                                                                              "
"1","
"
"1","                                                                                                                           "
"1"," JQ536378.1 Morpho helenor cytochrome oxidase subunit 1 (COI) gene, partial cds; mitochondrial"
"1","
MZ335432.1 Morpho helenor voucher MACN-Bar-Lep-ct 06792 cytochrome oxidase subunit 1 (COI) gene, partial cds; mitochondrial"
"1","                                                                                              "
"1","
MZ335265.1 Morpho helenor voucher MACN-Bar-Lep-ct 06795 cytochrome oxidase subunit 1 (COI) gene, partial cds; mitochondrial"
"1","                                                                                              "
"1","
JN282556.1 Morpho helenor voucher NS-RR0118 cytochrome oxidase subunit 1 (COI) gene, partial cds; mitochondrial            "
"1","                                                                                              "
"1","
MF547258.1 Morpho helenor voucher MACN-Bar-Lep-ct 02212 cytochrome oxidase subunit 1 (COI) gene, partial cds; mitochondrial"
"1","                                                                                              "
"1","
MF547169.1 Morpho helenor voucher MACN-Bar-Lep-ct 02215 cytochrome oxidase subunit 1 (COI) gene, partial cds; mitochondrial"
"1","                                                                                              "
"1","
MF546171.1 Morpho helenor voucher MACN-Bar-Lep-ct 02533 cytochrome oxidase subunit 1 (COI) gene, partial cds; mitochondrial"
"1","                                                                                              "
"1","
MF545983.1 Morpho helenor voucher MACN-Bar-Lep-ct 01006 cytochrome oxidase subunit 1 (COI) gene, partial cds; mitochondrial"
"1","                                                                                              "
"1","
"
"1","                                                                                                                           "
"1"," GU157443.1 Morpho helenor cytochrome oxidase subunit 1 (COI) gene, partial cds; mitochondrial"
"1","
MZ335432.1 Morpho helenor voucher MACN-Bar-Lep-ct 06792 cytochrome oxidase subunit 1 (COI) gene, partial cds; mitochondrial"
"1","                                                                                              "
"1","
MZ335265.1 Morpho helenor voucher MACN-Bar-Lep-ct 06795 cytochrome oxidase subunit 1 (COI) gene, partial cds; mitochondrial"
"1","                                                                                              "
"1","
JN282556.1 Morpho helenor voucher NS-RR0118 cytochrome oxidase subunit 1 (COI) gene, partial cds; mitochondrial            "
"1","                                                                                              "
"1","
MF547258.1 Morpho helenor voucher MACN-Bar-Lep-ct 02212 cytochrome oxidase subunit 1 (COI) gene, partial cds; mitochondrial"
"1","                                                                                              "
"1","
MF547169.1 Morpho helenor voucher MACN-Bar-Lep-ct 02215 cytochrome oxidase subunit 1 (COI) gene, partial cds; mitochondrial"
"1","                                                                                              "
"1","
MF546171.1 Morpho helenor voucher MACN-Bar-Lep-ct 02533 cytochrome oxidase subunit 1 (COI) gene, partial cds; mitochondrial"
"1","                                                                                              "
"1","
MF545983.1 Morpho helenor voucher MACN-Bar-Lep-ct 01006 cytochrome oxidase subunit 1 (COI) gene, partial cds; mitochondrial"
"1","                                                                                              "
"1","
"
"1","                                                                                                                           "
"1"," JQ535939.1 Morpho helenor cytochrome oxidase subunit 1 (COI) gene, partial cds; mitochondrial"
"1","
MZ335432.1 Morpho helenor voucher MACN-Bar-Lep-ct 06792 cytochrome oxidase subunit 1 (COI) gene, partial cds; mitochondrial"
"1","                                                                                              "
"1","
MZ335265.1 Morpho helenor voucher MACN-Bar-Lep-ct 06795 cytochrome oxidase subunit 1 (COI) gene, partial cds; mitochondrial"
"1","                                                                                              "
"1","
JN282556.1 Morpho helenor voucher NS-RR0118 cytochrome oxidase subunit 1 (COI) gene, partial cds; mitochondrial            "
"1","                                                                                              "
"1","
MF547258.1 Morpho helenor voucher MACN-Bar-Lep-ct 02212 cytochrome oxidase subunit 1 (COI) gene, partial cds; mitochondrial"
"1","                                                                                              "
"1","
MF547169.1 Morpho helenor voucher MACN-Bar-Lep-ct 02215 cytochrome oxidase subunit 1 (COI) gene, partial cds; mitochondrial"
"1","                                                                                              "
"1","
MF546171.1 Morpho helenor voucher MACN-Bar-Lep-ct 02533 cytochrome oxidase subunit 1 (COI) gene, partial cds; mitochondrial"
"1","                                                                                              "
"1","
MF545983.1 Morpho helenor voucher MACN-Bar-Lep-ct 01006 cytochrome oxidase subunit 1 (COI) gene, partial cds; mitochondrial"
"1","                                                                                              "
"1","
"
"1","                                                                                                                           "
"1"," GU334224.1 Morpho helenor cytochrome oxidase subunit I (COI) gene, partial cds; mitochondrial"
"1","
MZ335432.1 Morpho helenor voucher MACN-Bar-Lep-ct 06792 cytochrome oxidase subunit 1 (COI) gene, partial cds; mitochondrial"
"1","                                                                                              "
"1","
MZ335265.1 Morpho helenor voucher MACN-Bar-Lep-ct 06795 cytochrome oxidase subunit 1 (COI) gene, partial cds; mitochondrial"
"1","                                                                                              "
"1","
JN282556.1 Morpho helenor voucher NS-RR0118 cytochrome oxidase subunit 1 (COI) gene, partial cds; mitochondrial            "
"1","                                                                                              "
"1","
MF547258.1 Morpho helenor voucher MACN-Bar-Lep-ct 02212 cytochrome oxidase subunit 1 (COI) gene, partial cds; mitochondrial"
"1","                                                                                              "
"1","
MF547169.1 Morpho helenor voucher MACN-Bar-Lep-ct 02215 cytochrome oxidase subunit 1 (COI) gene, partial cds; mitochondrial"
"1","                                                                                              "
"1","
MF546171.1 Morpho helenor voucher MACN-Bar-Lep-ct 02533 cytochrome oxidase subunit 1 (COI) gene, partial cds; mitochondrial"
"1","                                                                                              "
"1","
MF545983.1 Morpho helenor voucher MACN-Bar-Lep-ct 01006 cytochrome oxidase subunit 1 (COI) gene, partial cds; mitochondrial"
"1","                                                                                              "
"1","
"
"1","                                                                                                                           "
"1"," JN696174.1 Morpho helenor voucher NW127-12 cytochrome c oxidase subunit I (COI) gene, partial cds; mitochondrial"
"1","
MZ335432.1 Morpho helenor voucher MACN-Bar-Lep-ct 06792 cytochrome oxidase subunit 1 (COI) gene, partial cds; mitochondrial"
"1","                                                                                                                 "
"1","
MZ335265.1 Morpho helenor voucher MACN-Bar-Lep-ct 06795 cytochrome oxidase subunit 1 (COI) gene, partial cds; mitochondrial"
"1","                                                                                                                 "
"1","
JN282556.1 Morpho helenor voucher NS-RR0118 cytochrome oxidase subunit 1 (COI) gene, partial cds; mitochondrial            "
"1","                                                                                                                 "
"1","
MF547258.1 Morpho helenor voucher MACN-Bar-Lep-ct 02212 cytochrome oxidase subunit 1 (COI) gene, partial cds; mitochondrial"
"1","                                                                                                                 "
"1","
MF547169.1 Morpho helenor voucher MACN-Bar-Lep-ct 02215 cytochrome oxidase subunit 1 (COI) gene, partial cds; mitochondrial"
"1","                                                                                                                 "
"1","
MF546171.1 Morpho helenor voucher MACN-Bar-Lep-ct 02533 cytochrome oxidase subunit 1 (COI) gene, partial cds; mitochondrial"
"1","                                                                                                                 "
"1","
MF545983.1 Morpho helenor voucher MACN-Bar-Lep-ct 01006 cytochrome oxidase subunit 1 (COI) gene, partial cds; mitochondrial"
"1","                                                                                                                 "
"1","
"
"1","                                                                                                                           "
"1"," JN696173.1 Morpho helenor voucher NW103-6 cytochrome c oxidase subunit I (COI) gene, partial cds; mitochondrial"
"1","
MZ335432.1 Morpho helenor voucher MACN-Bar-Lep-ct 06792 cytochrome oxidase subunit 1 (COI) gene, partial cds; mitochondrial"
"1","                                                                                                                "
"1","
MZ335265.1 Morpho helenor voucher MACN-Bar-Lep-ct 06795 cytochrome oxidase subunit 1 (COI) gene, partial cds; mitochondrial"
"1","                                                                                                                "
"1","
JN282556.1 Morpho helenor voucher NS-RR0118 cytochrome oxidase subunit 1 (COI) gene, partial cds; mitochondrial            "
"1","                                                                                                                "
"1","
MF547258.1 Morpho helenor voucher MACN-Bar-Lep-ct 02212 cytochrome oxidase subunit 1 (COI) gene, partial cds; mitochondrial"
"1","                                                                                                                "
"1","
MF547169.1 Morpho helenor voucher MACN-Bar-Lep-ct 02215 cytochrome oxidase subunit 1 (COI) gene, partial cds; mitochondrial"
"1","                                                                                                                "
"1","
MF546171.1 Morpho helenor voucher MACN-Bar-Lep-ct 02533 cytochrome oxidase subunit 1 (COI) gene, partial cds; mitochondrial"
"1","                                                                                                                "
"1","
MF545983.1 Morpho helenor voucher MACN-Bar-Lep-ct 01006 cytochrome oxidase subunit 1 (COI) gene, partial cds; mitochondrial"
"1","                                                                                                                "
"1","
"
"1"," [ reached getOption(""max.print"") -- omitted 121 rows ]
"
