"key","scientificName","decimalLatitude","decimalLongitude","stateProvince","year","eventDate","countryCode","coordinateUncertaintyInMeters"
"5938421980","Morpho helenor Cramer, 1782",-25.433697,-54.476278,"Paraná",2026,"2026-01-03T17:36:49","BR",NA
"6129834329","Morpho helenor Cramer, 1782",8.621311,-80.139711,"Coclé",2026,"2026-01-20T14:28","PA",237
"6129873741","Morpho helenor Cramer, 1782",-27.4463,-48.526413,"Santa Catarina",2026,"2026-01-25T11:14:23","BR",NA
"6129947237","Morpho helenor Cramer, 1782",-20.094672,-44.324167,"Minas Gerais",2026,"2026-01-20T09:28:06","BR",5
"6129953833","Morpho helenor Cramer, 1782",9.897294,-84.256988,"San José",2026,"2026-01-18T13:34:35","CR",6
"6129970994","Morpho helenor Cramer, 1782",10.304836,-84.818415,"Puntarenas",2026,"2026-01-12T22:11:19","CR",357
"6130074663","Morpho helenor Cramer, 1782",15.533678,-89.958453,"Alta Verapaz",2026,"2026-01-06T13:26:25","GT",NA
"6130100652","Morpho helenor Cramer, 1782",9.857805,-84.576287,"Alajuela",2026,"2026-01-15T14:52:51","CR",13
"6130294622","Morpho helenor Cramer, 1782",9.857767,-84.576325,"Alajuela",2026,"2026-01-15T14:47:35","CR",5
"6130443125","Morpho helenor Cramer, 1782",18.364066,-94.967717,"Veracruz",2026,"2026-01-05T13:34","MX",NA
"6130497357","Morpho helenor Cramer, 1782",10.482029,-85.786462,"Guanacaste",2026,"2026-01-13T11:58:51","CR",5
"6130513696","Morpho helenor Cramer, 1782",-0.501463,-76.364206,"Sucumbios",2026,"2026-01-01T12:29:54","EC",372
"6130581838","Morpho helenor Cramer, 1782",8.85763,-82.73817,"Chiriquí",2026,"2026-01-09T12:00:38","PA",36
"6130632629","Morpho helenor Cramer, 1782",17.047723,-98.019021,"Oaxaca",2026,"2026-01-10T12:07","MX",469
"6130722180","Morpho helenor Cramer, 1782",10.009225,-84.121483,"Heredia",2026,"2026-01-06T12:28:02","CR",7
"6130757128","Morpho helenor Cramer, 1782",10.009183,-84.121575,"Heredia",2026,"2026-01-06T12:28:44","CR",6
"6130760018","Morpho helenor Cramer, 1782",-25.50561,-54.570082,"Paraná",2026,"2026-01-14T11:34:39","BR",NA
"6130781329","Morpho helenor Cramer, 1782",10.717421,-85.025528,"Alajuela",2026,"2026-01-08T16:51:55","CR",NA
"6130874540","Morpho helenor helenor",-3.007219,-59.939414,"Amazonas",2026,"2026-01-10T00:16","BR",NA
"6130989660","Morpho helenor Cramer, 1782",11.249983,-73.52922,"La Guajira",2026,"2026-01-10T10:50:41","CO",59
"6131018539","Morpho helenor Cramer, 1782",-20.254859,-46.404648,"Minas Gerais",2026,"2026-01-02T10:07","BR",15
"6131119173","Morpho helenor Cramer, 1782",-22.823644,-47.105092,"São Paulo",2026,"2026-01-10T10:14:39","BR",NA
"6131260894","Morpho helenor Cramer, 1782",10.028808,-83.351277,"Limón",2026,"2026-01-11T13:56:21","CR",NA
"6131340260","Morpho helenor Cramer, 1782",-27.471993,-55.823955,"Misiones",2026,"2026-01-18T16:17:40","AR",31
"6131524983","Morpho helenor Cramer, 1782",15.534612,-89.95758,"Alta Verapaz",2026,"2026-01-03T11:39:20","GT",50
"6131565921","Morpho helenor Cramer, 1782",-2.111111,-77.749131,"Morona Santiago",2026,"2026-01-02T16:50:51","EC",NA
"6131571790","Morpho helenor Cramer, 1782",10.307117,-84.811642,"Puntarenas",2026,"2026-01-07T12:53:16","CR",NA
"6131601772","Morpho helenor Cramer, 1782",10.009197,-84.121544,"Heredia",2026,"2026-01-06T12:28:43","CR",9
"6131616653","Morpho helenor Cramer, 1782",20.579267,-87.121169,"Quintana Roo",2026,"2026-01-18T17:14:21","MX",4
"6133053879","Morpho helenor Cramer, 1782",-12.0499,-69.531799,"Madre de Dios",2026,"2026-01-21T07:37:59","PE",159
"6133098895","Morpho helenor Cramer, 1782",9.734973,-82.835033,"Limón",2026,"2026-01-23T11:25:18","CR",NA
"6133160826","Morpho helenor Cramer, 1782",9.761192,-83.784783,"Cartago",2026,"2026-01-28T13:59:55","CR",14
"6133180199","Morpho helenor Cramer, 1782",20.487027,-86.945993,"Quintana Roo",2026,"2026-01-01T10:06","MX",28
"6133188463","Morpho helenor Cramer, 1782",-27.226573,-54.017445,"Misiones",2026,"2026-01-28T09:11:59","AR",4
"6133295941","Morpho helenor Cramer, 1782",-27.378833,-55.644206,"Misiones",2026,"2026-01-07T12:13","AR",NA
"6133300488","Morpho helenor Cramer, 1782",14.947732,-88.045273,"Cortés",2026,"2026-01-14T16:46","HN",214
"6133336116","Morpho helenor Cramer, 1782",9.734288,-82.831597,"Limón",2026,"2026-01-14T10:24:26","CR",4
"6133495762","Morpho helenor Cramer, 1782",20.488742,-86.831712,"Quintana Roo",2026,"2026-01-27T12:37:12","MX",7
"6133529537","Morpho helenor Cramer, 1782",20.477193,-86.969153,"Quintana Roo",2026,"2026-01-30T16:35:44","MX",8
"6133613313","Morpho helenor Cramer, 1782",-23.084591,-47.181054,"São Paulo",2026,"2026-01-30T15:11:14","BR",NA
"6147305478","Morpho helenor Cramer, 1782",8.786267,-82.959228,"Puntarenas",2026,"2026-01-26T10:20","CR",3
"6147593713","Morpho helenor Cramer, 1782",1.275892,-78.094711,"Nariño",2026,"2026-01-27T15:09:55","CO",9
"6147635208","Morpho helenor Cramer, 1782",-23.360153,-44.73214,"Rio de Janeiro",2026,"2026-01-24T09:18","BR",89
"6147657601","Morpho helenor Cramer, 1782",-27.4217,-55.423886,"Misiones",2026,"2026-01-31T19:49:33","AR",262
"6159171367","Morpho helenor Cramer, 1782",9.909699,-83.942796,"Cartago",2026,"2026-01-30T10:28","CR",773
"6159173244","Morpho helenor Cramer, 1782",-6.446812,-76.350028,"San Martín",2026,"2026-01-04T10:43:20","PE",225
"6159175675","Morpho helenor Cramer, 1782",10.303886,-84.803314,"Puntarenas",2026,"2026-01-24T12:28","CR",5
"6159276295","Morpho helenor Cramer, 1782",-12.594462,-69.17527,"Madre de Dios",2026,"2026-01-31T11:50:42","PE",15
"6159319076","Morpho helenor Cramer, 1782",8.993594,-79.546294,"Panamá",2026,"2026-01-18T10:12","PA",341
"6159338976","Morpho helenor Cramer, 1782",-27.446306,-48.526302,"Santa Catarina",2026,"2026-01-25T11:10:55","BR",NA
"6159341080","Morpho helenor Cramer, 1782",-25.607381,-54.553131,"Misiones",2026,"2026-01-08T17:27","AR",NA
"6159357226","Morpho helenor Cramer, 1782",0.188804,-78.854123,"Pichincha",2026,"2026-01-14T08:57","EC",190
"6159397553","Morpho helenor Cramer, 1782",-27.460761,-55.162111,"Misiones",2026,"2026-01-19T19:56","AR",287
"6159412135","Morpho helenor Cramer, 1782",1.678375,-78.754342,"Nariño",2026,"2026-01-25T10:03:13","CO",4
"6159472190","Morpho helenor Cramer, 1782",10.456288,-84.644897,"Alajuela",2026,"2026-01-16T11:05:19","CR",4
"6159495441","Morpho helenor Cramer, 1782",14.925224,-88.049535,"Cortés",2026,"2026-01-17T15:36","HN",208
"6159530505","Morpho helenor Cramer, 1782",10.310814,-84.823137,"Puntarenas",2026,"2026-01-23T13:55","CR",15
"6159560206","Morpho helenor Cramer, 1782",11.094976,-74.078757,"Magdalena",2026,"2026-01-18T09:02:34","CO",NA
"6159595343","Morpho helenor Cramer, 1782",4.251859,-75.096314,"Tolima",2026,"2026-01-18T12:36:01","CO",186
"6159606906","Morpho helenor Cramer, 1782",10.520989,-83.493763,"Limón",2026,"2026-01-11T19:17","CR",977
"6159661431","Morpho helenor Cramer, 1782",8.992521,-79.544249,"Panamá",2026,"2026-01-18T09:13:02","PA",50
"6159701503","Morpho helenor Cramer, 1782",0.166359,-78.937683,"Pichincha",2026,"2026-01-03T15:33","EC",4
"6163369330","Morpho helenor Cramer, 1782",5.234332,-76.088314,"Risaralda",2026,"2026-01-29T13:39","CO",188
"6178388055","Morpho helenor Cramer, 1782",10.342482,-84.798315,"Guanacaste",2026,"2026-01-25T11:00","CR",376
"6178817375","Morpho helenor Cramer, 1782",-25.607219,-54.553694,"Misiones",2026,"2026-01-09T08:59","AR",NA
"6178868959","Morpho helenor Cramer, 1782",4.939245,-52.533871,"Cayenne",2026,"2026-01-02T20:41","GF",679
"6178882596","Morpho helenor Cramer, 1782",6.01869,-77.34857,"Chocó",2026,"2026-01-19T10:01","CO",NA
"6178960539","Morpho helenor Cramer, 1782",20.500729,-86.846522,"Quintana Roo",2026,"2026-01-29T10:46","MX",763
"6179379584","Morpho helenor Cramer, 1782",10.398233,-61.039955,"Mayaro/Rio Claro",2026,"2026-01-17T15:18:52","TT",4
"6179525037","Morpho helenor helenor",4.939948,-55.191076,"Brokopondo",2026,"2026-01-14T10:00","SR",26
"6184736396","Morpho helenor Cramer, 1782",10.33484,-84.290523,"Alajuela",2026,"2026-01-11T10:29","CR",31
"6234732171","Morpho helenor Cramer, 1782",8.621311,-80.139711,"Coclé",2026,"2026-01-20T14:56","PA",32
"6251662411","Morpho helenor Cramer, 1782",10.456363,-84.274803,"Alajuela",2026,"2026-01-26T09:01:44","CR",26
"6133106029","Morpho helenor Cramer, 1782",-27.356191,-56.004114,"Misiones",2026,"2026-02-01T10:34:23","AR",23
"6147241633","Morpho helenor Cramer, 1782",-27.368623,-55.895358,"Misiones",2026,"2026-02-02T18:30","AR",279
"6159160538","Morpho helenor Cramer, 1782",9.936424,-84.380752,"Alajuela",2026,"2026-02-03T11:01","CR",24
"6159160540","Morpho helenor Cramer, 1782",9.9365,-84.380242,"Alajuela",2026,"2026-02-04T09:40:43","CR",4
"6159218953","Morpho helenor Cramer, 1782",-27.458944,-55.161783,"Misiones",2026,"2026-02-14T11:12","AR",205
"6159244377","Morpho helenor Cramer, 1782",10.30928,-84.817422,"Puntarenas",2026,"2026-02-04T12:50","CR",NA
"6159247944","Morpho helenor Cramer, 1782",-23.131933,-44.17922,"Rio de Janeiro",2026,"2026-02-14T08:22:31","BR",4
"6159328731","Morpho helenor Cramer, 1782",-27.046094,-55.564564,"Itapúa",2026,"2026-02-15T10:15","PY",8
"6159376621","Morpho helenor Cramer, 1782",-22.82371,-47.105104,"São Paulo",2026,"2026-02-03T10:20:39","BR",NA
"6159410720","Morpho helenor Cramer, 1782",10.899917,-85.328933,"Alajuela",2026,"2026-02-07T16:33:32","CR",4
"6159449395","Morpho helenor Cramer, 1782",20.552886,-86.913635,"Quintana Roo",2026,"2026-02-11T09:16:23","MX",53
"6159480729","Morpho helenor Cramer, 1782",10.377365,-84.897461,"Guanacaste",2026,"2026-02-08T11:26:34","CR",23
"6159532847","Morpho helenor Cramer, 1782",9.641263,-83.91733,"San José",2026,"2026-02-10T08:29:37","CR",1
"6159589053","Morpho helenor Cramer, 1782",8.81575,-82.95668,"Puntarenas",2026,"2026-02-03T07:18:51","CR",4
"6159653641","Morpho helenor Cramer, 1782",10.724058,-61.591691,"Diego Martin",2026,"2026-02-14T14:31:08","TT",292
"6159670115","Morpho helenor Cramer, 1782",-27.578055,-55.407909,"Misiones",2026,"2026-02-16T14:09:46","AR",196
"6159706440","Morpho helenor Cramer, 1782",9.721998,-82.81994,"Limón",2026,"2026-02-12T12:47:33","CR",5
"6162772722","Morpho helenor Cramer, 1782",18.335128,-88.124944,"Corozal",2026,"2026-02-18T18:36","BZ",43
"6162875105","Morpho helenor Cramer, 1782",-22.942914,-47.146416,"São Paulo",2026,"2026-02-22T16:09:44","BR",300
"6163010920","Morpho helenor Cramer, 1782",10.49047,-84.754088,"Alajuela",2026,"2026-02-16T09:02:01","CR",73
"6163068741","Morpho helenor Cramer, 1782",11.427128,-85.526078,"Rivas",2026,"2026-02-22T14:57:46","NI",NA
"6163088681","Morpho helenor Cramer, 1782",-22.938442,-47.1474,"São Paulo",2026,"2026-02-18T15:18:06","BR",4
"6163090334","Morpho helenor Cramer, 1782",-22.618124,-52.173072,"São Paulo",2026,"2026-02-07T10:26","BR",95
"6163207440","Morpho helenor Cramer, 1782",5.570922,-73.654747,"Boyacá",2026,"2026-02-18T10:15:36","CO",4
"6163231982","Morpho helenor Cramer, 1782",10.529262,-85.74627,"Guanacaste",2026,"2026-02-23T08:16:57","CR",16
"6163233106","Morpho helenor Cramer, 1782",11.982307,-83.956744,"Atlántico Sur",2026,"2026-02-16T11:22:55","NI",5
"6163237704","Morpho helenor Cramer, 1782",10.37512,-84.007878,"Heredia",2026,"2026-02-18T13:07:14","CR",1
"6163301881","Morpho helenor Cramer, 1782",15.69459,-86.905393,"Atlántida",2026,"2026-02-07T15:07","HN",NA
"6163334245","Morpho helenor Cramer, 1782",9.734475,-82.827513,"Limón",2026,"2026-02-22T12:16:59","CR",2
"6163337117","Morpho helenor Cramer, 1782",10.12562,-61.112173,"Mayaro/Rio Claro",2026,"2026-02-17T10:41:30","TT",NA
"6170891902","Morpho helenor Cramer, 1782",10.028928,-83.351342,"Limón",2026,"2026-02-24T13:35:06","CR",11
"6170920969","Morpho helenor Cramer, 1782",-21.67342,-44.137076,"Minas Gerais",2026,"2026-02-23T14:35:49","BR",190
"6170991224","Morpho helenor Cramer, 1782",10.534939,-83.50887,"Limón",2026,"2026-02-15T09:34","CR",183
"6170995611","Morpho helenor Cramer, 1782",10.30569,-84.800362,"Puntarenas",2026,"2026-02-25T11:53:42","CR",4
"6170999987","Morpho helenor Cramer, 1782",-19.876911,-43.972908,"Minas Gerais",2026,"2026-02-25T16:29:04","BR",NA
"6171011352","Morpho helenor Cramer, 1782",-0.948191,-77.866534,"Napo",2026,"2026-02-26T13:42","EC",126
"6171087027","Morpho helenor Cramer, 1782",-20.147251,-46.670213,"Minas Gerais",2026,"2026-02-16T11:42:35","BR",NA
"6171156923","Morpho helenor Cramer, 1782",8.449553,-83.482697,"Puntarenas",2026,"2026-02-20T13:27:21","CR",537
"6171157375","Morpho helenor Cramer, 1782",5.900968,-74.856937,"Antioquia",2026,"2026-02-20T13:40","CO",210
"6171192493","Morpho helenor Cramer, 1782",7.091,-73.38378,"Santander",2026,"2026-02-25T10:45","CO",NA
"6171315603","Morpho helenor Cramer, 1782",-27.6079,-48.440272,"Santa Catarina",2026,"2026-02-25T12:04:45","BR",4
"6171331057","Morpho helenor Cramer, 1782",11.097205,-74.078064,"Magdalena",2026,"2026-02-12T13:54","CO",122
"6171334210","Morpho helenor Cramer, 1782",8.762025,-82.677778,"Chiriquí",2026,"2026-02-12T20:31","PA",31
"6171376637","Morpho helenor Cramer, 1782",-22.937738,-47.14731,"São Paulo",2026,"2026-02-28T16:05:37","BR",7
"6171382696","Morpho helenor Cramer, 1782",7.09023,-73.3843,"Santander",2026,"2026-02-21T10:49","CO",NA
"6178313312","Morpho helenor Cramer, 1782",-24.58725,-48.629592,"São Paulo",2026,"2026-02-11T16:42:40","BR",108
"6178442281","Morpho helenor Cramer, 1782",10.204367,-84.162119,"Heredia",2026,"2026-02-04T12:30","CR",NA
"6178454539","Morpho helenor Cramer, 1782",10.308853,-84.816734,"Puntarenas",2026,"2026-02-04T13:40","CR",210
"6178454569","Morpho helenor Cramer, 1782",-23.427698,-46.708001,"São Paulo",2026,"2026-02-06T14:35:39","BR",164
"6178591923","Morpho helenor Cramer, 1782",10.481778,-84.616212,"Alajuela",2026,"2026-02-27T09:20:43","CR",4
"6178709408","Morpho helenor Cramer, 1782",9.832104,-83.563891,"Cartago",2026,"2026-02-28T10:27","CR",224
"6178734968","Morpho helenor Cramer, 1782",5.230389,-76.082806,"Risaralda",2026,"2026-02-14T13:20","CO",211
"6178759660","Morpho helenor Cramer, 1782",4.351331,-74.651389,"Cundinamarca",2026,"2026-02-25T10:13","CO",223
"6178891789","Morpho helenor Cramer, 1782",10.727461,-85.047242,"Alajuela",2026,"2026-02-07T11:22:53","CR",4
"6178957544","Morpho helenor Cramer, 1782",9.132437,-79.718603,"Colón",2026,"2026-02-21T22:48","PA",122
"6178959862","Morpho helenor Cramer, 1782",15.693437,-86.90314,"Atlántida",2026,"2026-02-10T12:57","HN",NA
"6179349692","Morpho helenor Cramer, 1782",9.176942,-83.730163,"Puntarenas",2026,"2026-02-18T17:17:08","CR",3
"6179443054","Morpho helenor Cramer, 1782",9.452927,-83.60724,"San José",2026,"2026-02-12T15:27:50","CR",204
"6179550298","Morpho helenor Cramer, 1782",-24.589048,-48.629573,"São Paulo",2026,"2026-02-10T19:39:13","BR",44
"6184865896","Morpho helenor Cramer, 1782",-25.628145,-54.59225,"Misiones",2026,"2026-02-15T19:20:15","AR",26
"6184871541","Morpho helenor Cramer, 1782",10.775303,-85.347397,"Guanacaste",2026,"2026-02-08T10:11:26","CR",159
"6184968603","Morpho helenor Cramer, 1782",-23.427627,-46.708005,"São Paulo",2026,"2026-02-06T14:35:39","BR",5
"6185382625","Morpho helenor Cramer, 1782",-22.823689,-47.105104,"São Paulo",2026,"2026-02-03T10:20:29","BR",205
"6187936976","Morpho helenor Cramer, 1782",-25.460508,-53.817784,"Paraná",2026,"2026-02-18","BR",NA
"6188660849","Morpho helenor Cramer, 1782",-25.871862,-48.564053,"Paraná",2026,"2026-02-05T20:13:52","BR",NA
"6195887099","Morpho helenor Cramer, 1782",-22.452864,-42.770281,"Rio de Janeiro",2026,"2026-02-12","BR",NA
"6234228138","Morpho helenor Cramer, 1782",16.7965,-88.381019,"Stann Creek",2026,"2026-02-28T16:14","BZ",4
"6234471609","Morpho helenor Cramer, 1782",9.828101,-83.772592,"Cartago",2026,"2026-02-26T12:16","CR",67
"6234724073","Morpho helenor Cramer, 1782",10.319044,-84.808285,"Puntarenas",2026,"2026-02-16T21:08:17","CR",63
"6234927418","Morpho helenor Cramer, 1782",10.318763,-84.808378,"Puntarenas",2026,"2026-02-15T14:58","CR",8
"6235670987","Morpho helenor Cramer, 1782",10.72747,-85.047219,"Alajuela",2026,"2026-02-27T12:59:45","CR",66
"6235778251","Morpho helenor Cramer, 1782",8.765145,-82.674163,"Chiriquí",2026,"2026-02-24T16:26:23","PA",69
"6235787412","Morpho helenor Cramer, 1782",-22.305509,-46.79513,"São Paulo",2026,"2026-02-28T12:55","BR",2
"6235842409","Morpho helenor Cramer, 1782",10.319639,-84.807878,"Puntarenas",2026,"2026-02-15T11:08","CR",48
"6236136481","Morpho helenor Cramer, 1782",10.7275,-85.047264,"Alajuela",2026,"2026-02-27T12:59:14","CR",4
"6252674686","Morpho helenor Cramer, 1782",-26.63275,-54.09624,"Misiones",2026,"2026-02-07T07:49","AR",500
"6171021462","Morpho helenor Cramer, 1782",-24.102289,-52.314507,"Paraná",2026,"2026-03-01T13:53","BR",8
"6171068926","Morpho helenor Cramer, 1782",20.60789,-87.09367,"Quintana Roo",2026,"2026-03-01T12:46:20","MX",52
"6171153830","Morpho helenor Cramer, 1782",17.055113,-97.883911,"Oaxaca",2026,"2026-03-01T12:23","MX",8
"6171200544","Morpho helenor Cramer, 1782",-24.101677,-52.313118,"Paraná",2026,"2026-03-01T14:22","BR",15
"6171207136","Morpho helenor Cramer, 1782",10.009208,-84.121508,"Heredia",2026,"2026-03-02T13:20:18","CR",3
"6178365171","Morpho helenor Cramer, 1782",-18.213588,-42.823895,"Minas Gerais",2026,"2026-03-09T10:02:06","BR",29
"6178482925","Morpho helenor Cramer, 1782",10.309499,-84.806173,"Puntarenas",2026,"2026-03-08T13:51:58","CR",149
"6178505821","Morpho helenor Cramer, 1782",17.078974,-97.844559,"Oaxaca",2026,"2026-03-07T12:29","MX",8
"6178571958","Morpho helenor Cramer, 1782",16.795425,-88.3797,"Stann Creek",2026,"2026-03-06T11:13:19","BZ",9
"6178594951","Morpho helenor Cramer, 1782",8.67214,-83.25798,"Puntarenas",2026,"2026-03-08T10:01","CR",NA
"6178640242","Morpho helenor Cramer, 1782",-29.245868,-51.024281,"Rio Grande do Sul",2026,"2026-03-14T13:34","BR",659
"6178771356","Morpho helenor Cramer, 1782",-22.937382,-47.14711,"São Paulo",2026,"2026-03-13T18:21:07","BR",4
"6179093323","Morpho helenor Cramer, 1782",9.702778,-84.659767,"Puntarenas",2026,"2026-03-10T08:03:37","CR",3
"6179280831","Morpho helenor Cramer, 1782",10.712532,-61.398827,"Tunapuna/Piarco",2026,"2026-03-08T09:41:45","TT",NA
"6179283515","Morpho helenor Cramer, 1782",-23.399281,-46.532954,"São Paulo",2026,"2026-03-08T11:27","BR",31
"6179390605","Morpho helenor Cramer, 1782",-22.544909,-46.559046,"São Paulo",2026,"2026-03-05T13:13:16","BR",199
"6179511053","Morpho helenor Cramer, 1782",-23.400234,-46.533463,"São Paulo",2026,"2026-03-05T13:18","BR",2
"6184779099","Morpho helenor Cramer, 1782",-18.211452,-42.825199,"Minas Gerais",2026,"2026-03-18T09:49:18","BR",41
"6184812404","Morpho helenor Cramer, 1782",10.166684,-61.263056,"Princes Town",2026,"2026-03-22T13:00:40","TT",NA
"6184826967","Morpho helenor Cramer, 1782",15.804016,-87.858136,"Cortés",2026,"2026-03-22T15:00","HN",76
"6184830159","Morpho helenor Cramer, 1782",8.785545,-82.964188,"Puntarenas",2026,"2026-03-22T09:47:49","CR",3
"6184853107","Morpho helenor Cramer, 1782",10.300712,-84.807735,"Puntarenas",2026,"2026-03-09T12:04","CR",15
"6184910000","Morpho helenor Cramer, 1782",10.6251,-61.455273,"San Juan-Laventille",2026,"2026-03-18T09:24:51","TT",34
"6185020505","Morpho helenor Cramer, 1782",-16.713928,-43.942303,"Minas Gerais",2026,"2026-03-18T08:48","BR",20
"6185033372","Morpho helenor Cramer, 1782",20.460211,-86.96822,"Quintana Roo",2026,"2026-03-27T13:54","MX",714
"6185055664","Morpho helenor Cramer, 1782",20.480846,-86.960587,"Quintana Roo",2026,"2026-03-02T09:27:38","MX",NA
"6185114176","Morpho helenor Cramer, 1782",-22.127571,-45.136974,"Minas Gerais",2026,"2026-03-18T16:32:02","BR",53
"6185462610","Morpho helenor Cramer, 1782",20.67576,-87.043636,"Quintana Roo",2026,"2026-03-23T11:34:19","MX",11
"6185679902","Morpho helenor Cramer, 1782",-23.465048,-46.731647,"São Paulo",2026,"2026-03-29T09:09","BR",NA
"6185893709","Morpho helenor Cramer, 1782",9.153635,-83.738279,"Puntarenas",2026,"2026-03-18T16:58:56","CR",70
"6185970904","Morpho helenor Cramer, 1782",20.339605,-86.99192,"Quintana Roo",2026,"2026-03-25T13:13:25","MX",73
"6186007877","Morpho helenor Cramer, 1782",-24.588342,-48.629073,"São Paulo",2026,"2026-03-09T16:23:51","BR",20
"6188110421","Morpho helenor Cramer, 1782",-3.653932,-79.768204,"El Oro",2026,"2026-03-28T14:56","EC",223
"6188324564","Morpho helenor Cramer, 1782",8.792303,-82.970978,"Puntarenas",2026,"2026-03-31T10:20:54","CR",12
"6188427552","Morpho helenor Cramer, 1782",8.789698,-82.963616,"Puntarenas",2026,"2026-03-31T10:18:42","CR",432
"6188506224","Morpho helenor Cramer, 1782",-0.068394,-78.76168,"Pichincha",2026,"2026-03-18T10:31:55","EC",3
"6188579971","Morpho helenor Cramer, 1782",-24.58767,-48.634479,"São Paulo",2026,"2026-03-24T18:07:17","BR",206
"6188672316","Morpho helenor Cramer, 1782",7.09139,-73.38363,"Santander",2026,"2026-03-25T10:31","CO",NA
"6195325154","Morpho helenor Cramer, 1782",-24.589852,-48.639552,"São Paulo",2026,"2026-03-29T19:49:01","BR",352
"6195368290","Morpho helenor Cramer, 1782",-17.9386,-42.7837,"Minas Gerais",2026,"2026-03-22T10:21:17","BR",NA
"6196018264","Morpho helenor Cramer, 1782",-23.855391,-45.404799,"São Paulo",2026,"2026-03-22T10:49","BR",8
"6234204645","Morpho helenor Cramer, 1782",10.363786,-84.790178,"Guanacaste",2026,"2026-03-11T08:06:31","CR",113
"6234236641","Morpho helenor Cramer, 1782",10.529588,-85.746055,"Guanacaste",2026,"2026-03-27T11:26:25","CR",12
"6234245999","Morpho helenor Cramer, 1782",10.463662,-84.642097,"Alajuela",2026,"2026-03-14T14:33","CR",10
"6234288143","Morpho helenor Cramer, 1782",10.309975,-84.819963,"Puntarenas",2026,"2026-03-29T15:02:59","CR",80
"6234557896","Morpho helenor Cramer, 1782",9.590334,-84.625517,"Puntarenas",2026,"2026-03-11T11:00","CR",39
"6234697659","Morpho helenor Cramer, 1782",10.207194,-84.163644,"Heredia",2026,"2026-03-23T15:58:54","CR",7
"6234972686","Morpho helenor Cramer, 1782",10.309975,-84.819963,"Puntarenas",2026,"2026-03-29T15:02:45","CR",80
"6235134170","Morpho helenor Cramer, 1782",14.03109,-87.248909,"Francisco Morazán",2026,"2026-03-14T08:53","HN",4
"6235214970","Morpho helenor Cramer, 1782",-27.758689,-48.495155,"Santa Catarina",2026,"2026-03-30T10:10","BR",15
"6235222285","Morpho helenor Cramer, 1782",10.309682,-84.820221,"Puntarenas",2026,"2026-03-29T14:44:25","CR",6
"6235226528","Morpho helenor Cramer, 1782",10.3079,-84.805548,"Puntarenas",2026,"2026-03-08T11:17","CR",8
"6235274540","Morpho helenor Cramer, 1782",10.309975,-84.819963,"Puntarenas",2026,"2026-03-29T15:03:36","CR",80
"6235284691","Morpho helenor Cramer, 1782",-23.764598,-46.284777,"São Paulo",2026,"2026-03-22T11:36:32","BR",349
"6235314520","Morpho helenor Cramer, 1782",10.309782,-84.81979,"Puntarenas",2026,"2026-03-29T14:43:07","CR",76
"6235329330","Morpho helenor Cramer, 1782",9.959563,-85.223313,"Puntarenas",2026,"2026-03-15T14:11:52","CR",226
"6235354801","Morpho helenor Cramer, 1782",9.959297,-85.223478,"Puntarenas",2026,"2026-03-24T09:35","CR",31
"6235491337","Morpho helenor Cramer, 1782",9.405262,-84.154892,"Puntarenas",2026,"2026-03-27T17:58:28","CR",7
"6235587766","Morpho helenor Cramer, 1782",9.782078,-84.929362,"Puntarenas",2026,"2026-03-16T14:52:57","CR",14
"6235869577","Morpho helenor Cramer, 1782",10.256787,-84.169873,"Alajuela",2026,"2026-03-09T12:18","CR",14
"6235927576","Morpho helenor Cramer, 1782",10.325418,-83.950084,"Heredia",2026,"2026-03-09T14:47","CR",7
"6236056414","Morpho helenor Cramer, 1782",8.404861,-83.334768,"Puntarenas",2026,"2026-03-11T12:19","CR",385
"6236085477","Morpho helenor Cramer, 1782",10.309831,-84.819752,"Puntarenas",2026,"2026-03-29T15:01:34","CR",15
"6236134591","Morpho helenor Cramer, 1782",10.329428,-84.827928,"Puntarenas",2026,"2026-03-15T21:39:38","CR",13
"6236289243","Morpho helenor Cramer, 1782",10.32532,-83.94976,"Heredia",2026,"2026-03-15T06:56:31","CR",NA
"6236408737","Morpho helenor Cramer, 1782",9.886372,-84.130464,"San José",2026,"2026-03-22T22:57","CR",31
"6236506929","Morpho helenor Cramer, 1782",10.309537,-84.818098,"Puntarenas",2026,"2026-03-14T14:30","CR",61
"6251607707","Morpho helenor Cramer, 1782",10.305947,-84.816567,"Puntarenas",2026,"2026-03-19T19:01","CR",NA
"6273323396","Morpho helenor Cramer, 1782",-22.898388,-46.185137,"São Paulo",2026,"2026-03-06T09:57:36","BR",12
"6320644065","Morpho helenor Cramer, 1782",11.102642,-74.072919,"Magdalena",2026,"2026-03-21T12:54:11","CO",316
"6188110105","Morpho helenor Cramer, 1782",-23.46501,-46.731683,"São Paulo",2026,"2026-04-03T09:50","BR",NA
"6188178393","Morpho helenor Cramer, 1782",18.954673,-96.922088,"Veracruz",2026,"2026-04-05T11:01:52","MX",197
"6188194392","Morpho helenor Cramer, 1782",-20.098783,-43.687856,"Minas Gerais",2026,"2026-04-03T11:24:37","BR",NA
"6188390310","Morpho helenor Cramer, 1782",17.083594,-97.826436,"Oaxaca",2026,"2026-04-04T10:45","MX",31
"6195348825","Morpho helenor Cramer, 1782",-19.352651,-43.612489,"Minas Gerais",2026,"2026-04-12T10:51:10","BR",8
"6195575554","Morpho helenor Cramer, 1782",10.060636,-84.498475,"Alajuela",2026,"2026-04-05T11:15:25","CR",4
"6195578771","Morpho helenor Cramer, 1782",-15.882703,-47.828707,"Distrito Federal",2026,"2026-04-10T11:34:19","BR",4
"6196005302","Morpho helenor Cramer, 1782",17.493308,-92.015475,"Chiapas",2026,"2026-04-07T15:29","MX",8
"6234407965","Morpho helenor Cramer, 1782",14.531294,-87.978996,"Intibucá",2026,"2026-04-15T12:05","HN",997
"6234712450","Morpho helenor Cramer, 1782",10.306512,-84.802833,"Puntarenas",2026,"2026-04-01T09:44:45","CR",6
"6234713102","Morpho helenor Cramer, 1782",-19.343064,-43.602566,"Minas Gerais",2026,"2026-04-13T20:11:21","BR",NA
"6235082647","Morpho helenor Cramer, 1782",9.434103,-84.1464,"Puntarenas",2026,"2026-04-02T19:53:25","CR",7
"6235092863","Morpho helenor Cramer, 1782",-21.726145,-47.594287,"São Paulo",2026,"2026-04-19T12:30","BR",590
"6235128324","Morpho helenor Cramer, 1782",9.959167,-85.223687,"Puntarenas",2026,"2026-04-01T09:01:48","CR",5
"6235200492","Morpho helenor Cramer, 1782",9.959563,-85.223313,"Puntarenas",2026,"2026-04-12T10:17:08","CR",226
"6235403377","Morpho helenor Cramer, 1782",-19.876965,-43.976601,"Minas Gerais",2026,"2026-04-24T15:48:18","BR",NA
"6235515053","Morpho helenor Cramer, 1782",10.308658,-84.804678,"Puntarenas",2026,"2026-04-09T07:42","CR",NA
"6235564429","Morpho helenor Cramer, 1782",20.579128,-87.121589,"Quintana Roo",2026,"2026-04-17T13:13:53","MX",4
"6235583889","Morpho helenor Cramer, 1782",14.535831,-87.978119,"Intibucá",2026,"2026-04-15T11:51","HN",465
"6235610356","Morpho helenor Cramer, 1782",10.739383,-61.257266,"Tunapuna/Piarco",2026,"2026-04-12","TT",5
"6235685789","Morpho helenor Cramer, 1782",16.986714,-97.9457,"Oaxaca",2026,"2026-04-21T12:40","MX",8
"6235766574","Morpho helenor Cramer, 1782",10.727447,-85.047203,"Alajuela",2026,"2026-04-08T12:34:40","CR",4
"6235767072","Morpho helenor Cramer, 1782",-22.951995,-43.29757,"Rio de Janeiro",2026,"2026-04-04T14:58:22","BR",28
"6235823510","Morpho helenor Cramer, 1782",-19.94623,-55.071901,"Mato Grosso do Sul",2026,"2026-04-21T10:30","BR",418
"6236026412","Morpho helenor Cramer, 1782",9.959563,-85.223313,"Puntarenas",2026,"2026-04-09T20:32:59","CR",226
"6236078685","Morpho helenor Cramer, 1782",-19.876625,-43.973205,"Minas Gerais",2026,"2026-04-24T10:07:52","BR",5
"6236111030","Morpho helenor Cramer, 1782",-19.354028,-43.607942,"Minas Gerais",2026,"2026-04-13T09:41:53","BR",3
"6236230457","Morpho helenor Cramer, 1782",-19.876853,-43.972378,"Minas Gerais",2026,"2026-04-24T14:48:27","BR",8
"6251490811","Morpho helenor Cramer, 1782",10.306951,-84.804287,"Puntarenas",2026,"2026-04-17T09:23","CR",357
"6251522758","Morpho helenor Cramer, 1782",17.999145,-92.976775,"Tabasco",2026,"2026-04-22T12:25:12","MX",NA
"6251909108","Morpho helenor Cramer, 1782",8.45976,-83.461736,"Puntarenas",2026,"2026-04-22T17:25:35","CR",24
"6251930658","Morpho helenor Cramer, 1782",10.026125,-84.250612,"Alajuela",2026,"2026-04-27T07:08:14","CR",15
"6252237497","Morpho helenor Cramer, 1782",10.335171,-84.841238,"Guanacaste",2026,"2026-04-28T19:56:11","CR",117
"6252324958","Morpho helenor Cramer, 1782",-19.440092,-43.493042,"Minas Gerais",2026,"2026-04-28T15:48:56","BR",15
"6252422693","Morpho helenor Cramer, 1782",-19.430208,-43.495328,"Minas Gerais",2026,"2026-04-29T16:00:26","BR",2
"6252585959","Morpho helenor Cramer, 1782",4.562275,-52.207858,"Cayenne",2026,"2026-04-24T23:39","GF",222
"6252689968","Morpho helenor Cramer, 1782",-19.876384,-43.972328,"Minas Gerais",2026,"2026-04-24T10:23:51","BR",NA
"6252723225","Morpho helenor Cramer, 1782",18.114618,-89.801251,"Campeche",2026,"2026-04-29T08:07:17","MX",116
"6252760883","Morpho helenor Cramer, 1782",-19.44692,-43.512377,"Minas Gerais",2026,"2026-04-28T12:12:52","BR",9
"6252898930","Morpho helenor Cramer, 1782",8.612738,-80.151283,"Coclé",2026,"2026-04-16T13:52:29","PA",4
"6253057391","Morpho helenor Cramer, 1782",-1.064792,-77.525087,"Napo",2026,"2026-04-30T12:32:26","EC",5
"6253222732","Morpho helenor Cramer, 1782",-20.341907,-46.80484,"Minas Gerais",2026,"2026-04-25T11:55","BR",20
"6253256804","Morpho helenor Cramer, 1782",-19.876283,-43.976897,"Minas Gerais",2026,"2026-04-24T11:44:28","BR",NA
"6253282403","Morpho helenor Cramer, 1782",-23.457017,-46.63687,"São Paulo",2026,"2026-04-30T11:08:14","BR",NA
"6273242956","Morpho helenor Cramer, 1782",0.188975,-78.854063,"Pichincha",2026,"2026-04-27T11:22:16","EC",4
"6273329160","Morpho helenor Cramer, 1782",-0.06852,-78.7617,"Pichincha",2026,"2026-04-25T15:15:55","EC",11
"6273350535","Morpho helenor Cramer, 1782",-15.873397,-47.83079,"Distrito Federal",2026,"2026-04-17T12:10:12","BR",6
"6273541105","Morpho helenor Cramer, 1782",-0.054243,-78.775536,"Pichincha",2026,"2026-04-27T15:35:57","EC",217
"6273733792","Morpho helenor Cramer, 1782",-19.945683,-43.905572,"Minas Gerais",2026,"2026-04-25T15:15:13","BR",NA
"6273981914","Morpho helenor Cramer, 1782",-23.399897,-46.534637,"São Paulo",2026,"2026-04-24T10:06:56","BR",8
"6274206432","Morpho helenor Cramer, 1782",-22.514485,-45.283511,"Minas Gerais",2026,"2026-04-03T15:49:12","BR",127
"6320060532","Morpho helenor Cramer, 1782",-21.978638,-47.88419,"São Paulo",2026,"2026-04-18T09:05","BR",2
"6320946996","Morpho helenor Cramer, 1782",10.692069,-61.288397,"Tunapuna/Piarco",2026,"2026-04-29T12:34","TT",5
"6251617629","Morpho helenor Cramer, 1782",-20.779385,-42.876732,"Minas Gerais",2026,"2026-05-01T09:45:35","BR",NA
"6251888523","Morpho helenor Cramer, 1782",18.85075,-97.000784,"Veracruz",2026,"2026-05-01T17:28:35","MX",5
"6252924287","Morpho helenor Cramer, 1782",-24.322287,-47.503473,"São Paulo",2026,"2026-05-04T09:16:03","BR",260
"6253004322","Morpho helenor Cramer, 1782",7.591854,-80.960718,"Veraguas",2026,"2026-05-01T11:40:21","PA",NA
"6273443702","Morpho helenor Cramer, 1782",20.553602,-97.436681,"Veracruz",2026,"2026-05-10T19:47:53","MX",10
"6274063065","Morpho helenor Cramer, 1782",-22.952157,-46.753146,"São Paulo",2026,"2026-05-09T08:43:06","BR",222
"6274156740","Morpho helenor Cramer, 1782",14.925967,-88.054947,"Santa Bárbara",2026,"2026-05-02T08:41:46","HN",NA
"6274168768","Morpho helenor Cramer, 1782",17.048175,-97.962915,"Oaxaca",2026,"2026-05-08T09:49","MX",15
"6274184818","Morpho helenor Cramer, 1782",9.955637,-85.239983,"Puntarenas",2026,"2026-05-04T07:23:31","CR",3
"6274193845","Morpho helenor Cramer, 1782",10.318695,-84.807838,"Puntarenas",2026,"2026-05-06T05:40:20","CR",25
"6274288557","Morpho helenor Cramer, 1782",14.925224,-88.049535,"Cortés",2026,"2026-05-01T15:54","HN",208
"6274297798","Morpho helenor Cramer, 1782",9.95577,-85.238228,"Puntarenas",2026,"2026-05-09T16:14:04","CR",5
"6274343405","Morpho helenor Cramer, 1782",20.868613,-87.079783,"Quintana Roo",2026,"2026-05-01T10:02:24","MX",237
"6320226007","Morpho helenor Cramer, 1782",20.971692,-97.357464,"Veracruz",2026,"2026-05-09T13:40","MX",101
"6320578405","Morpho helenor Cramer, 1782",14.925224,-88.049535,"Cortés",2026,"2026-05-02T13:55","HN",208
"6320801605","Morpho helenor Cramer, 1782",9.392308,-84.136988,"Puntarenas",2026,"2026-05-17T18:40","CR",467
"6320932481","Morpho helenor Cramer, 1782",-25.612929,-54.557216,"Misiones",2026,"2026-05-13T14:31:08","AR",180
"5006758593","Morpho helenor Cramer, 1782",10.68251,-61.634082,"Diego Martin",2025,"2025-01-04T14:37:21","TT",661
"5006904007","Morpho helenor Cramer, 1782",10.68251,-61.634082,"Diego Martin",2025,"2025-01-04T11:50:02","TT",661
"5006950533","Morpho helenor Cramer, 1782",10.281611,-84.790993,"Puntarenas",2025,"2025-01-06T09:48:36","CR",NA
"5007137849","Morpho helenor Cramer, 1782",10.207741,-84.163879,"Heredia",2025,"2025-01-05T13:56:09","CR",NA
"5007185503","Morpho helenor Cramer, 1782",-23.193797,-44.250349,"Rio de Janeiro",2025,"2025-01-07T17:36","BR",31
"5007598222","Morpho helenor Cramer, 1782",17.11207,-89.123927,"Cayo",2025,"2025-01-06T12:45:26","BZ",29
"5007616658","Morpho helenor Cramer, 1782",21.47732,-87.684372,"Yucatán",2025,"2025-01-06T10:14:57","MX",NA
"5007652786","Morpho helenor Cramer, 1782",10.68251,-61.634082,"Diego Martin",2025,"2025-01-04T11:34:06","TT",661
"5007669230","Morpho helenor Cramer, 1782",16.957394,-97.914178,"Oaxaca",2025,"2025-01-05T15:34","MX",774
"5008097465","Morpho helenor Cramer, 1782",-25.680103,-54.429806,"Paraná",2025,"2025-01-04T09:55:30","BR",NA
"5036676626","Morpho helenor Cramer, 1782",10.195827,-84.514012,"Alajuela",2025,"2025-01-09T12:18","CR",215
"5036704742","Morpho helenor Cramer, 1782",10.714262,-61.629203,"Diego Martin",2025,"2025-01-13T09:25:42","TT",2
"5036735923","Morpho helenor Cramer, 1782",-27.623412,-54.534045,"Rio Grande do Sul",2025,"2025-01-12T17:02","BR",NA
"5036852917","Morpho helenor Cramer, 1782",18.857656,-89.51846,"Campeche",2025,"2025-01-08T10:38","MX",206
"5036904832","Morpho helenor Cramer, 1782",10.680683,-61.133108,"Sangre Grande",2025,"2025-01-11T14:45:32","TT",210
"5036986609","Morpho helenor Cramer, 1782",10.680683,-61.133108,"Sangre Grande",2025,"2025-01-11T10:32:59","TT",210
"5037158013","Morpho helenor Cramer, 1782",17.026067,-97.953054,"Oaxaca",2025,"2025-01-10T12:24","MX",421
"5037275386","Morpho helenor Cramer, 1782",10.680683,-61.133108,"Sangre Grande",2025,"2025-01-11T10:57:42","TT",210
"5062952693","Morpho helenor Cramer, 1782",9.742939,-82.810516,"Limón",2025,"2025-01-11T14:03","CR",200
"5062956636","Morpho helenor Cramer, 1782",10.308338,-84.811154,"Puntarenas",2025,"2025-01-09T08:57:54","CR",28
"5062966798","Morpho helenor Cramer, 1782",9.572061,-85.107809,"Puntarenas",2025,"2025-01-10T10:24:14","CR",NA
"5062973840","Morpho helenor Cramer, 1782",8.621343,-80.139658,"Coclé",2025,"2025-01-01T11:28","PA",4
"5062980661","Morpho helenor Cramer, 1782",8.59356,-80.140861,"Coclé",2025,"2025-01-06T16:46:35","PA",NA
"5062988475","Morpho helenor Cramer, 1782",10.323819,-84.819522,"Puntarenas",2025,"2025-01-04T19:23:21","CR",NA
"5062996775","Morpho helenor Cramer, 1782",10.481821,-84.616038,"Alajuela",2025,"2025-01-11T14:24:22","CR",NA
"5063008661","Morpho helenor Cramer, 1782",15.750208,-86.438378,"Colón",2025,"2025-01-07T14:28","HN",283
"5063012551","Morpho helenor Cramer, 1782",15.933372,-96.448492,"Oaxaca",2025,"2025-01-02T14:17","MX",134
"5063020353","Morpho helenor Cramer, 1782",9.074298,-79.659805,"Panamá",2025,"2025-01-08T10:27","PA",241
"5063046559","Morpho helenor Cramer, 1782",15.749542,-86.434638,"Colón",2025,"2025-01-07T14:03","HN",21
"5063054549","Morpho helenor Cramer, 1782",15.750292,-86.439797,"Colón",2025,"2025-01-07T12:52","HN",4
"5063056495","Morpho helenor Cramer, 1782",15.750162,-86.435828,"Colón",2025,"2025-01-07T13:42","HN",169
"5063077016","Morpho helenor Cramer, 1782",18.409622,-89.490725,"Campeche",2025,"2025-01-02T10:01","MX",4
"5063095284","Morpho helenor Cramer, 1782",15.750839,-86.440289,"Colón",2025,"2025-01-11T14:58","HN",NA
"5063122173","Morpho helenor Cramer, 1782",-22.810823,-45.673192,"São Paulo",2025,"2025-01-18T12:29:46","BR",19
"5063139171","Morpho helenor Cramer, 1782",14.925691,-88.049357,"Cortés",2025,"2025-01-11T12:39","HN",4
"5063245881","Morpho helenor Cramer, 1782",15.750057,-86.437935,"Colón",2025,"2025-01-07T14:05","HN",302
"5063246901","Morpho helenor Cramer, 1782",15.750057,-86.437935,"Colón",2025,"2025-01-07T12:54","HN",302
"5063248748","Morpho helenor Cramer, 1782",15.750557,-86.439238,"Colón",2025,"2025-01-07T14:29","HN",134
"5063258777","Morpho helenor Cramer, 1782",15.750057,-86.437935,"Colón",2025,"2025-01-07T13:43","HN",302
"5063270832","Morpho helenor Cramer, 1782",18.508377,-89.48802,"Campeche",2025,"2025-01-07T09:28","MX",NA
"5063312053","Morpho helenor Cramer, 1782",-25.609503,-54.551617,"Misiones",2025,"2025-01-23T13:18","AR",15
"5063328857","Morpho helenor Cramer, 1782",15.749513,-86.434687,"Colón",2025,"2025-01-12T10:55","HN",13
"5063344908","Morpho helenor Cramer, 1782",15.750122,-86.435722,"Colón",2025,"2025-01-12T10:38","HN",13
"5063355933","Morpho helenor Cramer, 1782",15.749542,-86.434617,"Colón",2025,"2025-01-11T11:16","HN",11
"5063363025","Morpho helenor Cramer, 1782",-26.086422,-56.8409,"Paraguarí",2025,"2025-01-24T10:23:45","PY",3
"5063396723","Morpho helenor Cramer, 1782",14.950193,-88.045251,"Cortés",2025,"2025-01-14T12:35","HN",15
"5063431325","Morpho helenor Cramer, 1782",17.018427,-97.949127,"Oaxaca",2025,"2025-01-10T23:58","MX",61
"5063511542","Morpho helenor Cramer, 1782",-23.546213,-45.077353,"São Paulo",2025,"2025-01-15T12:05","BR",50
"5063530645","Morpho helenor Cramer, 1782",22.148972,-101.034953,"San Luis Potosí",2025,"2025-01-27T16:01:56","MX",NA
"5063555022","Morpho helenor Cramer, 1782",-22.813252,-41.957592,"Rio de Janeiro",2025,"2025-01-30T09:15","BR",207
"5063561897","Morpho helenor Cramer, 1782",15.864725,-96.366363,"Oaxaca",2025,"2025-01-25T11:36:12","MX",4
"5063644266","Morpho helenor Cramer, 1782",20.996053,-87.67798,"Yucatán",2025,"2025-01-29T15:17:50","MX",127
"5063647087","Morpho helenor Cramer, 1782",9.407541,-84.15619,"Puntarenas",2025,"2025-01-28T14:31:42","CR",28
"5063670788","Morpho helenor Cramer, 1782",8.664967,-83.661491,"Puntarenas",2025,"2025-01-23T21:38:40","CR",NA
"5063760377","Morpho helenor Cramer, 1782",-22.407873,-47.541939,"São Paulo",2025,"2025-01-28T10:58:36","BR",4
"5063794680","Morpho helenor Cramer, 1782",10.171414,-84.57604,"Alajuela",2025,"2025-01-21T08:00","CR",2
"5063906218","Morpho helenor Cramer, 1782",10.310114,-84.823761,"Puntarenas",2025,"2025-01-03T13:01","CR",NA
"5064093806","Morpho helenor Cramer, 1782",-25.438494,-48.921886,"Paraná",2025,"2025-01-31T07:35","BR",15
"5069755135","Morpho helenor Cramer, 1782",10.308212,-84.811656,"Puntarenas",2025,"2025-01-13T14:49:42","CR",944
"5069767083","Morpho helenor Cramer, 1782",10.281201,-84.791105,"Puntarenas",2025,"2025-01-08T10:30","CR",209
"5069769149","Morpho helenor Cramer, 1782",17.125681,-89.059478,"Cayo",2025,"2025-01-25T14:01","BZ",NA
"5069771216","Morpho helenor Cramer, 1782",8.98787,-79.545626,"Panamá",2025,"2025-01-28T16:44","PA",20
"5069776105","Morpho helenor Cramer, 1782",15.749787,-86.43712,"Colón",2025,"2025-01-11T11:34","HN",173
"5069777186","Morpho helenor Cramer, 1782",10.203597,-84.162047,"Heredia",2025,"2025-01-07T10:19:12","CR",4
"5069783171","Morpho helenor Cramer, 1782",8.386975,-77.87323,"Darién",2025,"2025-01-24T15:17:25","PA",4
"5069785208","Morpho helenor Cramer, 1782",15.750328,-86.435508,"Colón",2025,"2025-01-11T11:26","HN",30
"5069791096","Morpho helenor Cramer, 1782",9.924818,-83.191206,"Limón",2025,"2025-01-14T14:37:08","CR",210
"5069800266","Morpho helenor Cramer, 1782",8.514542,-83.353792,"Puntarenas",2025,"2025-01-16T11:29:29","CR",10
"5069801192","Morpho helenor Cramer, 1782",17.09737,-88.97449,"Cayo",2025,"2025-01-25T10:44:49","BZ",NA
"5069841305","Morpho helenor Cramer, 1782",9.7727,-84.601144,"Puntarenas",2025,"2025-01-24T08:07:59","CR",117
"5069855468","Morpho helenor Cramer, 1782",-25.858748,-53.979722,"Misiones",2025,"2025-01-06T12:14","AR",2
"5069906394","Morpho helenor Cramer, 1782",17.590892,-88.72342,"Orange Walk",2025,"2025-01-11T13:53:48","BZ",4
"5069913502","Morpho helenor Cramer, 1782",-29.541254,-50.203531,"Rio Grande do Sul",2025,"2025-01-31T14:38","BR",8
"5070115821","Morpho helenor Cramer, 1782",15.938708,-96.438598,"Oaxaca",2025,"2025-01-13T11:09","MX",NA
"5076916798","Morpho helenor Cramer, 1782",18.10558,-89.810652,"Campeche",2025,"2025-01-03T10:29","MX",31
"5076980601","Morpho helenor Cramer, 1782",-27.803674,-48.540314,"Santa Catarina",2025,"2025-01-28T20:03","BR",244
"5087359067","Morpho helenor Cramer, 1782",9.804835,-83.584317,"Cartago",2025,"2025-01-21T19:01","CR",211
"5087579500","Morpho helenor Cramer, 1782",-26.596955,-54.112428,"Misiones",2025,"2025-01-12T12:47","AR",31
"5087839115","Morpho helenor Cramer, 1782",-25.684813,-54.445187,"Paraná",2025,"2025-01-14T00:18","BR",31
"5087888857","Morpho helenor Cramer, 1782",16.304139,-89.422227,"Petén",2025,"2025-01-02T16:33","GT",4
"5108095540","Morpho helenor Cramer, 1782",11.100965,-74.071983,"Magdalena",2025,"2025-01-17T16:36","CO",NA
"5108121936","Morpho helenor Cramer, 1782",9.440219,-82.413239,"Bocas del Toro",2025,"2025-01-27T10:19","PA",NA
"5108122977","Morpho helenor Cramer, 1782",9.444055,-82.418033,"Bocas del Toro",2025,"2025-01-27T10:50","PA",NA
"5133401485","Morpho helenor Cramer, 1782",9.44799,-83.619695,"San José",2025,"2025-01-22T07:27","CR",211
"5133960794","Morpho helenor Cramer, 1782",-23.272042,-46.921409,"São Paulo",2025,"2025-01-10T18:33","BR",122
"5140681606","Morpho helenor Cramer, 1782",-23.915299,-45.341537,"São Paulo",2025,"2025-01-22T11:25","BR",122
"5166805825","Morpho helenor Cramer, 1782",10.314407,-84.808092,"Puntarenas",2025,"2025-01-02T13:53","CR",8
"5167136502","Morpho helenor Cramer, 1782",9.263608,-83.876617,"Puntarenas",2025,"2025-01-18T08:34:56","CR",NA
"5167957866","Morpho helenor Cramer, 1782",10.308338,-84.811154,"Puntarenas",2025,"2025-01-09T08:56:10","CR",28
"5176339530","Morpho helenor Cramer, 1782",10.481748,-84.616203,"Alajuela",2025,"2025-01-11T14:22:12","CR",NA
"5176932403","Morpho helenor Cramer, 1782",-12.512462,-68.975022,"Madre de Dios",2025,"2025-01-17T21:46:27","PE",21
"5837825788","Morpho helenor Cramer, 1782",10.69612,-85.041848,"Guanacaste",2025,"2025-01-07T13:13:29","CR",256
"5889233366","Morpho helenor Cramer, 1782",10.324735,-83.950289,"Heredia",2025,"2025-01-14T16:29","CR",212
"5889792028","Morpho helenor Cramer, 1782",10.324735,-83.950289,"Heredia",2025,"2025-01-14T16:29","CR",212
"6133214011","Morpho helenor Cramer, 1782",9.547755,-84.028483,"San José",2025,"2025-01-09T08:25","CR",NA
"6133550275","Morpho helenor Cramer, 1782",9.783991,-83.736604,"Cartago",2025,"2025-01-02T07:53","CR",NA
"5063866050","Morpho helenor Cramer, 1782",-22.150329,-42.39015,"Rio de Janeiro",2025,"2025-02-01T15:09","BR",4
"5063921156","Morpho helenor Cramer, 1782",19.476231,-88.054652,"Quintana Roo",2025,"2025-02-06T09:56","MX",212
"5063941395","Morpho helenor Cramer, 1782",-25.615251,-54.552338,"Misiones",2025,"2025-02-03T09:38","AR",198
"5063946354","Morpho helenor Cramer, 1782",20.43697,-87.313745,"Quintana Roo",2025,"2025-02-05T09:09:56","MX",4
"5064027715","Morpho helenor Cramer, 1782",18.279068,-93.199953,"Tabasco",2025,"2025-02-09T10:11:04","MX",NA
"5064046794","Morpho helenor Cramer, 1782",9.641345,-82.686058,"Limón",2025,"2025-02-09","CR",122
"5064047712","Morpho helenor Cramer, 1782",9.731677,-82.814812,"Limón",2025,"2025-02-10T13:54:05","CR",NA
"5064049294","Morpho helenor Cramer, 1782",-23.456077,-46.530525,"São Paulo",2025,"2025-02-09T15:37:42","BR",82
"5069754208","Morpho helenor Cramer, 1782",9.381429,-84.138792,"Puntarenas",2025,"2025-02-05T13:39:22","CR",260
"5069757199","Morpho helenor Cramer, 1782",7.512137,-81.871213,"Veraguas",2025,"2025-02-01T16:02:11","PA",607
"5069775209","Morpho helenor Cramer, 1782",10.053739,-84.758788,"Puntarenas",2025,"2025-02-02T12:31:50","CR",46
"5069796219","Morpho helenor Cramer, 1782",9.722919,-82.832254,"Limón",2025,"2025-02-03T12:42:50","CR",NA
"5069814419","Morpho helenor Cramer, 1782",10.08022,-84.204987,"Alajuela",2025,"2025-02-07T12:00:12","CR",NA
"5069828398","Morpho helenor Cramer, 1782",9.739345,-82.84355,"Limón",2025,"2025-02-08T10:22:37","CR",19
"5069830957","Morpho helenor Cramer, 1782",17.551088,-88.738962,"Orange Walk",2025,"2025-02-04T13:20:57","BZ",5
"5069844181","Morpho helenor Cramer, 1782",17.109245,-89.076429,"Cayo",2025,"2025-02-02T15:04:09","BZ",375
"5069862365","Morpho helenor Cramer, 1782",-23.758312,-64.850684,"Jujuy",2025,"2025-02-03T10:00","AR",122
"5069870057","Morpho helenor Cramer, 1782",10.727447,-85.047242,"Alajuela",2025,"2025-02-13T17:42:24","CR",4
"5069870359","Morpho helenor Cramer, 1782",10.68251,-61.634082,"Diego Martin",2025,"2025-02-13T09:46:08","TT",661
"5069907025","Morpho helenor Cramer, 1782",-22.435238,-43.162164,"Rio de Janeiro",2025,"2025-02-12T15:32:58","BR",NA
"5069908192","Morpho helenor Cramer, 1782",10.729957,-61.59241,"Diego Martin",2025,"2025-02-14T15:38:04","TT",210
"5069922357","Morpho helenor Cramer, 1782",8.405987,-83.328112,"Puntarenas",2025,"2025-02-08T09:26:53","CR",4
"5069928495","Morpho helenor Cramer, 1782",-29.541254,-50.203531,"Rio Grande do Sul",2025,"2025-02-06T16:35","BR",8
"5069958279","Morpho helenor Cramer, 1782",10.52947,-85.74601,"Guanacaste",2025,"2025-02-10T13:14:30","CR",NA
"5069967810","Morpho helenor Cramer, 1782",18.409783,-89.491412,"Campeche",2025,"2025-02-01T11:46:30","MX",36
"5070003586","Morpho helenor Cramer, 1782",20.500817,-86.846385,"Quintana Roo",2025,"2025-02-16T12:28:31","MX",270
"5070007318","Morpho helenor Cramer, 1782",-23.403935,-46.535128,"São Paulo",2025,"2025-02-15T11:38","BR",196
"5070055078","Morpho helenor Cramer, 1782",10.48197,-84.616278,"Alajuela",2025,"2025-02-04T10:33","CR",16
"5076862140","Morpho helenor Cramer, 1782",10.171754,-84.575266,"Alajuela",2025,"2025-02-18T14:51:53","CR",215
"5076965250","Morpho helenor Cramer, 1782",20.692447,-87.032647,"Quintana Roo",2025,"2025-02-21T13:17:49","MX",21
"5077073381","Morpho helenor Cramer, 1782",-24.242857,-49.701827,"Paraná",2025,"2025-02-23T14:20:04","BR",NA
"5077094104","Morpho helenor Cramer, 1782",-29.054799,-52.92265,"Rio Grande do Sul",2025,"2025-02-21T08:48","BR",127
"5077124198","Morpho helenor Cramer, 1782",-22.922355,-46.144936,"São Paulo",2025,"2025-02-23T09:37:27","BR",4
"5077150593","Morpho helenor Cramer, 1782",10.737504,-61.001721,"Sangre Grande",2025,"2025-02-22T15:45","TT",175
"5087207194","Morpho helenor Cramer, 1782",8.776164,-78.324645,"Darién",2025,"2025-02-02T13:41","PA",977
"5087253198","Morpho helenor Cramer, 1782",9.77563,-84.605795,"Puntarenas",2025,"2025-02-19T14:16:19","CR",80
"5087339036","Morpho helenor Cramer, 1782",-23.334854,-46.620625,"São Paulo",2025,"2025-02-24T14:01","BR",24
"5087396383","Morpho helenor Cramer, 1782",10.163117,-83.938905,"San José",2025,"2025-02-28T14:14:49","CR",250
"5087437988","Morpho helenor Cramer, 1782",11.232284,-73.48659,"La Guajira",2025,"2025-02-22T16:29","CO",NA
"5087574395","Morpho helenor Cramer, 1782",15.693099,-86.902252,"Atlántida",2025,"2025-02-22T10:11","HN",229
"5088109321","Morpho helenor Cramer, 1782",3.535121,-76.753639,"Valle del Cauca",2025,"2025-02-16T10:08","CO",147
"5104299202","Morpho helenor Cramer, 1782",-19.945554,-43.906531,"Minas Gerais",2025,"2025-02-22T08:57:33","BR",NA
"5108319502","Morpho helenor Cramer, 1782",5.112951,-76.096387,"Risaralda",2025,"2025-02-10T15:53","CO",211
"5134217381","Morpho helenor Cramer, 1782",5.896111,-74.858823,"Antioquia",2025,"2025-02-01T18:58","CO",4
"5153579360","Morpho helenor Cramer, 1782",5.244,-76.097912,"Risaralda",2025,"2025-02-16T13:11","CO",244
"5154175759","Morpho helenor Cramer, 1782",-20.754947,-44.4757,"Minas Gerais",2025,"2025-02-03T08:41","BR",15
"5167470898","Morpho helenor Cramer, 1782",5.244202,-76.088606,"Risaralda",2025,"2025-02-20T13:50","CO",977
"5198651482","Morpho helenor Cramer, 1782",-23.583414,-46.478284,"São Paulo",2025,"2025-02-28T12:34","BR",200
"5198814455","Morpho helenor Cramer, 1782",-23.612523,-46.395334,"São Paulo",2025,"2025-02-05T12:25","BR",203
"5231448271","Morpho helenor Cramer, 1782",18.732684,-87.693031,"Quintana Roo",2025,"2025-02-12T11:59:26","MX",NA
"5291870494","Morpho helenor Cramer, 1782",9.418606,-84.1653,"Puntarenas",2025,"2025-02-15T08:52:53","CR",108
"5292755435","Morpho helenor Cramer, 1782",8.621311,-80.139711,"Coclé",2025,"2025-02-28T11:44","PA",624
"5827577356","Morpho helenor Cramer, 1782",-29.541254,-50.203531,"Rio Grande do Sul",2025,"2025-02-12T11:15","BR",8
"5935225610","Morpho helenor helenor",3.62095,-53.213027,"Saint-Laurent-du-Maroni",2025,"2025-02-18T16:09","GF",NA
"6178635388","Morpho helenor Cramer, 1782",-21.214928,-47.839912,"São Paulo",2025,"2025-02-19T16:49:13","BR",7
"5087489706","Morpho helenor Cramer, 1782",10.729957,-61.59241,"Diego Martin",2025,"2025-03-02T14:50:39","TT",210
"5087552531","Morpho helenor Cramer, 1782",-20.099489,-43.754263,"Minas Gerais",2025,"2025-03-04T11:47:57","BR",4
"5087576011","Morpho helenor Cramer, 1782",-22.408185,-47.542446,"São Paulo",2025,"2025-03-03T10:52:45","BR",4
"5087578026","Morpho helenor Cramer, 1782",-22.407449,-47.539553,"São Paulo",2025,"2025-03-03T11:18:18","BR",3
"5087601921","Morpho helenor Cramer, 1782",-20.765016,-42.859999,"Minas Gerais",2025,"2025-03-08T07:46:57","BR",7
"5087669099","Morpho helenor Cramer, 1782",-22.407976,-47.540106,"São Paulo",2025,"2025-03-03T11:22:49","BR",8
"5087825324","Morpho helenor Cramer, 1782",10.672158,-61.628386,"Diego Martin",2025,"2025-03-09T08:13","TT",8
"5087833844","Morpho helenor Cramer, 1782",8.461071,-83.46218,"Puntarenas",2025,"2025-03-13T14:20:10","CR",NA
"5087863185","Morpho helenor Cramer, 1782",-22.664747,-64.511847,"Salta",2025,"2025-03-08T10:03:03","AR",4
"5087881900","Morpho helenor Cramer, 1782",-15.611139,-47.968385,"Distrito Federal",2025,"2025-03-13T09:58:44","BR",4
"5087892200","Morpho helenor Cramer, 1782",-25.615011,-54.484744,"Paraná",2025,"2025-03-02T15:56","BR",NA
"5087896747","Morpho helenor Cramer, 1782",9.426392,-82.258278,"Bocas del Toro",2025,"2025-03-11T10:46:20","PA",3
"5087905132","Morpho helenor Cramer, 1782",-25.860398,-53.98233,"Misiones",2025,"2025-03-02T12:34:28","AR",175
"5087949493","Morpho helenor Cramer, 1782",-15.613633,-47.964942,"Distrito Federal",2025,"2025-03-12T12:01:30","BR",2
"5087985226","Morpho helenor Cramer, 1782",-23.307366,-46.48361,"São Paulo",2025,"2025-03-09T12:25:18","BR",58
"5087985400","Morpho helenor Cramer, 1782",-15.613665,-47.964502,"Distrito Federal",2025,"2025-03-12T11:52:57","BR",4
"5088048786","Morpho helenor Cramer, 1782",-15.613725,-47.964518,"Distrito Federal",2025,"2025-03-14T11:21:28","BR",3
"5088064555","Morpho helenor Cramer, 1782",10.7395,-61.256542,"Tunapuna/Piarco",2025,"2025-03-15T14:14:07","TT",4
"5088088715","Morpho helenor Cramer, 1782",-23.538588,-45.075151,"São Paulo",2025,"2025-03-13T10:16:57","BR",NA
"5088114152","Morpho helenor Cramer, 1782",8.60098,-80.129372,"Coclé",2025,"2025-03-11T12:14:06","PA",3
"5088119730","Morpho helenor Cramer, 1782",-15.613753,-47.964483,"Distrito Federal",2025,"2025-03-14T11:16:06","BR",4
"5088172798","Morpho helenor Cramer, 1782",-23.465012,-46.731594,"São Paulo",2025,"2025-03-16T09:24","BR",NA
"5088213524","Morpho helenor Cramer, 1782",-15.613767,-47.964537,"Distrito Federal",2025,"2025-03-14T11:18:39","BR",9
"5088214492","Morpho helenor Cramer, 1782",-15.613783,-47.964935,"Distrito Federal",2025,"2025-03-14T11:47:02","BR",6
"5104332347","Morpho helenor Cramer, 1782",11.118512,-74.082943,"Magdalena",2025,"2025-03-07T10:04:30","CO",8
"5104335414","Morpho helenor Cramer, 1782",9.756938,-84.611812,"Puntarenas",2025,"2025-03-07T10:32","CR",202
"5104344835","Morpho helenor Cramer, 1782",-20.370683,-43.464958,"Minas Gerais",2025,"2025-03-18T14:15:20","BR",3
"5104408287","Morpho helenor Cramer, 1782",-23.33431,-46.689665,"São Paulo",2025,"2025-03-16T10:35","BR",201
"5104416237","Morpho helenor Cramer, 1782",-23.334251,-46.68944,"São Paulo",2025,"2025-03-16T10:31","BR",201
"5104491670","Morpho helenor Cramer, 1782",20.579113,-87.121383,"Quintana Roo",2025,"2025-03-19T16:59:42","MX",16
"5104508026","Morpho helenor Cramer, 1782",17.108336,-89.075522,"Cayo",2025,"2025-03-16T14:05:05","BZ",4
"5104559557","Morpho helenor Cramer, 1782",-20.327249,-46.489703,"Minas Gerais",2025,"2025-03-14T06:49","BR",33
"5104562337","Morpho helenor Cramer, 1782",16.984686,-97.971654,"Oaxaca",2025,"2025-03-18T00:14","MX",2
"5104592611","Morpho helenor Cramer, 1782",9.883105,-84.131187,"San José",2025,"2025-03-23T12:43:46","CR",NA
"5104741079","Morpho helenor Cramer, 1782",10.308044,-84.807,"Puntarenas",2025,"2025-03-24T19:43:08","CR",NA
"5108081777","Morpho helenor Cramer, 1782",10.029572,-83.350547,"Limón",2025,"2025-03-21T14:19:02","CR",16
"5108086783","Morpho helenor Cramer, 1782",20.405212,-87.32992,"Quintana Roo",2025,"2025-03-14T13:24:29","MX",NA
"5108090770","Morpho helenor Cramer, 1782",9.38518,-84.137139,"Puntarenas",2025,"2025-03-16T13:35:10","CR",16
"5108111840","Morpho helenor Cramer, 1782",16.321176,-88.824708,"Toledo",2025,"2025-03-13T10:44","BZ",240
"5108125863","Morpho helenor Cramer, 1782",10.378721,-84.826214,"Guanacaste",2025,"2025-03-21T12:33:42","CR",9
"5108133874","Morpho helenor Cramer, 1782",9.87873,-84.134674,"San José",2025,"2025-03-23T09:00:07","CR",NA
"5108134545","Morpho helenor Cramer, 1782",9.405258,-84.154869,"Puntarenas",2025,"2025-03-23T09:26:58","CR",NA
"5108154813","Morpho helenor Cramer, 1782",10.028952,-83.351229,"Limón",2025,"2025-03-20T10:02:49","CR",19
"5108221058","Morpho helenor Cramer, 1782",9.350793,-83.641363,"San José",2025,"2025-03-28T10:26:09","CR",372
"5108301281","Morpho helenor Cramer, 1782",9.907289,-83.943657,"Cartago",2025,"2025-03-28T10:16:25","CR",NA
"5108337143","Morpho helenor Cramer, 1782",9.134583,-79.721141,"Colón",2025,"2025-03-07T09:32:26","PA",181
"5108482300","Morpho helenor Cramer, 1782",14.751408,-91.165959,"Sololá",2025,"2025-03-07T19:32","GT",207
"5108489435","Morpho helenor Cramer, 1782",9.828644,-83.773783,"Cartago",2025,"2025-03-29T11:42","CR",8
"5133921186","Morpho helenor Cramer, 1782",5.231015,-76.081644,"Risaralda",2025,"2025-03-13T16:25","CO",61
"5134004203","Morpho helenor Cramer, 1782",5.230753,-76.08179,"Risaralda",2025,"2025-03-13T16:08","CO",4
"5134062109","Morpho helenor Cramer, 1782",10.307694,-84.806061,"Puntarenas",2025,"2025-03-04T12:02","CR",12
"5134126354","Morpho helenor Cramer, 1782",20.449789,-86.875575,"Quintana Roo",2025,"2025-03-25T11:03","MX",NA
"5134554563","Morpho helenor Cramer, 1782",10.46212,-84.661238,"Alajuela",2025,"2025-03-31T06:31:22","CR",4
"5134602580","Morpho helenor Cramer, 1782",10.308734,-84.806106,"Puntarenas",2025,"2025-03-29T09:05","CR",282
"5140499063","Morpho helenor Cramer, 1782",3.632322,-53.175201,"Saint-Laurent-du-Maroni",2025,"2025-03-14T10:35","GF",244
"5153485944","Morpho helenor Cramer, 1782",10.468576,-84.651627,"Alajuela",2025,"2025-03-31T14:53:18","CR",3
"5154167124","Morpho helenor Cramer, 1782",10.174161,-83.914049,"Limón",2025,"2025-03-30T14:22","CR",192
"5154722013","Morpho helenor Cramer, 1782",9.131014,-79.724656,"Colón",2025,"2025-03-20T12:28","PA",25
"5167003920","Morpho helenor Cramer, 1782",10.890205,-84.784972,"Alajuela",2025,"2025-03-21T14:04:58","CR",4
"5167749256","Morpho helenor Cramer, 1782",9.939864,-84.072769,"San José",2025,"2025-03-30T06:19","CR",16
"5187740863","Morpho helenor Cramer, 1782",9.828043,-83.773102,"Cartago",2025,"2025-03-23T08:45","CR",186
"5187911102","Morpho helenor Cramer, 1782",-19.742431,-42.617566,"Minas Gerais",2025,"2025-03-19T14:29","BR",18
"5188190404","Morpho helenor Cramer, 1782",9.82808,-83.773032,"Cartago",2025,"2025-03-24T06:01","CR",119
"5198349812","Morpho helenor Cramer, 1782",7.908562,-76.735179,"Antioquia",2025,"2025-03-11T19:57","CO",244
"5282318430","Morpho helenor Cramer, 1782",-23.331369,-46.689156,"São Paulo",2025,"2025-03-16T10:24","BR",202
"5292922368","Morpho helenor Cramer, 1782",10.203651,-84.162036,"Heredia",2025,"2025-03-18T20:24","CR",36
"5827983216","Morpho helenor Cramer, 1782",-29.541254,-50.203531,"Rio Grande do Sul",2025,"2025-03-15T16:05","BR",8
"5844227254","Morpho helenor Cramer, 1782",-26.206866,-52.667028,"Paraná",2025,"2025-03-29T12:50","BR",189
"5935507363","Morpho helenor Cramer, 1782",-26.425715,-53.830656,"Misiones",2025,"2025-03-21T15:40","AR",31
"6129959184","Morpho helenor Cramer, 1782",-26.206602,-52.666819,"Paraná",2025,"2025-03-29T16:14:29","BR",173
"6130315029","Morpho helenor Cramer, 1782",9.959563,-85.223312,"Puntarenas",2025,"2025-03-01T10:56","CR",226
"6131299825","Morpho helenor Cramer, 1782",9.959563,-85.223312,"Puntarenas",2025,"2025-03-11T14:21","CR",226
"6163293563","Morpho helenor theodorus",-9.879962,-62.828713,"Rondônia",2025,"2025-03-01T12:01","BR",8
"6178569247","Morpho helenor Cramer, 1782",10.336974,-84.809735,"Guanacaste",2025,"2025-03-13T12:24","CR",166
"6179056225","Morpho helenor Cramer, 1782",-21.724671,-47.59369,"São Paulo",2025,"2025-03-26T15:27","BR",281
"6186126429","Morpho helenor Cramer, 1782",5.169853,-52.908492,"Cayenne",2025,"2025-03-23T15:30","GF",NA
"5108559621","Morpho helenor Cramer, 1782",20.297345,-87.516677,"Quintana Roo",2025,"2025-04-01","MX",205
"5133254903","Morpho helenor Cramer, 1782",10.009333,-84.121444,"Heredia",2025,"2025-04-06T15:17:23","CR",9
"5133783651","Morpho helenor Cramer, 1782",10.662156,-61.395992,"Tunapuna/Piarco",2025,"2025-04-02T12:16:10","TT",5
"5133820958","Morpho helenor Cramer, 1782",10.316136,-84.815779,"Puntarenas",2025,"2025-04-01T10:09","CR",31
"5133944354","Morpho helenor Cramer, 1782",19.135048,-96.958485,"Veracruz",2025,"2025-04-16T10:22","MX",218
"5134022350","Morpho helenor Cramer, 1782",12.190436,-85.218705,"Chontales",2025,"2025-04-14T12:41:14","NI",NA
"5134155769","Morpho helenor Cramer, 1782",20.450025,-97.376964,"Veracruz",2025,"2025-04-18T13:03:42","MX",369
"5134217091","Morpho helenor Cramer, 1782",-25.854961,-53.972928,"Misiones",2025,"2025-04-04T07:36:35","AR",894
"5134346094","Morpho helenor Cramer, 1782",-12.56843,-70.099634,"Madre de Dios",2025,"2025-04-05T14:22:26","PE",24
"5134404067","Morpho helenor Cramer, 1782",18.591907,-89.422463,"Campeche",2025,"2025-04-05T08:59:11","MX",10
"5134407582","Morpho helenor Cramer, 1782",4.369511,-73.66863,"Meta",2025,"2025-04-03T15:04:37","CO",291
"5134423510","Morpho helenor Cramer, 1782",17.066441,-97.848325,"Oaxaca",2025,"2025-04-05T22:22","MX",2
"5134426835","Morpho helenor Cramer, 1782",9.827717,-83.771683,"Cartago",2025,"2025-04-05T10:22:10","CR",4
"5134560607","Morpho helenor Cramer, 1782",15.73573,-87.455485,"Atlántida",2025,"2025-04-20T16:05","HN",NA
"5134577589","Morpho helenor Cramer, 1782",15.5341,-89.9563,"Alta Verapaz",2025,"2025-04-07T13:33:24","GT",6
"5134592727","Morpho helenor Cramer, 1782",20.407118,-87.330082,"Quintana Roo",2025,"2025-04-09T10:06:48","MX",NA
"5134637061","Morpho helenor Cramer, 1782",16.963517,-97.912927,"Oaxaca",2025,"2025-04-12T23:21","MX",2
"5134649013","Morpho helenor Cramer, 1782",10.745758,-85.073149,"Alajuela",2025,"2025-04-07T13:51:50","CR",375
"5134662166","Morpho helenor Cramer, 1782",10.726835,-85.055993,"Alajuela",2025,"2025-04-09T12:13:26","CR",8
"5134674091","Morpho helenor Cramer, 1782",9.81254,-83.568092,"Cartago",2025,"2025-04-13T11:30:55","CR",NA
"5134742765","Morpho helenor Cramer, 1782",10.726838,-85.056005,"Alajuela",2025,"2025-04-09T12:15:12","CR",10
"5134781961","Morpho helenor Cramer, 1782",8.664439,-82.588747,"Chiriquí",2025,"2025-04-05T12:49","PA",20
"5134804899","Morpho helenor Cramer, 1782",10.726852,-85.055993,"Alajuela",2025,"2025-04-09T12:07:46","CR",6
"5134810075","Morpho helenor Cramer, 1782",10.72901,-85.037892,"Alajuela",2025,"2025-04-07T13:57:18","CR",375
"5134895908","Morpho helenor Cramer, 1782",10.72685,-85.055992,"Alajuela",2025,"2025-04-09T12:08:49","CR",6
"5140055008","Morpho helenor Cramer, 1782",-22.261977,-43.012183,"Rio de Janeiro",2025,"2025-04-20T10:12","BR",4
"5140153604","Morpho helenor Cramer, 1782",10.893463,-84.788803,"Alajuela",2025,"2025-04-09T07:06","CR",NA
"5140472387","Morpho helenor helenor",4.936277,-52.29134,"Cayenne",2025,"2025-04-26T16:02:35","GF",7
"5140525196","Morpho helenor Cramer, 1782",10.20355,-84.162057,"Heredia",2025,"2025-04-23T12:35","CR",NA
"5140674825","Morpho helenor Cramer, 1782",10.735453,-61.035039,"Sangre Grande",2025,"2025-04-27T09:24:18","TT",NA
"5140768099","Morpho helenor Cramer, 1782",4.931975,-52.54486,"Cayenne",2025,"2025-04-27T18:06","GF",31
"5153012747","Morpho helenor Cramer, 1782",9.772453,-83.8592,"Cartago",2025,"2025-04-15T10:17:53","CR",5
"5153043630","Morpho helenor Cramer, 1782",10.009333,-84.121444,"Heredia",2025,"2025-04-06T15:17:23","CR",9
"5153111560","Morpho helenor Cramer, 1782",16.742411,-93.149254,"Chiapas",2025,"2025-04-27T09:44:49","MX",731
"5153291719","Morpho helenor Cramer, 1782",10.893412,-84.788772,"Alajuela",2025,"2025-04-09T07:32:52","CR",4
"5153588028","Morpho helenor Cramer, 1782",9.734405,-82.827683,"Limón",2025,"2025-04-21T11:36:27","CR",4
"5153791343","Morpho helenor Cramer, 1782",-23.61562,-45.774365,"São Paulo",2025,"2025-04-07T11:45:56","BR",485
"5153901910","Morpho helenor Cramer, 1782",10.203322,-84.161965,"Heredia",2025,"2025-04-23T12:34","CR",NA
"5153993504","Morpho helenor Cramer, 1782",15.691926,-84.901471,"Gracias a Dios",2025,"2025-04-25T10:39:48","HN",NA
"5154090476","Morpho helenor Cramer, 1782",17.023174,-97.953569,"Oaxaca",2025,"2025-04-28T07:28","MX",284
"5154254245","Morpho helenor Cramer, 1782",10.836417,-85.61612,"Guanacaste",2025,"2025-04-26T10:11:27","CR",13
"5154310346","Morpho helenor Cramer, 1782",-13.354546,-70.348368,"Puno",2025,"2025-04-27T07:59:56","PE",207
"5154560856","Morpho helenor Cramer, 1782",10.203537,-84.16204,"Heredia",2025,"2025-04-23T12:35","CR",NA
"5154619068","Morpho helenor Cramer, 1782",10.306428,-84.807536,"Puntarenas",2025,"2025-04-28T10:31:07","CR",210
"5154716225","Morpho helenor Cramer, 1782",15.69165,-84.912655,"Gracias a Dios",2025,"2025-04-25T12:30:04","HN",NA
"5154857771","Morpho helenor Cramer, 1782",4.84757,-52.351297,"Cayenne",2025,"2025-04-28T01:47","GF",NA
"5154908637","Morpho helenor Cramer, 1782",10.893448,-84.788836,"Alajuela",2025,"2025-04-09","CR",4
"5166813545","Morpho helenor Cramer, 1782",10.837553,-85.61954,"Guanacaste",2025,"2025-04-21T07:33","CR",4
"5167834799","Morpho helenor Cramer, 1782",15.072623,-85.2516,"Olancho",2025,"2025-04-22T04:52","HN",34
"5187507076","Morpho helenor Cramer, 1782",-9.597417,-55.932155,"Mato Grosso",2025,"2025-04-30T14:17:04","BR",10
"5282252685","Morpho helenor Cramer, 1782",9.82782,-83.771697,"Cartago",2025,"2025-04-14T11:26:09","CR",NA
"5827468227","Morpho helenor Cramer, 1782",4.511853,-75.652109,"Quindío",2025,"2025-04-22T15:39:36","CO",NA
"5838176981","Morpho helenor Cramer, 1782",20.612235,-87.090897,"Quintana Roo",2025,"2025-04-16T17:49","MX",122
"5890211026","Morpho helenor Cramer, 1782",9.405262,-84.154869,"Puntarenas",2025,"2025-04-21T18:13","CR",22
"5932611543","Morpho helenor Cramer, 1782",-23.432687,-47.592745,"São Paulo",2025,"2025-04-17T15:10","BR",NA
"6130664874","Morpho helenor Cramer, 1782",13.416617,-86.818875,"Choluteca",2025,"2025-04-12T22:44","HN",488
"6185895403","Morpho helenor helenor",-3.099708,-59.969022,"Amazonas",2025,"2025-04-28T19:10:22","BR",96
"6188573511","Morpho helenor Cramer, 1782",14.84187,-87.9587,"Cortés",2025,"2025-04-18T11:28:18","HN",3
"5153210544","Morpho helenor Cramer, 1782",4.19522,-74.443092,"Cundinamarca",2025,"2025-05-02T10:24:57","CO",46
"5153242539","Morpho helenor Cramer, 1782",0.071739,-78.953317,"Pichincha",2025,"2025-05-02T16:51:52","EC",18
"5153563256","Morpho helenor Cramer, 1782",-20.757842,-42.863013,"Minas Gerais",2025,"2025-05-06T15:01:21","BR",224
"5153751708","Morpho helenor Cramer, 1782",20.305205,-87.522309,"Quintana Roo",2025,"2025-05-05T08:32:39","MX",NA
"5154280336","Morpho helenor Cramer, 1782",-10.433128,-62.478088,"Rondônia",2025,"2025-05-05T17:10:08","BR",15
"5154810906","Morpho helenor Cramer, 1782",-8.078186,-34.966759,"Pernambuco",2025,"2025-05-08T11:12:14","BR",NA
"5166822078","Morpho helenor Cramer, 1782",8.305537,-83.012992,"Chiriquí",2025,"2025-05-09T16:17","PA",122
"5166900207","Morpho helenor Cramer, 1782",10.077614,-83.287158,"Limón",2025,"2025-05-11T11:28","CR",1
"5166963187","Morpho helenor Cramer, 1782",-20.801788,-41.81528,"Rio de Janeiro",2025,"2025-05-01","BR",69
"5167128420","Morpho helenor Cramer, 1782",10.303965,-84.793118,"Puntarenas",2025,"2025-05-12T11:35:06","CR",94
"5167221118","Morpho helenor Cramer, 1782",10.067103,-84.245395,"Alajuela",2025,"2025-05-19T10:24:36","CR",312
"5167329734","Morpho helenor Cramer, 1782",17.0454,-97.937815,"Oaxaca",2025,"2025-05-15T12:14","MX",202
"5167481027","Morpho helenor Cramer, 1782",-16.345584,-55.863612,"Mato Grosso",2025,"2025-05-23T13:39:50","BR",6
"5168491724","Morpho helenor Cramer, 1782",17.045074,-97.938699,"Oaxaca",2025,"2025-05-15T23:09","MX",85
"5168531502","Morpho helenor Cramer, 1782",10.203628,-84.161955,"Heredia",2025,"2025-05-27T12:52:09","CR",33
"5168536347","Morpho helenor Cramer, 1782",20.683143,-87.078735,"Quintana Roo",2025,"2025-05-27T09:48:25","MX",212
"5168545292","Morpho helenor Cramer, 1782",10.338908,-84.809272,"Guanacaste",2025,"2025-05-27T08:35:47","CR",4
"5176375911","Morpho helenor Cramer, 1782",-22.960825,-43.164475,"Rio de Janeiro",2025,"2025-05-28T08:51","BR",779
"5176383750","Morpho helenor Cramer, 1782",15.770634,-88.802123,"Izabal",2025,"2025-05-21T08:26:19","GT",NA
"5176402925","Morpho helenor Cramer, 1782",-2.327975,-79.206508,"Cañar",2025,"2025-05-27T16:37:43","EC",NA
"5176471775","Morpho helenor Cramer, 1782",-13.161166,-72.534405,"Cusco",2025,"2025-05-09T14:03:48","PE",62
"5176636419","Morpho helenor Cramer, 1782",10.105882,-84.551215,"Alajuela",2025,"2025-05-05T13:29:10","CR",NA
"5176694073","Morpho helenor Cramer, 1782",9.835938,-83.633308,"Cartago",2025,"2025-05-31T20:53:06","CR",4
"5176949582","Morpho helenor Cramer, 1782",17.041257,-97.936662,"Oaxaca",2025,"2025-05-15T22:49","MX",2
"5176968731","Morpho helenor Cramer, 1782",20.234855,-97.893701,"Puebla",2025,"2025-05-15T16:34","MX",294
"5187550758","Morpho helenor Cramer, 1782",10.318886,-84.808381,"Puntarenas",2025,"2025-05-17T21:57","CR",5
"5198880511","Morpho helenor Cramer, 1782",4.142164,-52.128192,"Cayenne",2025,"2025-05-04T13:07:13","GF",NA
"5291899317","Morpho helenor Cramer, 1782",10.282507,-84.795416,"Puntarenas",2025,"2025-05-20T03:37","CR",31
"5292277713","Morpho helenor Cramer, 1782",10.325403,-83.950088,"Heredia",2025,"2025-05-28T15:32:40","CR",7
"5292329053","Morpho helenor Cramer, 1782",10.323918,-83.953649,"Heredia",2025,"2025-05-20T16:28","CR",977
"5292793895","Morpho helenor Cramer, 1782",9.820341,-83.539079,"Cartago",2025,"2025-05-21T10:19","CR",NA
"5293133739","Morpho helenor Cramer, 1782",10.203483,-84.162033,"Heredia",2025,"2025-05-30T10:52:26","CR",13
"5293199909","Morpho helenor Cramer, 1782",10.306428,-84.807536,"Puntarenas",2025,"2025-05-06T09:46","CR",210
"5293202330","Morpho helenor Cramer, 1782",10.304263,-84.79484,"Puntarenas",2025,"2025-05-12T11:37","CR",NA
"5293259631","Morpho helenor Cramer, 1782",10.324735,-83.950289,"Heredia",2025,"2025-05-14T14:49","CR",212
"5830886571","Morpho helenor Cramer, 1782",19.425312,-97.023461,"Veracruz",2025,"2025-05-19","MX",98
"5890100425","Morpho helenor Cramer, 1782",17.202743,-88.536745,"Belize",2025,"2025-05-03T11:35:21","BZ",NA
"5908911705","Morpho helenor Cramer, 1782",-0.068414,-78.761818,"Pichincha",2025,"2025-05-22T12:55:46","EC",NA
"5909148425","Morpho helenor Cramer, 1782",-23.462697,-46.535649,"São Paulo",2025,"2025-05-11T11:15:34","BR",33
"5935618713","Morpho helenor Cramer, 1782",-26.42362,-53.837867,"Misiones",2025,"2025-05-17T09:03","AR",NA
"5935960870","Morpho helenor Cramer, 1782",-26.437275,-53.813838,"Misiones",2025,"2025-05-17T12:42","AR",NA
"6130745504","Morpho helenor Cramer, 1782",9.959563,-85.223312,"Puntarenas",2025,"2025-05-01T14:48","CR",226
"6133473844","Morpho helenor Cramer, 1782",10.30143,-84.799169,"Puntarenas",2025,"2025-05-29T15:00","CR",53
"6171030877","Morpho helenor Cramer, 1782",4.189037,-74.580588,"Tolima",2025,"2025-05-29T18:12:35","CO",NA
"6178645777","Morpho helenor Cramer, 1782",-14.549513,-67.690577,"La Paz",2025,"2025-05-24T15:04","BO",NA
"6178700662","Morpho helenor Cramer, 1782",-14.553353,-67.685286,"La Paz",2025,"2025-05-22T15:56","BO",5
"6179248728","Morpho helenor Cramer, 1782",-25.613923,-54.482566,"Paraná",2025,"2025-05-16T15:45","BR",209
"6179408772","Morpho helenor Cramer, 1782",-25.656557,-54.43166,"Paraná",2025,"2025-05-24T07:50","BR",NA
"5188089969","Morpho helenor Cramer, 1782",-3.978205,-73.423873,"Loreto",2025,"2025-06-01T16:47","PE",218
"5198305926","Morpho helenor Cramer, 1782",-24.588085,-48.62887,"São Paulo",2025,"2025-06-11T18:48","BR",276
"5198308658","Morpho helenor Cramer, 1782",17.311944,-99.8675,"Guerrero",2025,"2025-06-09T12:54","MX",668
"5198346798","Morpho helenor Cramer, 1782",-24.588085,-48.62887,"São Paulo",2025,"2025-06-11T14:47","BR",276
"5198418521","Morpho helenor Cramer, 1782",17.031303,-97.924365,"Oaxaca",2025,"2025-06-13T22:43","MX",2
"5198502044","Morpho helenor Cramer, 1782",10.318837,-84.810792,"Puntarenas",2025,"2025-06-01T07:13:06","CR",4
"5198580253","Morpho helenor Cramer, 1782",4.904061,-52.266457,"Cayenne",2025,"2025-06-14T01:53","GF",357
"5198618214","Morpho helenor Cramer, 1782",-6.463594,-76.287886,"San Martín",2025,"2025-06-11T15:01:47","PE",NA
"5198817649","Morpho helenor Cramer, 1782",19.270948,-88.500436,"Quintana Roo",2025,"2025-06-07T09:21","MX",61
"5198913963","Morpho helenor Cramer, 1782",9.818674,-83.85823,"Cartago",2025,"2025-06-12T11:07","CR",6
"5198982733","Morpho helenor Cramer, 1782",20.409669,-98.182196,"Hidalgo",2025,"2025-06-15T10:33:21","MX",81
"5199027510","Morpho helenor Cramer, 1782",-21.744909,-43.358916,"Minas Gerais",2025,"2025-06-13T12:51","BR",2
"5199028312","Morpho helenor Cramer, 1782",4.904803,-52.273284,"Cayenne",2025,"2025-06-13T21:16:17","GF",208
"5215776867","Morpho helenor Cramer, 1782",-23.131327,-44.170605,"Rio de Janeiro",2025,"2025-06-29T20:12:47","BR",22
"5216115395","Morpho helenor Cramer, 1782",10.313084,-83.957282,"Heredia",2025,"2025-06-26T19:57:54","CR",NA
"5216332757","Morpho helenor Cramer, 1782",10.429958,-84.006183,"Heredia",2025,"2025-06-26T13:59:53","CR",1
"5217225748","Morpho helenor Cramer, 1782",9.405187,-84.154808,"Puntarenas",2025,"2025-06-28T13:41:28","CR",11
"5230092051","Morpho helenor Cramer, 1782",20.729317,-87.591934,"Quintana Roo",2025,"2025-06-15T08:38:10","MX",NA
"5230348380","Morpho helenor Cramer, 1782",-25.600331,-54.568614,"Misiones",2025,"2025-06-04T13:58","AR",NA
"5231900420","Morpho helenor Cramer, 1782",-24.588085,-48.62887,"São Paulo",2025,"2025-06-18T18:48","BR",276
"5238207686","Morpho helenor Cramer, 1782",18.529162,-89.598495,"Campeche",2025,"2025-06-07T09:46:48","MX",572
"5291812355","Morpho helenor Cramer, 1782",9.32803,-82.218292,"Bocas del Toro",2025,"2025-06-28T15:43","PA",471
"5291943419","Morpho helenor Cramer, 1782",10.319006,-84.816744,"Puntarenas",2025,"2025-06-16T09:38:29","CR",NA
"5292397033","Morpho helenor Cramer, 1782",10.222347,-84.167206,"Alajuela",2025,"2025-06-19T12:10:07","CR",23
"5292466265","Morpho helenor Cramer, 1782",9.036027,-79.585618,"Panamá",2025,"2025-06-01T10:04","PA",739
"5292572672","Morpho helenor Cramer, 1782",10.098228,-84.211433,"Alajuela",2025,"2025-06-27T11:06:56","CR",3
"5292597544","Morpho helenor Cramer, 1782",10.325417,-83.950058,"Heredia",2025,"2025-06-26T14:00:10","CR",3
"5292622301","Morpho helenor Cramer, 1782",10.435598,-84.009341,"Heredia",2025,"2025-06-18T17:20","CR",70
"5292781842","Morpho helenor Cramer, 1782",8.621458,-80.139657,"Coclé",2025,"2025-06-19T13:17","PA",NA
"5292937756","Morpho helenor Cramer, 1782",9.327274,-82.218133,"Bocas del Toro",2025,"2025-06-24T18:26","PA",15
"5293160374","Morpho helenor Cramer, 1782",9.114349,-83.693848,"Puntarenas",2025,"2025-06-14T14:05:35","CR",32
"5293265114","Morpho helenor Cramer, 1782",9.177462,-83.725003,"Puntarenas",2025,"2025-06-10T11:58:19","CR",28
"5938488795","Morpho helenor Cramer, 1782",8.618303,-83.480081,"Puntarenas",2025,"2025-06-30T08:01","CR",4
"6178331452","Morpho helenor Cramer, 1782",10.432011,-84.699918,"Alajuela",2025,"2025-06-26T13:58","CR",122
"6178513243","Morpho helenor Cramer, 1782",8.621144,-83.480603,"Puntarenas",2025,"2025-06-30T08:37","CR",122
"6195609380","Morpho helenor Cramer, 1782",-0.623354,-76.620674,"Orellana",2025,"2025-06-30T16:03:51","EC",3
"6273532901","Morpho helenor Cramer, 1782",-0.622537,-76.623405,"Orellana",2025,"2025-06-30T15:44:29","EC",3
"5215932535","Morpho helenor Cramer, 1782",10.309828,-84.819733,"Puntarenas",2025,"2025-07-03T15:02:57","CR",19
"5216395085","Morpho helenor Cramer, 1782",20.702456,-87.05,"Quintana Roo",2025,"2025-07-06T12:57","MX",234
"5231653561","Morpho helenor Cramer, 1782",-22.819916,-47.070314,"São Paulo",2025,"2025-07-15T15:20","BR",2
"5231783671","Morpho helenor Cramer, 1782",-23.464367,-47.446595,"São Paulo",2025,"2025-07-18T17:18:52","BR",NA
"5237951919","Morpho helenor Cramer, 1782",11.288575,-60.620358,"Tobago",2025,"2025-07-23T13:54:21","TT",4
"5281902428","Morpho helenor Cramer, 1782",13.108438,-85.651825,"Matagalpa",2025,"2025-07-31T10:02:04","NI",6
"5282396922","Morpho helenor Cramer, 1782",18.517976,-95.036888,"Veracruz",2025,"2025-07-07T21:56","MX",8
"5282604960","Morpho helenor Cramer, 1782",10.203617,-84.161972,"Heredia",2025,"2025-07-29T15:22:15","CR",3
"5291762137","Morpho helenor Cramer, 1782",10.481912,-84.616408,"Alajuela",2025,"2025-07-02T18:16:13","CR",30
"5291891940","Morpho helenor Cramer, 1782",10.551103,-83.507225,"Limón",2025,"2025-07-26T12:11:52","CR",4
"5291937096","Morpho helenor Cramer, 1782",10.204012,-84.161964,"Heredia",2025,"2025-07-29T15:22:56","CR",70
"5291971340","Morpho helenor Cramer, 1782",8.772202,-82.652564,"Chiriquí",2025,"2025-07-09T14:13:06","PA",NA
"5292029929","Morpho helenor Cramer, 1782",10.703903,-84.991463,"Alajuela",2025,"2025-07-24T13:11:48","CR",5
"5292095821","Morpho helenor Cramer, 1782",9.320029,-79.142324,"Panamá",2025,"2025-07-10T18:46:42","PA",7
"5292102590","Morpho helenor Cramer, 1782",15.50752,-88.058692,"Cortés",2025,"2025-07-19T09:44:53","HN",4
"5292148394","Morpho helenor Cramer, 1782",8.647245,-80.065285,"Panamá Oeste",2025,"2025-07-10T10:46:48","PA",15
"5292251434","Morpho helenor Cramer, 1782",10.341525,-84.799483,"Guanacaste",2025,"2025-07-05T10:21:56","CR",4
"5292308874","Morpho helenor Cramer, 1782",10.529473,-85.746078,"Guanacaste",2025,"2025-07-31T11:40:47","CR",17
"5292373615","Morpho helenor Cramer, 1782",14.013386,-87.004596,"Francisco Morazán",2025,"2025-07-09T11:05","HN",15
"5292373684","Morpho helenor Cramer, 1782",10.707792,-84.989478,"Alajuela",2025,"2025-07-20T13:37:46","CR",4
"5292602304","Morpho helenor Cramer, 1782",10.377367,-84.897422,"Guanacaste",2025,"2025-07-29T11:09:07","CR",4
"5292732693","Morpho helenor Cramer, 1782",10.707792,-84.989478,"Alajuela",2025,"2025-07-20T13:37:47","CR",4
"5292864230","Morpho helenor Cramer, 1782",10.315901,-84.807321,"Puntarenas",2025,"2025-07-31T14:39:08","CR",8
"5292865664","Morpho helenor Cramer, 1782",10.4818,-84.616028,"Alajuela",2025,"2025-07-19T19:07:48","CR",4
"5292871195","Morpho helenor Cramer, 1782",8.932803,-79.594965,"Panamá Oeste",2025,"2025-07-13T09:40","PA",NA
"5292942308","Morpho helenor Cramer, 1782",10.20372,-84.16198,"Heredia",2025,"2025-07-29T15:25:19","CR",12
"5292988692","Morpho helenor Cramer, 1782",10.203512,-84.16188,"Heredia",2025,"2025-07-29T15:23:41","CR",91
"5293054086","Morpho helenor Cramer, 1782",9.152177,-83.73981,"Puntarenas",2025,"2025-07-19T11:13:06","CR",NA
"5293070751","Morpho helenor Cramer, 1782",10.220139,-84.165506,"Alajuela",2025,"2025-07-29T12:06","CR",5
"5293157088","Morpho helenor Cramer, 1782",10.31992,-84.808358,"Puntarenas",2025,"2025-07-30T08:31:58","CR",11
"5759842054","Morpho helenor Cramer, 1782",10.3098,-84.819835,"Puntarenas",2025,"2025-07-27T14:46:57","CR",4
"5760593785","Morpho helenor Cramer, 1782",10.203462,-84.161955,"Heredia",2025,"2025-07-25T12:14:18","CR",16
"5837801295","Morpho helenor helenor",4.088014,-52.679862,"Cayenne",2025,"2025-07-07T10:16","GF",NA
"5889725319","Morpho helenor Cramer, 1782",8.85727,-83.471448,"Puntarenas",2025,"2025-07-27T08:18","CR",31
"5889781043","Morpho helenor Cramer, 1782",10.488512,-84.756274,"Alajuela",2025,"2025-07-24T17:56","CR",207
"5889866158","Morpho helenor Cramer, 1782",10.203417,-84.162086,"Heredia",2025,"2025-07-07T11:26:32","CR",3
"5890221063","Morpho helenor Cramer, 1782",-3.621722,-40.407748,"Ceará",2025,"2025-07-19T06:49","BR",NA
"5908692341","Morpho helenor Cramer, 1782",9.152162,-83.739803,"Puntarenas",2025,"2025-07-19T11:13","CR",2
"5932796789","Morpho helenor Cramer, 1782",-6.4453,-76.360755,"San Martín",2025,"2025-07-18T23:54:52","PE",220
"6252077181","Morpho helenor Cramer, 1782",-9.869289,-63.028455,"Rondônia",2025,"2025-07-17T08:43","BR",15
"6320537798","Morpho helenor Cramer, 1782",-0.623183,-76.619055,"Orellana",2025,"2025-07-03T20:34:13","EC",11
"5282401272","Morpho helenor Cramer, 1782",4.611737,-52.278351,"Cayenne",2025,"2025-08-02T12:00","GF",244
"5291835113","Morpho helenor Cramer, 1782",8.912311,-79.528548,"Panamá",2025,"2025-08-02T15:11","PA",193
"5291993271","Morpho helenor Cramer, 1782",10.495642,-84.750855,"Alajuela",2025,"2025-08-08T11:51:16","CR",6
"5292013163","Morpho helenor Cramer, 1782",-6.45675,-76.289008,"San Martín",2025,"2025-08-16T14:51:46","PE",4
"5292206054","Morpho helenor Cramer, 1782",13.552325,-89.294209,"La Libertad",2025,"2025-08-07T23:53:49","SV",80
"5292368195","Morpho helenor Cramer, 1782",10.460688,-84.661551,"Alajuela",2025,"2025-08-06T18:25:41","CR",245
"5292566152","Morpho helenor Cramer, 1782",16.945379,-93.164986,"Chiapas",2025,"2025-08-10T13:49","MX",61
"5292593966","Morpho helenor Cramer, 1782",10.77497,-85.34758,"Guanacaste",2025,"2025-08-05T10:07:34","CR",26
"5292838917","Morpho helenor Cramer, 1782",5.234651,-76.08905,"Risaralda",2025,"2025-08-09T16:33","CO",1
"5292938688","Morpho helenor Cramer, 1782",20.847161,-87.231909,"Quintana Roo",2025,"2025-08-05T11:28","MX",977
"5292943880","Morpho helenor Cramer, 1782",10.481747,-84.616088,"Alajuela",2025,"2025-08-09T18:08:47","CR",4
"5293159438","Morpho helenor Cramer, 1782",9.625936,-82.684916,"Limón",2025,"2025-08-11T08:01","CR",45
"5293193693","Morpho helenor Cramer, 1782",10.324681,-83.950563,"Heredia",2025,"2025-08-04T18:24:54","CR",61
"5293319113","Morpho helenor Cramer, 1782",8.762525,-82.680173,"Chiriquí",2025,"2025-08-08T18:47:26","PA",87
"5759653656","Morpho helenor Cramer, 1782",10.318961,-84.81682,"Puntarenas",2025,"2025-08-19T16:06:08","CR",13
"5759745023","Morpho helenor Cramer, 1782",12.361628,-85.496895,"Boaco",2025,"2025-08-11T13:45:05","NI",12
"5759776290","Morpho helenor helenor",3.633639,-53.188792,"Saint-Laurent-du-Maroni",2025,"2025-08-22T13:56:32","GF",NA
"5759776807","Morpho helenor Cramer, 1782",10.662956,-85.095392,"Guanacaste",2025,"2025-08-12T06:55:31","CR",19
"5759873766","Morpho helenor Cramer, 1782",-3.651687,-79.781391,"El Oro",2025,"2025-08-18T10:00","EC",211
"5759929854","Morpho helenor Cramer, 1782",10.305175,-84.820503,"Puntarenas",2025,"2025-08-10T12:24:42","CR",4
"5760364148","Morpho helenor Cramer, 1782",10.309796,-84.819855,"Puntarenas",2025,"2025-08-20T13:31:39","CR",NA
"5760405714","Morpho helenor Cramer, 1782",8.621311,-80.139711,"Coclé",2025,"2025-08-06T07:18","PA",237
"5760418464","Morpho helenor Cramer, 1782",10.46848,-84.651543,"Alajuela",2025,"2025-08-16T20:08:27","CR",NA
"5760448910","Morpho helenor Cramer, 1782",10.506178,-84.687247,"Alajuela",2025,"2025-08-12T19:00:07","CR",3
"5760544467","Morpho helenor Cramer, 1782",9.742992,-82.810517,"Limón",2025,"2025-08-23T13:00:45","CR",14
"5760581568","Morpho helenor Cramer, 1782",9.74745,-82.816147,"Limón",2025,"2025-08-14T12:38:05","CR",4
"5760643080","Morpho helenor Cramer, 1782",15.168482,-92.42544,"Chiapas",2025,"2025-08-25T08:25:44","MX",NA
"5760728038","Morpho helenor Cramer, 1782",9.747403,-82.81617,"Limón",2025,"2025-08-14T12:37:32","CR",4
"5760848366","Morpho helenor Cramer, 1782",13.988026,-86.979661,"Francisco Morazán",2025,"2025-08-21T13:02","HN",244
"5760902065","Morpho helenor Cramer, 1782",8.911351,-79.52861,"Panamá",2025,"2025-08-08T12:03","PA",NA
"5761000916","Morpho helenor Cramer, 1782",10.203506,-84.161873,"Heredia",2025,"2025-08-14T11:44:31","CR",44
"5761017561","Morpho helenor Cramer, 1782",9.747428,-82.816147,"Limón",2025,"2025-08-14T12:38:10","CR",4
"5761085673","Morpho helenor Cramer, 1782",10.77503,-85.347703,"Guanacaste",2025,"2025-08-05T10:07:33","CR",4
"5761170553","Morpho helenor Cramer, 1782",10.495703,-84.750825,"Alajuela",2025,"2025-08-08T11:49:37","CR",3
"5827432613","Morpho helenor Cramer, 1782",5.22995,-76.082733,"Risaralda",2025,"2025-08-10T12:59:40","CO",4
"5828322157","Morpho helenor Cramer, 1782",10.495628,-84.750763,"Alajuela",2025,"2025-08-08T11:50:29","CR",7
"5828450999","Morpho helenor Cramer, 1782",17.033263,-97.92474,"Oaxaca",2025,"2025-08-31T03:18","MX",8
"5828860373","Morpho helenor Cramer, 1782",-12.172851,-69.391255,"Madre de Dios",2025,"2025-08-25T11:03:41","PE",22
"5830696132","Morpho helenor Cramer, 1782",3.448705,-76.559492,"Valle del Cauca",2025,"2025-08-29T10:41:38","CO",NA
"5867765591","Morpho helenor Cramer, 1782",10.028883,-83.351417,"Limón",2025,"2025-08-06T13:13:02","CR",4
"5867853610","Morpho helenor Cramer, 1782",10.305532,-84.804344,"Puntarenas",2025,"2025-08-06T14:13","CR",NA
"5909291552","Morpho helenor Cramer, 1782",8.785248,-82.959214,"Puntarenas",2025,"2025-08-07T19:16","CR",8
"5936268719","Morpho helenor Cramer, 1782",10.777076,-85.358754,"Guanacaste",2025,"2025-08-03T11:09","CR",244
"5938237658","Morpho helenor Cramer, 1782",10.735537,-85.30176,"Guanacaste",2025,"2025-08-06T08:31","CR",244
"6130032232","Morpho helenor Cramer, 1782",1.052648,-79.016935,"Esmeraldas",2025,"2025-08-23T14:43","EC",8
"6130149237","Morpho helenor helenor",-9.596833,-55.931351,"Mato Grosso",2025,"2025-08-02T10:07","BR",8
"6130414133","Morpho helenor helenor",-9.59669,-55.931442,"Mato Grosso",2025,"2025-08-02T10:06","BR",8
"6131231651","Morpho helenor Cramer, 1782",9.959563,-85.223312,"Puntarenas",2025,"2025-08-01T10:55","CR",226
"6178300034","Morpho helenor Cramer, 1782",-25.664397,-54.450915,"Paraná",2025,"2025-08-31T15:40:20","BR",201
"6178639607","Morpho helenor Cramer, 1782",10.221911,-84.167623,"Alajuela",2025,"2025-08-22T12:51","CR",31
"6178965001","Morpho helenor Cramer, 1782",10.433344,-84.706112,"Alajuela",2025,"2025-08-28T07:47","CR",873
"6236281995","Morpho helenor Cramer, 1782",8.468313,-83.589455,"Puntarenas",2025,"2025-08-30T11:25:34","CR",2
"5827538485","Morpho helenor Cramer, 1782",-12.227606,-69.110594,"Madre de Dios",2025,"2025-09-12T12:06","PE",NA
"5827692708","Morpho helenor Cramer, 1782",19.476231,-88.054652,"Quintana Roo",2025,"2025-09-12T08:13","MX",212
"5828639122","Morpho helenor Cramer, 1782",11.084157,-74.084615,"Magdalena",2025,"2025-09-10T13:46","CO",NA
"5828802743","Morpho helenor Cramer, 1782",9.050943,-79.633518,"Panamá",2025,"2025-09-15T09:33:44","PA",8
"5830467990","Morpho helenor Cramer, 1782",-23.583569,-46.478821,"São Paulo",2025,"2025-09-20T15:53","BR",23
"5830714717","Morpho helenor Cramer, 1782",10.739853,-61.410443,"Tunapuna/Piarco",2025,"2025-09-20T09:49","TT",145
"5831042473","Morpho helenor Cramer, 1782",-25.857663,-54.168832,"Misiones",2025,"2025-09-10T14:27","AR",4
"5837711864","Morpho helenor helenor",3.630629,-53.208118,"Saint-Laurent-du-Maroni",2025,"2025-09-16T10:37","GF",215
"5837876157","Morpho helenor Cramer, 1782",9.295061,-83.773456,"San José",2025,"2025-09-27T21:29:51","CR",17
"5837960903","Morpho helenor Cramer, 1782",-21.559412,-44.636953,"Minas Gerais",2025,"2025-09-27T13:32:14","BR",4
"5839968578","Morpho helenor Cramer, 1782",10.272508,-84.435317,"Alajuela",2025,"2025-09-21T22:34:15","CR",4
"5840320533","Morpho helenor Cramer, 1782",10.748656,-85.371077,"Guanacaste",2025,"2025-09-13T15:14:34","CR",717
"5844204484","Morpho helenor Cramer, 1782",-12.041942,-69.676233,"Madre de Dios",2025,"2025-09-07T13:23","PE",546
"5867723334","Morpho helenor Cramer, 1782",18.409835,-89.491839,"Campeche",2025,"2025-09-19T17:57","MX",NA
"5867775500","Morpho helenor Cramer, 1782",-12.225649,-69.111592,"Madre de Dios",2025,"2025-09-10T14:47","PE",322
"5867783191","Morpho helenor Cramer, 1782",14.828463,-85.837845,"Olancho",2025,"2025-09-04T08:39:40","HN",3
"5867872744","Morpho helenor Cramer, 1782",10.019236,-84.124468,"Heredia",2025,"2025-09-04T18:00:51","CR",10
"5867908395","Morpho helenor Cramer, 1782",9.734036,-82.830367,"Limón",2025,"2025-09-10T09:55:23","CR",NA
"5868024031","Morpho helenor Cramer, 1782",10.05392,-84.758933,"Puntarenas",2025,"2025-09-19T13:30:40","CR",5
"5868035290","Morpho helenor Cramer, 1782",10.305778,-84.800067,"Puntarenas",2025,"2025-09-02T13:54:16","CR",NA
"5868149103","Morpho helenor Cramer, 1782",8.753688,-79.908687,"Panamá Oeste",2025,"2025-09-01T05:24:26","PA",211
"5889345963","Morpho helenor Cramer, 1782",10.775215,-85.34745,"Guanacaste",2025,"2025-09-13T14:56:13","CR",5
"5889394494","Morpho helenor Cramer, 1782",10.222225,-84.167115,"Alajuela",2025,"2025-09-16T10:23","CR",NA
"5889483406","Morpho helenor Cramer, 1782",9.88097,-84.133592,"San José",2025,"2025-09-27T14:07","CR",14
"5889554765","Morpho helenor Cramer, 1782",9.804358,-83.584544,"Cartago",2025,"2025-09-19T10:23","CR",150
"5889634288","Morpho helenor Cramer, 1782",9.804358,-83.584544,"Cartago",2025,"2025-09-20T13:50","CR",150
"5889771747","Morpho helenor Cramer, 1782",10.32523,-83.950287,"Heredia",2025,"2025-09-18T11:58","CR",NA
"5889878679","Morpho helenor Cramer, 1782",10.547497,-83.514503,"Limón",2025,"2025-09-15T18:02:15","CR",57
"5889878690","Morpho helenor Cramer, 1782",10.48173,-84.616203,"Alajuela",2025,"2025-09-24T09:48:21","CR",3
"5890000033","Morpho helenor Cramer, 1782",8.592753,-80.142355,"Coclé",2025,"2025-09-21T11:04:35","PA",75
"5890097007","Morpho helenor Cramer, 1782",18.315593,-89.85667,"Campeche",2025,"2025-09-20T15:05","MX",NA
"5890105397","Morpho helenor Cramer, 1782",18.315009,-89.857051,"Campeche",2025,"2025-09-20T16:08","MX",215
"5890308842","Morpho helenor Cramer, 1782",10.307336,-84.799822,"Puntarenas",2025,"2025-09-27T07:38:41","CR",473
"5892883087","Morpho helenor Cramer, 1782",-24.588085,-48.62887,"São Paulo",2025,"2025-09-03T21:52","BR",276
"5897171684","Morpho helenor Cramer, 1782",-2.165034,-80.028037,"Guayas",2025,"2025-09-06T11:24","EC",339
"5903846425","Morpho helenor Cramer, 1782",-26.728069,-54.797952,"Misiones",2025,"2025-09-20T15:37:32","AR",40
"5908706193","Morpho helenor Cramer, 1782",5.150544,-52.715157,"Cayenne",2025,"2025-09-13T10:48","GF",137
"5932314849","Morpho helenor Cramer, 1782",-12.047562,-69.663187,"Madre de Dios",2025,"2025-09-03T14:46","PE",209
"6130093616","Morpho helenor Cramer, 1782",10.773712,-85.346343,"Guanacaste",2025,"2025-09-04T16:03:04","CR",480
"6131050141","Morpho helenor Cramer, 1782",10.774564,-85.346685,"Guanacaste",2025,"2025-09-04T10:26","CR",297
"6159257121","Morpho helenor Cramer, 1782",-12.868403,-71.40612,"Madre de Dios",2025,"2025-09-16T08:54:55","PE",13
"5839940025","Morpho helenor Cramer, 1782",19.473908,-96.964931,"Veracruz",2025,"2025-10-07T10:28:26","MX",73
"5840483369","Morpho helenor Cramer, 1782",-24.364044,-47.021489,"São Paulo",2025,"2025-10-02T17:23","BR",68
"5843949887","Morpho helenor Cramer, 1782",-19.858114,-44.007808,"Minas Gerais",2025,"2025-10-10T14:59:40","BR",NA
"5844219572","Morpho helenor Cramer, 1782",-14.637797,-47.408533,"Goiás",2025,"2025-10-08T15:50:45","BR",NA
"5844515438","Morpho helenor Cramer, 1782",10.424723,-84.735873,"Alajuela",2025,"2025-10-06T11:02:45","CR",7
"5867944914","Morpho helenor Cramer, 1782",10.713252,-85.053395,"Guanacaste",2025,"2025-10-15T07:02","CR",45
"5868401500","Morpho helenor Cramer, 1782",10.79437,-61.233683,"Tunapuna/Piarco",2025,"2025-10-20T08:34:43","TT",4
"5889259471","Morpho helenor Cramer, 1782",16.094778,-91.66127,"Chiapas",2025,"2025-10-29T07:59:49","MX",9
"5889362555","Morpho helenor Cramer, 1782",9.759041,-83.783692,"Cartago",2025,"2025-10-11T09:50:52","CR",206
"5889381203","Morpho helenor Cramer, 1782",14.327785,-85.933385,"Olancho",2025,"2025-10-19T15:23:39","HN",215
"5889425422","Morpho helenor Cramer, 1782",20.579163,-87.121239,"Quintana Roo",2025,"2025-10-27T17:08:21","MX",4
"5889457400","Morpho helenor Cramer, 1782",-25.682948,-54.454634,"Misiones",2025,"2025-10-15T16:25:42","AR",192
"5889507665","Morpho helenor Cramer, 1782",9.85783,-84.576272,"Alajuela",2025,"2025-10-13T01:11","CR",28
"5889526314","Morpho helenor Cramer, 1782",8.4479,-83.489276,"Puntarenas",2025,"2025-10-17T11:08:32","CR",29
"5889549229","Morpho helenor Cramer, 1782",-2.218678,-79.876356,"Guayas",2025,"2025-10-23T11:56","EC",NA
"5889608912","Morpho helenor Cramer, 1782",9.074392,-83.657638,"Puntarenas",2025,"2025-10-04T11:31:40","CR",12
"5889850087","Morpho helenor Cramer, 1782",11.054612,-85.358082,"Guanacaste",2025,"2025-10-15T17:08","CR",224
"5889883366","Morpho helenor Cramer, 1782",19.634887,-103.424445,"Jalisco",2025,"2025-10-05T23:46:15","MX",29
"5889915064","Morpho helenor Cramer, 1782",10.133688,-84.25947,"Alajuela",2025,"2025-10-11T06:13","CR",4
"5889937478","Morpho helenor Cramer, 1782",9.766128,-83.787579,"Cartago",2025,"2025-10-11T19:46","CR",130
"5889944289","Morpho helenor Cramer, 1782",20.579186,-87.121293,"Quintana Roo",2025,"2025-10-07T12:14:13","MX",NA
"5889949868","Morpho helenor Cramer, 1782",10.282008,-84.790297,"Puntarenas",2025,"2025-10-01T10:09:04","CR",4
"5889961958","Morpho helenor Cramer, 1782",20.480795,-86.960326,"Quintana Roo",2025,"2025-10-20T16:52:36","MX",119
"5889991250","Morpho helenor Cramer, 1782",-25.611461,-54.560194,"Misiones",2025,"2025-10-16T16:07","AR",NA
"5890001067","Morpho helenor Cramer, 1782",-25.85832,-54.169375,"Misiones",2025,"2025-10-23T09:59:54","AR",4
"5890075795","Morpho helenor Cramer, 1782",15.663312,-89.002307,"Izabal",2025,"2025-10-28T20:17:08","GT",49
"5890093472","Morpho helenor Cramer, 1782",-25.611006,-54.560319,"Misiones",2025,"2025-10-18T08:52","AR",NA
"5890281030","Morpho helenor Cramer, 1782",19.187217,-96.985031,"Veracruz",2025,"2025-10-22T14:55:11","MX",NA
"5890454310","Morpho helenor Cramer, 1782",9.297311,-83.773688,"San José",2025,"2025-10-08T21:14:57","CR",24
"5892420912","Morpho helenor Cramer, 1782",-16.2283,-67.741292,"La Paz",2025,"2025-10-24T12:54:33","BO",NA
"5892611612","Morpho helenor Cramer, 1782",20.141583,-96.858253,"Veracruz",2025,"2025-10-24T12:29","MX",14
"5892621570","Morpho helenor Cramer, 1782",-26.727983,-54.796895,"Misiones",2025,"2025-10-20T15:34:04","AR",4
"5892804273","Morpho helenor Cramer, 1782",15.866463,-96.370587,"Oaxaca",2025,"2025-10-16T10:21:05","MX",1
"5892835747","Morpho helenor Cramer, 1782",-23.612523,-46.395334,"São Paulo",2025,"2025-10-18T08:19","BR",203
"5897172670","Morpho helenor Cramer, 1782",9.939956,-84.072777,"San José",2025,"2025-10-16T09:48:37","CR",NA
"5897335146","Morpho helenor Cramer, 1782",4.511681,-75.650977,"Quindío",2025,"2025-10-25T11:02","CO",109
"5908977606","Morpho helenor Cramer, 1782",-20.296887,-43.560383,"Minas Gerais",2025,"2025-10-14T14:57:22","BR",4
"5909048682","Morpho helenor Cramer, 1782",8.991083,-79.546367,"Panamá",2025,"2025-10-12T12:58:33","PA",105
"5909316982","Morpho helenor Cramer, 1782",-24.594112,-48.602024,"São Paulo",2025,"2025-10-14T09:40","BR",200
"5932638751","Morpho helenor Cramer, 1782",-6.714391,-76.114865,"San Martín",2025,"2025-10-15T19:56:37","PE",9
"6130914006","Morpho helenor Cramer, 1782",17.805672,-96.18902,"Oaxaca",2025,"2025-10-25T13:08:14","MX",4
"6159442809","Morpho helenor Cramer, 1782",-18.231707,-42.8381,"Minas Gerais",2025,"2025-10-22T10:35:59","BR",179
"6159513805","Morpho helenor Cramer, 1782",-23.986235,-46.385484,"São Paulo",2025,"2025-10-19T09:37","BR",645
"6178591211","Morpho helenor Cramer, 1782",-20.10936,-44.049546,"Minas Gerais",2025,"2025-10-13T08:30:59","BR",49
"6179279914","Morpho helenor Cramer, 1782",-18.212877,-42.825292,"Minas Gerais",2025,"2025-10-28T09:50:02","BR",55
"6185212204","Morpho helenor Cramer, 1782",14.824205,-85.83722,"Olancho",2025,"2025-10-29T14:01:41","HN",17
"6185673930","Morpho helenor Cramer, 1782",-9.613745,-74.93515,"Huánuco",2025,"2025-10-30T16:34:50","PE",12
"6195602965","Morpho helenor Cramer, 1782",-16.765823,-43.945213,"Minas Gerais",2025,"2025-10-09T09:34:17","BR",NA
"6320390776","Morpho helenor Cramer, 1782",-23.544174,-47.060449,"São Paulo",2025,"2025-10-11T16:43:17","BR",NA
"5892531676","Morpho helenor Cramer, 1782",10.304363,-84.804893,"Puntarenas",2025,"2025-11-06T09:31","CR",9
"5892558688","Morpho helenor Cramer, 1782",10.028921,-83.351096,"Limón",2025,"2025-11-06T11:24:19","CR",NA
"5897174745","Morpho helenor Cramer, 1782",10.747216,-61.266693,"Tunapuna/Piarco",2025,"2025-11-16T15:15:48","TT",215
"5897232172","Morpho helenor Cramer, 1782",9.126458,-79.694412,"Colón",2025,"2025-11-08T15:29:07","PA",4
"5897409958","Morpho helenor Cramer, 1782",8.76044,-82.384465,"Chiriquí",2025,"2025-11-19T12:16:24","PA",191
"5897591457","Morpho helenor Cramer, 1782",-19.509738,-43.457558,"Minas Gerais",2025,"2025-11-12T10:27:23","BR",279
"5897654075","Morpho helenor Cramer, 1782",10.003734,-83.530154,"Limón",2025,"2025-11-13T08:09","CR",210
"5897655961","Morpho helenor Cramer, 1782",4.244913,-58.903183,"Potaro-Siparuni",2025,"2025-11-12T10:19:03","GY",4
"5897661892","Morpho helenor Cramer, 1782",11.288006,-73.903594,"Magdalena",2025,"2025-11-13T08:01:36","CO",NA
"5897805460","Morpho helenor Cramer, 1782",-27.61528,-48.505156,"Santa Catarina",2025,"2025-11-06T12:19:34","BR",NA
"5903737297","Morpho helenor Cramer, 1782",-22.262402,-43.011958,"Rio de Janeiro",2025,"2025-11-21T15:31","BR",4
"5903740424","Morpho helenor Cramer, 1782",10.204456,-84.161531,"Heredia",2025,"2025-11-02T13:35","CR",194
"5903798911","Morpho helenor Cramer, 1782",17.827311,-96.213732,"Oaxaca",2025,"2025-11-07T10:10","MX",61
"5903875822","Morpho helenor Cramer, 1782",8.770268,-82.439795,"Chiriquí",2025,"2025-11-23T17:16","PA",5
"5903979484","Morpho helenor Cramer, 1782",-21.224674,-44.973036,"Minas Gerais",2025,"2025-11-22T17:35:37","BR",NA
"5904041555","Morpho helenor Cramer, 1782",-29.795035,-51.149173,"Rio Grande do Sul",2025,"2025-11-20T15:29:25","BR",NA
"5908652208","Morpho helenor helenor",5.291693,-53.057473,"Cayenne",2025,"2025-11-29T23:29:24","GF",179
"5908761207","Morpho helenor Cramer, 1782",9.866312,-84.169938,"San José",2025,"2025-11-08T15:43","CR",NA
"5908771618","Morpho helenor Cramer, 1782",11.199137,-85.660612,"Rivas",2025,"2025-11-06T08:50:03","NI",NA
"5908850778","Morpho helenor Cramer, 1782",10.029037,-83.351312,"Limón",2025,"2025-11-06T18:19:48","CR",NA
"5908888209","Morpho helenor Cramer, 1782",-2.146457,-79.96681,"Guayas",2025,"2025-11-26T18:25","EC",4
"5908902415","Morpho helenor Cramer, 1782",-25.857182,-54.168645,"Misiones",2025,"2025-11-06T14:38","AR",15
"5908915014","Morpho helenor Cramer, 1782",9.1006,-79.572244,"Panamá",2025,"2025-11-23T14:53:45","PA",31
"5908926953","Morpho helenor Cramer, 1782",9.59125,-85.088958,"Puntarenas",2025,"2025-11-15T12:10","CR",4
"5908940316","Morpho helenor Cramer, 1782",20.360913,-86.96856,"Quintana Roo",2025,"2025-11-18T11:26","MX",817
"5908995594","Morpho helenor Cramer, 1782",8.827123,-79.811984,"Panamá Oeste",2025,"2025-11-21T11:00","PA",2
"5909067671","Morpho helenor Cramer, 1782",9.640208,-82.690963,"Limón",2025,"2025-11-25T06:30:41","CR",10
"5909077890","Morpho helenor Cramer, 1782",9.954495,-85.237695,"Puntarenas",2025,"2025-11-04T06:18:04","CR",4
"5909097781","Morpho helenor Cramer, 1782",8.003314,-81.274812,"Veraguas",2025,"2025-11-21T09:30:53","PA",4
"5909099368","Morpho helenor Cramer, 1782",20.684589,-87.071007,"Quintana Roo",2025,"2025-11-23T13:57:01","MX",NA
"5909102535","Morpho helenor Cramer, 1782",9.956704,-85.235916,"Puntarenas",2025,"2025-11-05T07:41","CR",31
"5909105329","Morpho helenor Cramer, 1782",9.166991,-79.552355,"Panamá",2025,"2025-11-23T15:51:05","PA",NA
"5909122403","Morpho helenor Cramer, 1782",10.306428,-84.807536,"Puntarenas",2025,"2025-11-18T19:51","CR",210
"5909142276","Morpho helenor Cramer, 1782",10.305569,-84.793983,"Puntarenas",2025,"2025-11-05T11:35","CR",9
"5909149820","Morpho helenor Cramer, 1782",10.775299,-85.34613,"Guanacaste",2025,"2025-11-02T15:59","CR",8
"5909174488","Morpho helenor Cramer, 1782",9.229509,-80.002188,"Colón",2025,"2025-11-23T22:50","PA",NA
"5909201294","Morpho helenor Cramer, 1782",14.068203,-87.177345,"Francisco Morazán",2025,"2025-11-24T09:07:42","HN",2
"5909255054","Morpho helenor Cramer, 1782",10.345261,-84.825558,"Guanacaste",2025,"2025-11-03T09:57:24","CR",NA
"5909295134","Morpho helenor Cramer, 1782",-15.738812,-47.92633,"Distrito Federal",2025,"2025-11-26","BR",207
"5909300187","Morpho helenor Cramer, 1782",8.615747,-80.150339,"Coclé",2025,"2025-11-25T09:14:05","PA",NA
"5909301114","Morpho helenor Cramer, 1782",15.913431,-96.41719,"Oaxaca",2025,"2025-11-15T13:37","MX",31
"5909311522","Morpho helenor Cramer, 1782",8.601098,-80.129318,"Coclé",2025,"2025-11-21T13:54:52","PA",8
"5909407950","Morpho helenor Cramer, 1782",8.936376,-79.708229,"Panamá Oeste",2025,"2025-11-21T16:37","PA",42
"5920178298","Morpho helenor Cramer, 1782",-23.606105,-46.823487,"São Paulo",2025,"2025-11-08T08:40:29","BR",240
"5920197284","Morpho helenor Cramer, 1782",-23.583414,-46.478284,"São Paulo",2025,"2025-11-11T16:02:46","BR",200
"5920228472","Morpho helenor Cramer, 1782",10.203757,-84.161817,"Heredia",2025,"2025-11-24T11:31","CR",NA
"5935162122","Morpho helenor Cramer, 1782",10.717399,-61.298104,"Tunapuna/Piarco",2025,"2025-11-26T22:12","TT",8
"5935316249","Morpho helenor Cramer, 1782",10.203774,-84.161763,"Heredia",2025,"2025-11-24T11:30","CR",NA
"5935833644","Morpho helenor Cramer, 1782",-23.735106,-64.849187,"Jujuy",2025,"2025-11-23T19:00:04","AR",NA
"5935934796","Morpho helenor Cramer, 1782",-24.135008,-55.528399,"Canindeyú",2025,"2025-11-11T11:45","PY",2
"5935941798","Morpho helenor Cramer, 1782",10.281894,-84.793027,"Puntarenas",2025,"2025-11-19T13:35","CR",NA
"5936245606","Morpho helenor helenor",3.440567,-55.37362,"Sipaliwini",2025,"2025-11-27T09:48","SR",75
"5938236880","Morpho helenor Cramer, 1782",8.392839,-77.870463,"Darién",2025,"2025-11-30T17:11","PA",15
"6130178292","Morpho helenor Cramer, 1782",-29.772516,-50.341831,"Rio Grande do Sul",2025,"2025-11-06T13:31:44","BR",NA
"6130215924","Morpho helenor Cramer, 1782",15.868788,-96.368429,"Oaxaca",2025,"2025-11-23T14:55","MX",8
"6130401013","Morpho helenor Cramer, 1782",20.372681,-86.992816,"Quintana Roo",2025,"2025-11-22T10:36","MX",310
"6130935796","Morpho helenor Cramer, 1782",-0.572991,-77.34362,"Orellana",2025,"2025-11-12","EC",439
"6131004538","Morpho helenor Cramer, 1782",15.369644,-90.359602,"Alta Verapaz",2025,"2025-11-05T09:56","GT",535
"6131363389","Morpho helenor Cramer, 1782",20.374721,-86.993679,"Quintana Roo",2025,"2025-11-22T10:54","MX",477
"6131609690","Morpho helenor helenor",3.44031,-55.373068,"Sipaliwini",2025,"2025-11-27T09:53","SR",NA
"6133034385","Morpho helenor Cramer, 1782",10.203777,-84.161887,"Heredia",2025,"2025-11-24T13:44","CR",NA
"6133059746","Morpho helenor Cramer, 1782",15.914521,-96.41668,"Oaxaca",2025,"2025-11-15T13:39","MX",526
"6159210119","Morpho helenor Cramer, 1782",10.336566,-84.805991,"Guanacaste",2025,"2025-11-21T08:48","CR",500
"6159256360","Morpho helenor Cramer, 1782",5.073611,-52.701111,"Cayenne",2025,"2025-11-11T16:24:25","GF",211
"6159308089","Morpho helenor Cramer, 1782",-3.566345,-73.121728,"Loreto",2025,"2025-11-18T10:42:12","PE",80
"6159437149","Morpho helenor Cramer, 1782",-17.243878,-43.605176,"Minas Gerais",2025,"2025-11-17T10:56","BR",936
"6159446511","Morpho helenor Cramer, 1782",0.795536,-76.58449,"Putumayo",2025,"2025-11-22T11:43","CO",NA
"6159543038","Morpho helenor Cramer, 1782",5.362644,-55.04974,"Brokopondo",2025,"2025-11-21T09:26","SR",61
"6159702012","Morpho helenor Cramer, 1782",-19.757116,-42.635173,"Minas Gerais",2025,"2025-11-20T12:23:49","BR",216
"6171098136","Morpho helenor Cramer, 1782",10.281881,-84.792907,"Puntarenas",2025,"2025-11-19T13:35","CR",NA
"6178644285","Morpho helenor Cramer, 1782",-25.670663,-54.448017,"Paraná",2025,"2025-11-25T11:11:25","BR",4
"6178755907","Morpho helenor Cramer, 1782",10.325876,-83.949194,"Heredia",2025,"2025-11-22T09:33","CR",NA
"6179148016","Morpho helenor Cramer, 1782",-25.5286,-54.576,"Paraná",2025,"2025-11-24T13:05:32","BR",NA
"6179188592","Morpho helenor Cramer, 1782",-23.030998,-47.195032,"São Paulo",2025,"2025-11-30T17:39:51","BR",9
"6179570625","Morpho helenor Cramer, 1782",-0.535173,-76.43241,"Orellana",2025,"2025-11-23T11:42","EC",NA
"6195516357","Morpho helenor Cramer, 1782",8.448166,-80.036624,"Panamá Oeste",2025,"2025-11-08T12:52:35","PA",NA
"6195886090","Morpho helenor Cramer, 1782",-22.435825,-44.607567,"Rio de Janeiro",2025,"2025-11-04T08:17:16","BR",13
"6234465494","Morpho helenor Cramer, 1782",-22.310076,-42.497062,"Rio de Janeiro",2025,"2025-11-17T16:05","BR",204
"6235310416","Morpho helenor Cramer, 1782",-23.363322,-46.026336,"São Paulo",2025,"2025-11-10T11:28:27","BR",20
"6252942451","Morpho helenor Cramer, 1782",10.205367,-84.163819,"Heredia",2025,"2025-11-22T10:56:57","CR",12
"6253334137","Morpho helenor Cramer, 1782",-19.988592,-43.856266,"Minas Gerais",2025,"2025-11-07T11:21","BR",4
"5908690494","Morpho helenor Cramer, 1782",-23.9837,-46.383255,"São Paulo",2025,"2025-12-02T10:34:56","BR",6
"5908782464","Morpho helenor Cramer, 1782",20.077303,-87.60952,"Quintana Roo",2025,"2025-12-01T10:06:13","MX",4
"5920440012","Morpho helenor Cramer, 1782",20.600364,-88.264372,"Yucatán",2025,"2025-12-07T12:33","MX",3
"5932347800","Morpho helenor Cramer, 1782",17.375136,-88.604431,"Cayo",2025,"2025-12-09T12:29:23","BZ",NA
"5935309163","Morpho helenor Cramer, 1782",8.98039,-79.564707,"Panamá",2025,"2025-12-21T09:14:26","PA",44
"5935365442","Morpho helenor Cramer, 1782",-2.554761,-44.30455,"Maranhão",2025,"2025-12-16T22:16:26","BR",221
"5935591157","Morpho helenor Cramer, 1782",9.95748,-85.22995,"Puntarenas",2025,"2025-12-01T14:16:58","CR",13
"5935894710","Morpho helenor Cramer, 1782",10.715489,-61.632323,"Diego Martin",2025,"2025-12-18T20:54:31","TT",NA
"5935925554","Morpho helenor Cramer, 1782",21.345008,-87.401392,"Quintana Roo",2025,"2025-12-26T10:47","MX",31
"5935928496","Morpho helenor Cramer, 1782",8.508292,-81.08635,"Veraguas",2025,"2025-12-05T10:05:15","PA",NA
"5936038598","Morpho helenor Cramer, 1782",6.270437,-75.564858,"Antioquia",2025,"2025-12-06T15:56:24","CO",2
"5936058350","Morpho helenor Cramer, 1782",-23.455828,-46.636363,"São Paulo",2025,"2025-12-26T12:29:40","BR",NA
"5936375635","Morpho helenor Cramer, 1782",17.032308,-97.920461,"Oaxaca",2025,"2025-12-14T00:47","MX",31
"5938053308","Morpho helenor Cramer, 1782",16.477271,-88.405144,"Toledo",2025,"2025-12-10T14:42:12","BZ",4
"5938090968","Morpho helenor Cramer, 1782",16.763152,-89.11524,"Cayo",2025,"2025-12-06T12:01","BZ",31
"5938154384","Morpho helenor Cramer, 1782",8.913864,-79.529898,"Panamá",2025,"2025-12-30T11:43","PA",208
"5938198182","Morpho helenor Cramer, 1782",9.451985,-82.478951,"Bocas del Toro",2025,"2025-12-31T14:38:57","PA",686
"5938234978","Morpho helenor Cramer, 1782",15.819694,-87.375375,"Atlántida",2025,"2025-12-13T10:48","HN",4
"5938244169","Morpho helenor Cramer, 1782",9.735017,-82.827142,"Limón",2025,"2025-12-28T10:14:35","CR",NA
"5938278761","Morpho helenor Cramer, 1782",10.324735,-83.950289,"Heredia",2025,"2025-12-21T14:53","CR",212
"5938345374","Morpho helenor Cramer, 1782",10.34196,-84.798656,"Guanacaste",2025,"2025-12-19T13:03:11","CR",19
"5938389428","Morpho helenor Cramer, 1782",9.734865,-82.834671,"Limón",2025,"2025-12-28T07:52:26","CR",42
"5938403365","Morpho helenor Cramer, 1782",10.629813,-84.78692,"Alajuela",2025,"2025-12-08T18:02:10","CR",5
"5938481398","Morpho helenor Cramer, 1782",-7.602633,-35.42183,"Pernambuco",2025,"2025-12-30T07:55","BR",8
"5938589955","Morpho helenor Cramer, 1782",9.619065,-82.635893,"Limón",2025,"2025-12-26T09:21:28","CR",NA
"5938612850","Morpho helenor Cramer, 1782",9.824675,-83.536184,"Cartago",2025,"2025-12-04T10:25:57","CR",156
"5938648509","Morpho helenor Cramer, 1782",10.257293,-84.169816,"Alajuela",2025,"2025-12-02T11:53","CR",977
"5938652407","Morpho helenor Cramer, 1782",10.80043,-85.40445,"Guanacaste",2025,"2025-12-21T09:55:58","CR",56
"5938672208","Morpho helenor Cramer, 1782",8.913864,-79.529898,"Panamá",2025,"2025-12-30T11:41","PA",208
"5938683166","Morpho helenor Cramer, 1782",15.839548,-87.370978,"Atlántida",2025,"2025-12-13T09:13:52","HN",11
"6129849634","Morpho helenor Cramer, 1782",9.712118,-84.636943,"Puntarenas",2025,"2025-12-27T11:09","CR",207
"6129964737","Morpho helenor Cramer, 1782",17.004583,-89.713709,"Petén",2025,"2025-12-28T00:00","GT",694
"6130569212","Morpho helenor Cramer, 1782",8.898879,-79.582692,"Panamá Oeste",2025,"2025-12-29T20:34","PA",40
"6130749918","Morpho helenor Cramer, 1782",17.099828,-88.977042,"Cayo",2025,"2025-12-28T12:41","BZ",403
"6131344039","Morpho helenor Cramer, 1782",10.203662,-84.162033,"Heredia",2025,"2025-12-18T14:05:27","CR",4
"6131478056","Morpho helenor Cramer, 1782",10.341592,-84.799575,"Guanacaste",2025,"2025-12-31T09:04:04","CR",7
"6133152638","Morpho helenor Cramer, 1782",10.711474,-84.981199,"Alajuela",2025,"2025-12-11T15:23:22","CR",28
"6159209287","Morpho helenor Cramer, 1782",16.325772,-86.532897,"Islas de la Bahía",2025,"2025-12-25T12:18:47","HN",4
"6159235974","Morpho helenor Cramer, 1782",-19.847556,-40.061129,"Espírito Santo",2025,"2025-12-27T11:45:43","BR",NA
"6159242246","Morpho helenor Cramer, 1782",-0.053853,-78.776856,"Pichincha",2025,"2025-12-01T17:54","EC",282
"6159245584","Morpho helenor Cramer, 1782",9.098942,-75.017122,"Sucre",2025,"2025-12-29T12:20:07","CO",8
"6159297514","Morpho helenor theodorus",-12.908861,-71.378778,"Cusco",2025,"2025-12-29T11:57","PE",NA
"6159315214","Morpho helenor Cramer, 1782",-12.910393,-71.377918,"Cusco",2025,"2025-12-29T11:21","PE",588
"6159330353","Morpho helenor Cramer, 1782",8.792242,-82.439133,"Chiriquí",2025,"2025-12-31T15:17","PA",4
"6159450619","Morpho helenor Cramer, 1782",6.138646,-67.510403,"Vichada",2025,"2025-12-12","CO",200
"6159475229","Morpho helenor Cramer, 1782",11.201523,-74.100591,"Magdalena",2025,"2025-12-25T11:06:52","CO",4
"6159488496","Morpho helenor theodorus",-13.039413,-71.504707,"Cusco",2025,"2025-12-24T15:35","PE",512
"6170843764","Morpho helenor Cramer, 1782",10.203408,-84.162047,"Heredia",2025,"2025-12-27T12:28:59","CR",12
"6234681058","Morpho helenor Cramer, 1782",10.715161,-61.63217,"Diego Martin",2025,"2025-12-18T21:02","TT",5
"6273754707","Morpho helenor Cramer, 1782",-22.928842,-43.238695,"Rio de Janeiro",2025,"2025-12-05T11:30:21","BR",25
"4507980276","Morpho helenor Cramer, 1782",-23.363044,-51.177084,"Paraná",2024,"2024-01-01T11:04:18","BR",506
"4510063932","Morpho helenor Cramer, 1782",18.492575,-95.062757,"Veracruz",2024,"2024-01-03T13:57:11","MX",NA
"4510201654","Morpho helenor Cramer, 1782",10.529388,-85.750848,"Guanacaste",2024,"2024-01-05T09:20","CR",214
"4510410338","Morpho helenor Cramer, 1782",-27.753634,-55.561376,"Misiones",2024,"2024-01-02T17:44:27","AR",NA
"4512099760","Morpho helenor Cramer, 1782",10.329653,-84.828074,"Puntarenas",2024,"2024-01-09T21:01:48","CR",71
"4512325180","Morpho helenor Cramer, 1782",10.717622,-61.298256,"Tunapuna/Piarco",2024,"2024-01-01T14:55","TT",218
"4512334450","Morpho helenor Cramer, 1782",-27.385124,-55.592853,"Misiones",2024,"2024-01-11T16:54:36","AR",NA
"4512344583","Morpho helenor Cramer, 1782",15.98133,-96.525745,"Oaxaca",2024,"2024-01-07T13:38","MX",15
"4512366018","Morpho helenor Cramer, 1782",17.10835,-89.075461,"Cayo",2024,"2024-01-10T11:49:08","BZ",4
"4512376907","Morpho helenor Cramer, 1782",-26.467638,-52.566198,"Santa Catarina",2024,"2024-01-13T08:20","BR",237
"4512378283","Morpho helenor Cramer, 1782",20.487572,-86.940445,"Quintana Roo",2024,"2024-01-15T10:04:37","MX",7
"4512396938","Morpho helenor Cramer, 1782",10.203913,-84.161758,"Heredia",2024,"2024-01-14T11:06","CR",31
"4512402793","Morpho helenor Cramer, 1782",-25.857408,-53.975678,"Misiones",2024,"2024-01-15T14:12:10","AR",NA
"4516265396","Morpho helenor Cramer, 1782",-22.44497,-44.60075,"Rio de Janeiro",2024,"2024-01-06T21:48:45","BR",8
"4516333465","Morpho helenor Cramer, 1782",10.281172,-84.790914,"Puntarenas",2024,"2024-01-07T15:13","CR",205
"4516337512","Morpho helenor Cramer, 1782",10.305928,-84.814544,"Puntarenas",2024,"2024-01-06T11:09","CR",30
"4516367104","Morpho helenor Cramer, 1782",16.47744,-88.40519,"Toledo",2024,"2024-01-18T12:27:04","BZ",148
"4516428914","Morpho helenor Cramer, 1782",-23.533618,-46.358307,"São Paulo",2024,"2024-01-18T16:13:09","BR",203
"4516448997","Morpho helenor Cramer, 1782",-27.022065,-49.514729,"Santa Catarina",2024,"2024-01-28T09:10","BR",8
"4516491431","Morpho helenor Cramer, 1782",9.940146,-84.072552,"San José",2024,"2024-01-17T11:35:12","CR",NA
"4516569047","Morpho helenor Cramer, 1782",10.4356,-83.784831,"Limón",2024,"2024-01-11T07:49","CR",460
"4516631909","Morpho helenor Cramer, 1782",9.178826,-83.729578,"Puntarenas",2024,"2024-01-12T14:14:42","CR",74
"4516662606","Morpho helenor Cramer, 1782",10.529128,-85.747353,"Guanacaste",2024,"2024-01-23T09:44:33","CR",59
"4516701582","Morpho helenor Cramer, 1782",-27.370849,-55.651199,"Misiones",2024,"2024-01-21T11:07","AR",8
"4516757923","Morpho helenor Cramer, 1782",-25.857408,-53.975678,"Misiones",2024,"2024-01-15T14:12:10","AR",NA
"4516774368","Morpho helenor Cramer, 1782",9.534248,-84.082135,"Puntarenas",2024,"2024-01-15T17:53","CR",100
"4516810730","Morpho helenor Cramer, 1782",9.179053,-83.729533,"Puntarenas",2024,"2024-01-12T14:15:10","CR",100
"4516811492","Morpho helenor Cramer, 1782",18.492292,-95.062796,"Veracruz",2024,"2024-01-03T13:59","MX",4
"4516901196","Morpho helenor Cramer, 1782",-22.95588,-43.280146,"Rio de Janeiro",2024,"2024-01-21T12:11","BR",NA
"4519032145","Morpho helenor Cramer, 1782",-23.249444,-46.909444,"São Paulo",2024,"2024-01-29T09:40","BR",500
"4519135736","Morpho helenor Cramer, 1782",8.784118,-82.95988,"Puntarenas",2024,"2024-01-19T15:48","CR",193
"4519244735","Morpho helenor Cramer, 1782",12.27415,-85.061403,"Chontales",2024,"2024-01-25","NI",95
"4519252038","Morpho helenor Cramer, 1782",-20.100063,-43.658343,"Minas Gerais",2024,"2024-01-31T09:57","BR",61
"4522632572","Morpho helenor Cramer, 1782",8.673464,-79.923688,"Panamá Oeste",2024,"2024-01-07T10:37","PA",8
"4522639931","Morpho helenor Cramer, 1782",10.299555,-84.782525,"Alajuela",2024,"2024-01-02T11:49:14","CR",5
"4522641507","Morpho helenor Cramer, 1782",14.925224,-88.049535,"Cortés",2024,"2024-01-12T14:15","HN",208
"4525288846","Morpho helenor Cramer, 1782",14.925224,-88.049535,"Cortés",2024,"2024-01-13T13:48","HN",208
"4528037602","Morpho helenor Cramer, 1782",-23.55,-45.066667,"São Paulo",2024,"2024-01-10T18:05","BR",203
"4528088211","Morpho helenor Cramer, 1782",-22.44831,-44.606658,"Rio de Janeiro",2024,"2024-01-16T12:25","BR",NA
"4597256776","Morpho helenor Cramer, 1782",-27.283524,-55.588065,"Misiones",2024,"2024-01-23T08:57","AR",61
"4600003267","Morpho helenor Cramer, 1782",10.1719,-84.557663,"Alajuela",2024,"2024-01-13T14:43","CR",242
"4846730675","Morpho helenor Cramer, 1782",15.369367,-90.329531,"Alta Verapaz",2024,"2024-01-27T13:36","GT",NA
"4846749771","Morpho helenor Cramer, 1782",9.560707,-79.666824,"Colón",2024,"2024-01-08T21:05","PA",234
"4846759784","Morpho helenor Cramer, 1782",10.203853,-84.161947,"Heredia",2024,"2024-01-05T11:50","CR",NA
"4846799319","Morpho helenor Cramer, 1782",10.536112,-83.74473,"Limón",2024,"2024-01-07T14:20","CR",164
"4847178326","Morpho helenor Cramer, 1782",10.173701,-83.91409,"Limón",2024,"2024-01-21T07:12","CR",8
"4852434428","Morpho helenor Cramer, 1782",10.314418,-84.282039,"Alajuela",2024,"2024-01-12T19:52","CR",187
"4852790614","Morpho helenor Cramer, 1782",10.281835,-84.790774,"Puntarenas",2024,"2024-01-27T16:23:26","CR",183
"4855165402","Morpho helenor Cramer, 1782",8.600378,-80.175923,"Coclé",2024,"2024-01-23T09:34:42","PA",43
"4855287998","Morpho helenor Cramer, 1782",14.9254,-88.049481,"Cortés",2024,"2024-01-14T10:16:17","HN",NA
"4875013518","Morpho helenor Cramer, 1782",8.538499,-77.882048,"Darién",2024,"2024-01-09T08:11","PA",892
"4875160507","Morpho helenor Cramer, 1782",-25.513972,-54.632118,"Alto Paraná",2024,"2024-01-12T15:03","PY",234
"4908202603","Morpho helenor Cramer, 1782",9.92531,-84.126071,"San José",2024,"2024-01-31T12:03","CR",209
"4921966394","Morpho helenor Cramer, 1782",10.716482,-61.298244,"Tunapuna/Piarco",2024,"2024-01-01T15:34","TT",129
"4923815096","Morpho helenor Cramer, 1782",15.97741,-96.530233,"Oaxaca",2024,"2024-01-04T11:05","MX",244
"5062679451","Morpho helenor Cramer, 1782",11.289469,-73.913406,"Magdalena",2024,"2024-01-27T09:37:01","CO",NA
"5062680513","Morpho helenor Cramer, 1782",11.289469,-73.913406,"Magdalena",2024,"2024-01-27T09:37:06","CO",NA
"5062684935","Morpho helenor Cramer, 1782",11.291502,-73.91286,"Magdalena",2024,"2024-01-22T16:03","CO",NA
"5062687471","Morpho helenor Cramer, 1782",11.339412,-74.032103,"Magdalena",2024,"2024-01-26T17:22:02","CO",850
"5062726501","Morpho helenor Cramer, 1782",5.06647,-75.478241,"Caldas",2024,"2024-01-10T21:17","CO",2
"5062971530","Morpho helenor Cramer, 1782",17.841564,-89.021072,"Orange Walk",2024,"2024-01-19T13:12","BZ",571
"6133274819","Morpho helenor Cramer, 1782",10.494372,-84.752787,"Alajuela",2024,"2024-01-02T15:55:27","CR",4
"6163139459","Morpho helenor Cramer, 1782",10.534996,-83.504769,"Limón",2024,"2024-01-24T15:00","CR",122
"6178750378","Morpho helenor Cramer, 1782",10.313104,-84.282479,"Alajuela",2024,"2024-01-12T18:52:20","CR",376
"6234844978","Morpho helenor Cramer, 1782",10.309688,-84.819011,"Puntarenas",2024,"2024-01-04T15:21:08","CR",372
"4519161951","Morpho helenor Cramer, 1782",-20.753211,-42.870728,"Minas Gerais",2024,"2024-02-02T16:16","BR",NA
"4519221816","Morpho helenor Cramer, 1782",9.126208,-79.69455,"Colón",2024,"2024-02-03T14:02:36","PA",4
"4519238173","Morpho helenor Cramer, 1782",10.720131,-61.630562,"Diego Martin",2024,"2024-02-04T13:56","TT",15
"4519240544","Morpho helenor Cramer, 1782",12.040364,-86.192855,"Masaya",2024,"2024-02-04T17:00:01","NI",4
"4519271535","Morpho helenor Cramer, 1782",-23.456783,-46.529553,"São Paulo",2024,"2024-02-05T11:54:44","BR",4
"4522630895","Morpho helenor Cramer, 1782",-29.409311,-54.831646,"Rio Grande do Sul",2024,"2024-02-07T09:36:52","BR",58
"4522672052","Morpho helenor Cramer, 1782",-30.06664,-51.127234,"Rio Grande do Sul",2024,"2024-02-09T11:51:25","BR",105
"4522713602","Morpho helenor Cramer, 1782",-23.240432,-46.93494,"São Paulo",2024,"2024-02-07T11:58:08","BR",9
"4522798000","Morpho helenor Cramer, 1782",-29.335879,-50.966753,"Rio Grande do Sul",2024,"2024-02-11T14:07:05","BR",129
"4524969897","Morpho helenor Cramer, 1782",-29.337036,-50.964934,"Rio Grande do Sul",2024,"2024-02-11T14:01:36","BR",129
"4525055017","Morpho helenor Cramer, 1782",-23.233017,-46.964609,"São Paulo",2024,"2024-02-09T15:06:49","BR",17
"4525066781","Morpho helenor Cramer, 1782",-27.58988,-51.60849,"Rio Grande do Sul",2024,"2024-02-10T16:50","BR",151
"4525111522","Morpho helenor Cramer, 1782",-22.261936,-43.011918,"Rio de Janeiro",2024,"2024-02-13T16:16","BR",4
"4525190817","Morpho helenor Cramer, 1782",17.091708,-88.93833,"Cayo",2024,"2024-02-17T11:32:38","BZ",4
"4525193687","Morpho helenor Cramer, 1782",9.405131,-84.15487,"Puntarenas",2024,"2024-02-15T14:43:53","CR",263
"4525195290","Morpho helenor Cramer, 1782",10.893607,-84.787329,"Alajuela",2024,"2024-02-04T15:37","CR",229
"4525254576","Morpho helenor Cramer, 1782",10.289233,-61.001961,"Mayaro/Rio Claro",2024,"2024-02-13T14:35","TT",150
"4525294585","Morpho helenor Cramer, 1782",-29.643779,-53.286442,"Rio Grande do Sul",2024,"2024-02-18T09:17","BR",31
"4527978352","Morpho helenor Cramer, 1782",10.299597,-61.087776,"Mayaro/Rio Claro",2024,"2024-02-07T18:51","TT",225
"4528030965","Morpho helenor Cramer, 1782",-23.583774,-46.478236,"São Paulo",2024,"2024-02-11T08:39","BR",203
"4528040607","Morpho helenor Cramer, 1782",14.751194,-91.166512,"Sololá",2024,"2024-02-20T10:44:17","GT",44
"4528287603","Morpho helenor Cramer, 1782",10.203636,-84.16201,"Heredia",2024,"2024-02-21T10:38:04","CR",4
"4535807193","Morpho helenor Cramer, 1782",10.467,-61.122,"Sangre Grande",2024,"2024-02-15T19:48","TT",200
"4535846169","Morpho helenor Cramer, 1782",10.502,-61.122,"Sangre Grande",2024,"2024-02-05T17:30","TT",200
"4535943575","Morpho helenor Cramer, 1782",17.764207,-88.652233,"Orange Walk",2024,"2024-02-19T09:34","BZ",181
"4536066406","Morpho helenor Cramer, 1782",9.732213,-82.816217,"Limón",2024,"2024-02-17T14:33:21","CR",14
"4597018391","Morpho helenor Cramer, 1782",20.358239,-86.969572,"Quintana Roo",2024,"2024-02-11T09:35","MX",1
"4599748364","Morpho helenor Cramer, 1782",10.303802,-84.803146,"Puntarenas",2024,"2024-02-25T09:41:14","CR",4
"4599750401","Morpho helenor Cramer, 1782",10.174253,-83.914029,"Limón",2024,"2024-02-22T20:55:57","CR",NA
"4599822323","Morpho helenor Cramer, 1782",17.097356,-88.974403,"Cayo",2024,"2024-02-06T10:38:15","BZ",4
"4599833370","Morpho helenor Cramer, 1782",9.135383,-83.720597,"Puntarenas",2024,"2024-02-05T12:35:19","CR",4
"4599846381","Morpho helenor Cramer, 1782",9.433061,-83.61556,"San José",2024,"2024-02-13T10:39","CR",287
"4600015385","Morpho helenor Cramer, 1782",8.787098,-82.961943,"Puntarenas",2024,"2024-02-16T16:59","CR",72
"4600022339","Morpho helenor Cramer, 1782",17.097406,-88.97428,"Cayo",2024,"2024-02-10T16:42:39","BZ",4
"4600093343","Morpho helenor Cramer, 1782",9.73179,-82.840609,"Limón",2024,"2024-02-07T08:39:01","CR",10
"4600100430","Morpho helenor Cramer, 1782",8.99347,-79.546723,"Panamá",2024,"2024-02-05T07:47","PA",31
"4600106386","Morpho helenor Cramer, 1782",10.726964,-85.046941,"Alajuela",2024,"2024-02-14T12:49","CR",197
"4606708740","Morpho helenor Cramer, 1782",-26.522096,-53.983594,"Misiones",2024,"2024-02-13T12:10","AR",61
"4606891693","Morpho helenor Cramer, 1782",-26.871494,-54.225935,"Misiones",2024,"2024-02-15T13:27","AR",4
"4855488688","Morpho helenor Cramer, 1782",9.97702,-84.836125,"Puntarenas",2024,"2024-02-24T14:07:53","CR",1
"4891694256","Morpho helenor Cramer, 1782",-27.166653,-53.404005,"Rio Grande do Sul",2024,"2024-02-13T08:38","BR",200
"4904353339","Morpho helenor Cramer, 1782",9.735384,-82.837096,"Limón",2024,"2024-02-12T11:31","CR",15
"4919674726","Morpho helenor Cramer, 1782",-20.370697,-43.46498,"Minas Gerais",2024,"2024-02-24T13:42:45","BR",3
"4936411336","Morpho helenor Cramer, 1782",10.690641,-61.747431,"Diego Martin",2024,"2024-02-10T11:50","TT",74
"5087343206","Morpho helenor Cramer, 1782",-28.960209,-51.525354,"Rio Grande do Sul",2024,"2024-02-24T11:14:50","BR",NA
"5166764524","Morpho helenor Cramer, 1782",10.307347,-84.802954,"Puntarenas",2024,"2024-02-03T15:32","CR",780
"5167564591","Morpho helenor Cramer, 1782",9.786811,-84.929457,"Puntarenas",2024,"2024-02-02T17:16","CR",695
"5167924631","Morpho helenor Cramer, 1782",8.642489,-83.725525,"Puntarenas",2024,"2024-02-25T11:53","CR",38
"5909074014","Morpho helenor Cramer, 1782",10.203675,-84.161942,"Heredia",2024,"2024-02-21T10:59:51","CR",NA
"6133340378","Morpho helenor theodorus",-0.5245,-76.3938,"Orellana",2024,"2024-02-27T11:18","EC",50
"6273600944","Morpho helenor Cramer, 1782",-25.680608,-54.440883,"Paraná",2024,"2024-02-17T10:51","BR",NA
"6320075314","Morpho helenor Cramer, 1782",-23.524717,-47.078493,"São Paulo",2024,"2024-02-12T10:33:15","BR",NA
"4596818848","Morpho helenor Cramer, 1782",10.530003,-85.746967,"Guanacaste",2024,"2024-03-03T11:12:37","CR",9
"4596854996","Morpho helenor Cramer, 1782",-24.596843,-48.614011,"São Paulo",2024,"2024-03-05T19:50:06","BR",903
"4596882777","Morpho helenor Cramer, 1782",-20.055629,-43.948876,"Minas Gerais",2024,"2024-03-04T15:35:56","BR",110
"4597378659","Morpho helenor Cramer, 1782",-23.217604,-47.287562,"São Paulo",2024,"2024-03-07T16:48","BR",204
"4599766751","Morpho helenor Cramer, 1782",-26.415125,-54.65121,"Misiones",2024,"2024-03-20T11:48","AR",NA
"4600055800","Morpho helenor Cramer, 1782",20.489503,-86.831925,"Quintana Roo",2024,"2024-03-22T19:50:43","MX",4
"4600071698","Morpho helenor Cramer, 1782",-21.730189,-43.370745,"Minas Gerais",2024,"2024-03-22T10:00","BR",2
"4600179817","Morpho helenor Cramer, 1782",-27.379235,-55.643608,"Misiones",2024,"2024-03-23T11:46:33","AR",NA
"4600197545","Morpho helenor Cramer, 1782",-27.235976,-51.991808,"Santa Catarina",2024,"2024-03-15T16:04","BR",31
"4606675307","Morpho helenor Cramer, 1782",-27.09978,-48.893377,"Santa Catarina",2024,"2024-03-02T17:05","BR",227
"4606824303","Morpho helenor Cramer, 1782",-24.346551,-47.004118,"São Paulo",2024,"2024-03-30T18:29","BR",74
"4606984459","Morpho helenor Cramer, 1782",4.501485,-52.048143,"Cayenne",2024,"2024-03-02T19:58","GF",500
"4607074438","Morpho helenor Cramer, 1782",-26.428004,-53.841442,"Misiones",2024,"2024-03-29T17:03","AR",203
"4607213101","Morpho helenor Cramer, 1782",20.384667,-86.87574,"Quintana Roo",2024,"2024-03-17T08:50:28","MX",33
"4607258024","Morpho helenor Cramer, 1782",15.765999,-87.456559,"Atlántida",2024,"2024-03-25T14:02","HN",15
"4607361174","Morpho helenor Cramer, 1782",-27.126572,-53.949754,"Misiones",2024,"2024-03-31T08:29","AR",868
"4607363570","Morpho helenor Cramer, 1782",10.173741,-83.914336,"Limón",2024,"2024-03-24T02:48","CR",4
"4846897061","Morpho helenor Cramer, 1782",-22.310076,-42.497062,"Rio de Janeiro",2024,"2024-03-06T11:06","BR",204
"4851735952","Morpho helenor Cramer, 1782",10.726763,-85.056144,"Alajuela",2024,"2024-03-27T14:44","CR",4
"4851793122","Morpho helenor Cramer, 1782",9.638844,-82.712194,"Limón",2024,"2024-03-14T16:11:03","CR",NA
"4851889512","Morpho helenor Cramer, 1782",17.106408,-89.072015,"Cayo",2024,"2024-03-17T09:09","BZ",61
"4852122706","Morpho helenor Cramer, 1782",9.780334,-84.604554,"Puntarenas",2024,"2024-03-04T10:15","CR",NA
"4852507810","Morpho helenor Cramer, 1782",-26.688384,-54.265243,"Misiones",2024,"2024-03-25T17:29","AR",15
"4852564101","Morpho helenor Cramer, 1782",10.205055,-84.1624,"Heredia",2024,"2024-03-10T11:18:34","CR",4
"4852654064","Morpho helenor Cramer, 1782",17.106437,-89.07193,"Cayo",2024,"2024-03-22T10:21","BZ",61
"4852747382","Morpho helenor Cramer, 1782",10.276597,-84.788981,"Puntarenas",2024,"2024-03-15T12:44","CR",5
"4852815857","Morpho helenor Cramer, 1782",10.281201,-84.791105,"Puntarenas",2024,"2024-03-23T07:18","CR",209
"4852834177","Morpho helenor Cramer, 1782",9.404543,-84.155447,"Puntarenas",2024,"2024-03-14T18:06","CR",41
"4852834186","Morpho helenor Cramer, 1782",17.049367,-88.56733,"Cayo",2024,"2024-03-16T16:11:27","BZ",9
"4854978090","Morpho helenor Cramer, 1782",10.492429,-84.753211,"Alajuela",2024,"2024-03-23T09:48","CR",246
"4855011927","Morpho helenor Cramer, 1782",10.493622,-84.75247,"Alajuela",2024,"2024-03-23T09:48","CR",219
"4855069397","Morpho helenor Cramer, 1782",-25.683017,-54.438142,"Paraná",2024,"2024-03-31T14:35:25","BR",4
"4855070594","Morpho helenor Cramer, 1782",8.554808,-77.850411,"Emberá",2024,"2024-03-11T08:50","PA",122
"4855290587","Morpho helenor Cramer, 1782",8.55841,-77.861166,"Emberá",2024,"2024-03-11T09:17","PA",122
"4855368935","Morpho helenor Cramer, 1782",8.554051,-77.86113,"Emberá",2024,"2024-03-11T11:27","PA",122
"4855432703","Morpho helenor Cramer, 1782",8.563101,-77.843373,"Emberá",2024,"2024-03-11T10:58","PA",244
"4863496516","Morpho helenor Cramer, 1782",-24.031068,-46.544257,"São Paulo",2024,"2024-03-12T10:27:46","BR",202
"4867931421","Morpho helenor Cramer, 1782",18.924924,-97.020933,"Veracruz",2024,"2024-03-31T11:55","MX",31
"4875049448","Morpho helenor Cramer, 1782",5.230389,-76.082806,"Risaralda",2024,"2024-03-31T11:55","CO",211
"4875431936","Morpho helenor Cramer, 1782",10.492374,-84.753003,"Alajuela",2024,"2024-03-20T11:11","CR",NA
"4875545993","Morpho helenor Cramer, 1782",-24.130293,-55.52291,"Canindeyú",2024,"2024-03-01T21:50","PY",NA
"4903926109","Morpho helenor Cramer, 1782",9.924818,-83.191205,"Limón",2024,"2024-03-27T15:15","CR",210
"4904075978","Morpho helenor Cramer, 1782",20.446384,-97.376554,"Veracruz",2024,"2024-03-31T15:10:49","MX",NA
"4973929795","Morpho helenor Cramer, 1782",-21.775808,-43.371006,"Minas Gerais",2024,"2024-03-25T11:18:42","BR",18
"4974017512","Morpho helenor Cramer, 1782",9.386643,-83.722744,"San José",2024,"2024-03-08T14:00","CR",225
"4974170371","Morpho helenor Cramer, 1782",-27.371719,-55.648281,"Misiones",2024,"2024-03-23T10:52:07","AR",NA
"5007789946","Morpho helenor Cramer, 1782",-15.865439,-47.827429,"Distrito Federal",2024,"2024-03-22T15:12","BR",12
"5827613284","Morpho helenor Cramer, 1782",10.331991,-84.82248,"Puntarenas",2024,"2024-03-12T15:39","CR",218
"6188038833","Morpho helenor Cramer, 1782",10.303072,-84.787442,"Alajuela",2024,"2024-03-04T12:26:07","CR",1
"6235096770","Morpho helenor Cramer, 1782",-25.860398,-53.98233,"Misiones",2024,"2024-03-23T16:20","AR",175
"4606927097","Morpho helenor Cramer, 1782",21.283869,-99.031808,"Hidalgo",2024,"2024-04-04T16:21","MX",NA
"4607079250","Morpho helenor Cramer, 1782",-27.385114,-55.593006,"Misiones",2024,"2024-04-05T16:10:58","AR",NA
"4607130211","Morpho helenor Cramer, 1782",-27.385143,-55.592959,"Misiones",2024,"2024-04-02T12:43:16","AR",10
"4607416839","Morpho helenor Cramer, 1782",-26.382937,-54.601792,"Misiones",2024,"2024-04-02T16:47","AR",NA
"4607426606","Morpho helenor Cramer, 1782",10.325054,-84.806795,"Guanacaste",2024,"2024-04-01T20:40:53","CR",648
"4607487984","Morpho helenor Cramer, 1782",-26.382999,-54.601684,"Misiones",2024,"2024-04-02T16:46","AR",NA
"4607665605","Morpho helenor Cramer, 1782",10.717446,-61.298299,"Tunapuna/Piarco",2024,"2024-04-08T09:19:11","TT",52
"4846804961","Morpho helenor Cramer, 1782",-23.448442,-46.887878,"São Paulo",2024,"2024-04-15T13:06:05","BR",5
"4846891254","Morpho helenor Cramer, 1782",-20.754287,-42.872303,"Minas Gerais",2024,"2024-04-13T16:08:43","BR",5
"4846974221","Morpho helenor Cramer, 1782",-22.399408,-47.511296,"São Paulo",2024,"2024-04-14T11:17:22","BR",NA
"4851739965","Morpho helenor Cramer, 1782",-25.077987,-54.715055,"Alto Paraná",2024,"2024-04-04T07:56:15","PY",186
"4852129963","Morpho helenor Cramer, 1782",-23.455437,-46.530067,"São Paulo",2024,"2024-04-21T13:27:03","BR",4
"4852356366","Morpho helenor Cramer, 1782",10.308142,-84.807111,"Puntarenas",2024,"2024-04-14T11:03:47","CR",NA
"4852537762","Morpho helenor Cramer, 1782",4.847343,-52.351972,"Cayenne",2024,"2024-04-26T14:20","GF",15
"4852538391","Morpho helenor Cramer, 1782",-25.608687,-54.552353,"Misiones",2024,"2024-04-28T16:07:53","AR",13
"4852588070","Morpho helenor Cramer, 1782",-23.394489,-46.588814,"São Paulo",2024,"2024-04-28T13:38","BR",488
"4852687266","Morpho helenor Cramer, 1782",10.343186,-84.827166,"Guanacaste",2024,"2024-04-03T15:41","CR",15
"4852777266","Morpho helenor Cramer, 1782",-27.385032,-55.59291,"Misiones",2024,"2024-04-16T15:18:34","AR",NA
"4852782488","Morpho helenor Cramer, 1782",-27.38439,-55.592919,"Misiones",2024,"2024-04-17T14:48","AR",63
"4852849057","Morpho helenor Cramer, 1782",-21.965086,-47.869019,"São Paulo",2024,"2024-04-21T10:32:36","BR",162
"4852951515","Morpho helenor Cramer, 1782",20.453599,-86.988659,"Quintana Roo",2024,"2024-04-21T12:14","MX",727
"4853059220","Morpho helenor Cramer, 1782",21.002666,-87.682822,"Yucatán",2024,"2024-04-26T15:20","MX",270
"4853135004","Morpho helenor Cramer, 1782",4.846403,-52.349413,"Cayenne",2024,"2024-04-27T14:12:04","GF",42
"4853160355","Morpho helenor Cramer, 1782",-23.389159,-46.586068,"São Paulo",2024,"2024-04-28T12:20","BR",488
"4854812088","Morpho helenor Cramer, 1782",8.601033,-80.129333,"Coclé",2024,"2024-04-25T13:17:17","PA",3
"4854836650","Morpho helenor Cramer, 1782",9.43672,-82.499679,"Bocas del Toro",2024,"2024-04-07T14:51:30","PA",NA
"4854837680","Morpho helenor Cramer, 1782",10.060473,-84.498602,"Alajuela",2024,"2024-04-13T14:00","CR",58
"4854886798","Morpho helenor Cramer, 1782",15.497274,-88.32218,"Santa Bárbara",2024,"2024-04-04T22:23","HN",8
"4855070604","Morpho helenor Cramer, 1782",10.30815,-84.806931,"Puntarenas",2024,"2024-04-07T14:49:51","CR",NA
"4855072040","Morpho helenor Cramer, 1782",10.731421,-85.056968,"Alajuela",2024,"2024-04-03T12:57:45","CR",528
"4855137727","Morpho helenor Cramer, 1782",10.430883,-84.008174,"Heredia",2024,"2024-04-12T10:36","CR",8
"4855139321","Morpho helenor Cramer, 1782",21.001135,-87.682077,"Yucatán",2024,"2024-04-28T11:11","MX",23
"4855236426","Morpho helenor Cramer, 1782",10.341322,-84.799195,"Guanacaste",2024,"2024-04-12T10:36:40","CR",4
"4855242281","Morpho helenor Cramer, 1782",10.302592,-84.79483,"Puntarenas",2024,"2024-04-30T18:50:51","CR",18
"4855259963","Morpho helenor Cramer, 1782",10.306295,-84.816482,"Puntarenas",2024,"2024-04-12T19:08:27","CR",NA
"4855288579","Morpho helenor Cramer, 1782",9.803995,-83.586212,"Cartago",2024,"2024-04-20T15:35:36","CR",4
"4855319050","Morpho helenor Cramer, 1782",10.302575,-84.794822,"Puntarenas",2024,"2024-04-30T18:49:34","CR",4
"4855329144","Morpho helenor Cramer, 1782",-15.864954,-47.827594,"Distrito Federal",2024,"2024-04-10T16:15:37","BR",8
"4855351214","Morpho helenor Cramer, 1782",8.625058,-80.138786,"Coclé",2024,"2024-04-13T12:57:34","PA",7
"4855418158","Morpho helenor Cramer, 1782",10.182347,-83.920655,"Limón",2024,"2024-04-05T10:52:34","CR",5
"4855534375","Morpho helenor Cramer, 1782",-27.385146,-55.592612,"Misiones",2024,"2024-04-30T14:50:30","AR",10
"4855537232","Morpho helenor Cramer, 1782",-15.873559,-47.830779,"Distrito Federal",2024,"2024-04-10T16:24:33","BR",10
"4855565256","Morpho helenor Cramer, 1782",-15.873194,-47.830783,"Distrito Federal",2024,"2024-04-10T16:28:47","BR",10
"4863518138","Morpho helenor Cramer, 1782",-24.029935,-47.451597,"São Paulo",2024,"2024-04-28T14:55","BR",10
"4863845582","Morpho helenor Cramer, 1782",16.483245,-97.933709,"Oaxaca",2024,"2024-04-21T14:57:32","MX",143
"4868041022","Morpho helenor Cramer, 1782",-23.751567,-64.849441,"Jujuy",2024,"2024-04-23T16:35","AR",NA
"4868041023","Morpho helenor Cramer, 1782",-23.751557,-64.849417,"Jujuy",2024,"2024-04-23T16:36","AR",NA
"4872288413","Morpho helenor Cramer, 1782",-7.800434,-35.09097,"Pernambuco",2024,"2024-04-24T06:04","BR",31
"4875280812","Morpho helenor Cramer, 1782",10.586226,-83.525776,"Limón",2024,"2024-04-28T12:59","CR",NA
"4875323088","Morpho helenor Cramer, 1782",14.939158,-88.02208,"Cortés",2024,"2024-04-04T21:28","HN",245
"4875458095","Morpho helenor Cramer, 1782",20.457156,-87.395416,"Quintana Roo",2024,"2024-04-17T16:37","MX",153
"4919211379","Morpho helenor Cramer, 1782",-15.864775,-47.827665,"Distrito Federal",2024,"2024-04-10T16:07:55","BR",9
"4950171038","Morpho helenor Cramer, 1782",10.316341,-84.812414,"Puntarenas",2024,"2024-04-17T14:27","CR",31
"4976417044","Morpho helenor Cramer, 1782",-23.654497,-47.526897,"São Paulo",2024,"2024-04-05T13:30:50","BR",4
"4978600140","Morpho helenor Cramer, 1782",10.316203,-84.815175,"Puntarenas",2024,"2024-04-26T20:56","CR",2
"5007056337","Morpho helenor Cramer, 1782",-15.873431,-47.830795,"Distrito Federal",2024,"2024-04-19T16:39:56","BR",9
"5007160801","Morpho helenor Cramer, 1782",10.464462,-84.055695,"Heredia",2024,"2024-04-27T20:27:17","CR",NA
"5007797502","Morpho helenor Cramer, 1782",-15.873483,-47.830821,"Distrito Federal",2024,"2024-04-18T15:22:17","BR",9
"5104270199","Morpho helenor Cramer, 1782",-22.557439,-43.049802,"Rio de Janeiro",2024,"2024-04-06T14:32","BR",1
"5166805693","Morpho helenor Cramer, 1782",10.302592,-84.794892,"Puntarenas",2024,"2024-04-30T18:50","CR",50
"5167271599","Morpho helenor Cramer, 1782",10.302528,-84.795436,"Puntarenas",2024,"2024-04-30T18:49","CR",NA
"5167650521","Morpho helenor Cramer, 1782",10.585913,-83.525703,"Limón",2024,"2024-04-28T11:59","CR",NA
"5167703665","Morpho helenor Cramer, 1782",10.302544,-84.794772,"Puntarenas",2024,"2024-04-30T18:47","CR",50
"5889395247","Morpho helenor Cramer, 1782",10.377337,-84.897475,"Guanacaste",2024,"2024-04-24T10:49:13","CR",4
"6130955392","Morpho helenor Cramer, 1782",10.311647,-84.816833,"Puntarenas",2024,"2024-04-14T06:07","CR",5
"6320815002","Morpho helenor Cramer, 1782",-25.647854,-54.457543,"Paraná",2024,"2024-04-04T15:16","BR",61
"4854902790","Morpho helenor Cramer, 1782",-23.276296,-46.516669,"São Paulo",2024,"2024-05-01T13:10:01","BR",21
"4855115179","Morpho helenor Cramer, 1782",-27.385157,-55.592648,"Misiones",2024,"2024-05-05T11:47:34","AR",11
"4855500842","Morpho helenor Cramer, 1782",10.346153,-84.794939,"Guanacaste",2024,"2024-05-01T10:08","CR",31
"4855508409","Morpho helenor Cramer, 1782",-25.613923,-54.482566,"Paraná",2024,"2024-05-04T16:46","BR",209
"4863380508","Morpho helenor Cramer, 1782",10.493644,-66.838799,"Miranda",2024,"2024-05-04T13:51:30","VE",NA
"4863589026","Morpho helenor Cramer, 1782",-27.41535,-55.612439,"Misiones",2024,"2024-05-11T16:23","AR",197
"4863708325","Morpho helenor Cramer, 1782",-23.403409,-46.587001,"São Paulo",2024,"2024-05-02T10:49","BR",NA
"4867652692","Morpho helenor Cramer, 1782",14.901248,-85.87284,"Olancho",2024,"2024-05-12T09:37","HN",2
"4867790170","Morpho helenor Cramer, 1782",10.683116,-61.196345,"Sangre Grande",2024,"2024-05-21T08:59","TT",244
"4867795550","Morpho helenor Cramer, 1782",16.105577,-91.672731,"Chiapas",2024,"2024-05-14T17:48","MX",520
"4872438422","Morpho helenor Cramer, 1782",19.015924,-97.054851,"Veracruz",2024,"2024-05-24T21:11","MX",15
"4872633024","Morpho helenor Cramer, 1782",22.97695,-99.143352,"Tamaulipas",2024,"2024-05-18T10:21:41","MX",NA
"4875012370","Morpho helenor Cramer, 1782",10.306376,-84.804066,"Puntarenas",2024,"2024-05-20T14:16:47","CR",NA
"4875044085","Morpho helenor Cramer, 1782",8.621397,-80.139555,"Coclé",2024,"2024-05-29T17:09:11","PA",NA
"4875059788","Morpho helenor Cramer, 1782",14.910127,-85.881325,"Olancho",2024,"2024-05-12T08:02","HN",31
"4875082881","Morpho helenor Cramer, 1782",-27.283404,-55.574014,"Misiones",2024,"2024-05-29T15:34:43","AR",181
"4875101152","Morpho helenor Cramer, 1782",8.647206,-80.0652,"Panamá Oeste",2024,"2024-05-01T14:59:01","PA",9
"4875154755","Morpho helenor Cramer, 1782",9.390248,-82.564409,"Bocas del Toro",2024,"2024-05-25T13:55:35","PA",81
"4875158220","Morpho helenor Cramer, 1782",-21.732871,-43.370346,"Minas Gerais",2024,"2024-05-29T10:30","BR",2
"4875175572","Morpho helenor Cramer, 1782",8.762709,-82.395304,"Chiriquí",2024,"2024-05-18T17:16","PA",4
"4875209076","Morpho helenor Cramer, 1782",13.956829,-87.05134,"Francisco Morazán",2024,"2024-05-01T09:43","HN",49
"4875388882","Morpho helenor Cramer, 1782",20.754224,-87.698162,"Yucatán",2024,"2024-05-09T09:27:57","MX",9
"4875406476","Morpho helenor Cramer, 1782",14.909976,-85.881113,"Olancho",2024,"2024-05-12T07:42","HN",31
"4875419590","Morpho helenor Cramer, 1782",10.204093,-84.16198,"Heredia",2024,"2024-05-11T11:37:32","CR",131
"4875422842","Morpho helenor Cramer, 1782",14.90242,-85.872966,"Olancho",2024,"2024-05-12T07:05","HN",15
"4875422855","Morpho helenor Cramer, 1782",7.726687,-80.80928,"Herrera",2024,"2024-05-16T09:43:34","PA",5
"4875466715","Morpho helenor Cramer, 1782",10.305955,-84.809037,"Puntarenas",2024,"2024-05-08T13:49:12","CR",7
"4875469732","Morpho helenor Cramer, 1782",10.029092,-83.35122,"Limón",2024,"2024-05-22T13:34","CR",8
"4875531807","Morpho helenor Cramer, 1782",7.7538,-80.767687,"Herrera",2024,"2024-05-16T10:59:20","PA",5
"4875547554","Morpho helenor Cramer, 1782",10.203582,-84.162051,"Heredia",2024,"2024-05-11T11:35:41","CR",2
"4892184025","Morpho helenor Cramer, 1782",23.081698,-99.161524,"Tamaulipas",2024,"2024-05-08T17:55","MX",NA
"4903994625","Morpho helenor Cramer, 1782",-25.715501,-54.436943,"Misiones",2024,"2024-05-30T14:55","AR",870
"4904140949","Morpho helenor Cramer, 1782",15.369397,-90.350461,"Alta Verapaz",2024,"2024-05-13T23:34","GT",1
"4904272797","Morpho helenor Cramer, 1782",10.053872,-84.758709,"Puntarenas",2024,"2024-05-02T16:17","CR",209
"4908131863","Morpho helenor Cramer, 1782",-3.842623,-80.218128,"Tumbes",2024,"2024-05-26T10:14:19","PE",162
"4908417663","Morpho helenor Cramer, 1782",10.147692,-84.562737,"Alajuela",2024,"2024-05-11T13:17:45","CR",4
"4908611691","Morpho helenor Cramer, 1782",9.7495,-82.81607,"Limón",2024,"2024-05-21T12:10:09","CR",7
"4909155307","Morpho helenor Cramer, 1782",16.303733,-93.70971,"Chiapas",2024,"2024-05-15T09:12","MX",NA
"4909267263","Morpho helenor Cramer, 1782",16.415812,-93.971397,"Chiapas",2024,"2024-05-17T12:08","MX",NA
"4919135500","Morpho helenor Cramer, 1782",-15.873496,-47.830786,"Distrito Federal",2024,"2024-05-02T15:17:44","BR",9
"4919182403","Morpho helenor Cramer, 1782",-15.873493,-47.830806,"Distrito Federal",2024,"2024-05-02T15:19:39","BR",13
"4919511125","Morpho helenor Cramer, 1782",-15.873446,-47.830573,"Distrito Federal",2024,"2024-05-02T15:11:07","BR",12
"4950327832","Morpho helenor Cramer, 1782",-20.255993,-43.845541,"Minas Gerais",2024,"2024-05-01T14:13","BR",NA
"4973856156","Morpho helenor Cramer, 1782",11.11502,-74.097279,"Magdalena",2024,"2024-05-07T07:55","CO",474
"4994527194","Morpho helenor Cramer, 1782",-25.445402,-48.916372,"Paraná",2024,"2024-05-22T15:07","BR",150
"5154522863","Morpho helenor Cramer, 1782",10.203588,-84.162003,"Heredia",2024,"2024-05-07T11:28:07","CR",4
"5167023732","Morpho helenor Cramer, 1782",10.314439,-84.805275,"Puntarenas",2024,"2024-05-02T11:07","CR",NA
"5168365046","Morpho helenor Cramer, 1782",2.564891,-54.17801,"Saint-Laurent-du-Maroni",2024,"2024-05-04T16:35","GF",NA
"5198543433","Morpho helenor Cramer, 1782",10.315988,-84.804237,"Puntarenas",2024,"2024-05-02T10:53","CR",25
"5230339479","Morpho helenor Cramer, 1782",10.4306,-84.0066,"Heredia",2024,"2024-05-30T07:28:05","CR",35
"5282330620","Morpho helenor Cramer, 1782",10.298078,-84.209722,"Alajuela",2024,"2024-05-05T17:07:45","CR",NA
"6185747274","Morpho helenor Cramer, 1782",-0.64075,-76.148972,"Orellana",2024,"2024-05-22T21:57","EC",NA
"6273357362","Morpho helenor Cramer, 1782",-0.077282,-80.150113,"Manabi",2024,"2024-05-22T13:51:36","EC",513
"4875327881","Morpho helenor Cramer, 1782",-7.999331,-35.205221,"Pernambuco",2024,"2024-06-04T14:45:15","BR",125
"4891773339","Morpho helenor Cramer, 1782",-14.86343,-64.969468,"El Beni",2024,"2024-06-09T16:59","BO",15
"4901077350","Morpho helenor Cramer, 1782",10.325345,-83.950058,"Heredia",2024,"2024-06-23T10:55:32","CR",4
"4901238787","Morpho helenor Cramer, 1782",-24.59921,-48.608269,"São Paulo",2024,"2024-06-18T14:22:08","BR",903
"4901525941","Morpho helenor Cramer, 1782",-23.995167,-46.388462,"São Paulo",2024,"2024-06-16T14:59:03","BR",11
"4901877041","Morpho helenor Cramer, 1782",10.446965,-61.072721,"Sangre Grande",2024,"2024-06-21T12:05","TT",977
"4902113057","Morpho helenor Cramer, 1782",-22.610561,-46.699553,"São Paulo",2024,"2024-06-15T12:13:22","BR",NA
"4903830398","Morpho helenor Cramer, 1782",8.621495,-80.139687,"Coclé",2024,"2024-06-20T17:44:38","PA",12
"4903884977","Morpho helenor Cramer, 1782",10.325659,-83.953527,"Heredia",2024,"2024-06-23T11:56","CR",460
"4903974973","Morpho helenor Cramer, 1782",8.60099,-80.12928,"Coclé",2024,"2024-06-29T14:37:58","PA",35
"4903985467","Morpho helenor Cramer, 1782",9.128991,-79.715486,"Colón",2024,"2024-06-12","PA",942
"4904027260","Morpho helenor Cramer, 1782",14.751184,-91.165787,"Sololá",2024,"2024-06-14T12:16","GT",110
"4904124549","Morpho helenor Cramer, 1782",9.649963,-85.075336,"Puntarenas",2024,"2024-06-20","CR",200
"4904157124","Morpho helenor Cramer, 1782",10.571178,-83.520797,"Limón",2024,"2024-06-24T17:52:45","CR",5
"4904165017","Morpho helenor Cramer, 1782",15.682098,-86.900292,"Atlántida",2024,"2024-06-08T08:22:39","HN",4
"4904165033","Morpho helenor Cramer, 1782",-24.133085,-55.533274,"Canindeyú",2024,"2024-06-09T10:23","PY",173
"4904293578","Morpho helenor Cramer, 1782",-26.076993,-56.847969,"Paraguarí",2024,"2024-06-22T12:35:24","PY",7
"4904326143","Morpho helenor Cramer, 1782",10.571505,-83.520928,"Limón",2024,"2024-06-27T18:44:09","CR",57
"4908532578","Morpho helenor Cramer, 1782",19.595609,-88.072224,"Quintana Roo",2024,"2024-06-20T16:41:55","MX",23
"4908549467","Morpho helenor Cramer, 1782",11.242252,-73.801979,"Magdalena",2024,"2024-06-24T10:45:05","CO",284
"4908972894","Morpho helenor Cramer, 1782",8.621262,-80.139739,"Coclé",2024,"2024-06-20T17:55:46","PA",35
"4909162182","Morpho helenor Cramer, 1782",4.907128,-52.45622,"Cayenne",2024,"2024-06-12T11:56","GF",4
"4909168953","Morpho helenor Cramer, 1782",3.73639,-53.542219,"Saint-Laurent-du-Maroni",2024,"2024-06-19T08:43","GF",15
"4925988297","Morpho helenor Cramer, 1782",-7.216573,-34.858245,"Paraíba",2024,"2024-06-25T16:00","BR",8
"4935721122","Morpho helenor Cramer, 1782",-27.55758,-48.464912,"Santa Catarina",2024,"2024-06-30T10:52:35","BR",91
"4937135265","Morpho helenor Cramer, 1782",-21.202116,-41.71781,"Rio de Janeiro",2024,"2024-06-19T09:33","BR",205
"4952867258","Morpho helenor Cramer, 1782",-26.790562,-48.588128,"Santa Catarina",2024,"2024-06-05T13:32:38","BR",5
"4978408338","Morpho helenor Cramer, 1782",4.33045,-72.697694,"Casanare",2024,"2024-06-02T17:00","CO",8
"5008219635","Morpho helenor Cramer, 1782",-22.89732,-43.882987,"Rio de Janeiro",2024,"2024-06-12T12:37","BR",101
"5062760399","Morpho helenor Cramer, 1782",10.527648,-83.512379,"Limón",2024,"2024-06-04T17:31","CR",61
"5077096544","Morpho helenor Cramer, 1782",-25.656095,-54.43074,"Paraná",2024,"2024-06-08T12:46","BR",539
"5077122473","Morpho helenor Cramer, 1782",-25.656095,-54.43074,"Paraná",2024,"2024-06-08T08:18","BR",539
"5167471605","Morpho helenor Cramer, 1782",10.461445,-84.726096,"Alajuela",2024,"2024-06-18T02:27","CR",689
"5167752515","Morpho helenor Cramer, 1782",10.430289,-84.005377,"Heredia",2024,"2024-06-23T10:49:51","CR",550
"5168066723","Morpho helenor Cramer, 1782",9.346353,-83.736771,"San José",2024,"2024-06-24T12:45:23","CR",129
"5168192070","Morpho helenor Cramer, 1782",9.647517,-84.599625,"Puntarenas",2024,"2024-06-18T15:23:17","CR",4
"5761166079","Morpho helenor Cramer, 1782",-22.869724,-43.048165,"Rio de Janeiro",2024,"2024-06-23T11:40:18","BR",923
"4908260935","Morpho helenor Cramer, 1782",10.798112,-85.403826,"Guanacaste",2024,"2024-07-08T13:46","CR",210
"4908425805","Morpho helenor Cramer, 1782",15.697001,-86.905039,"Atlántida",2024,"2024-07-07T08:48:51","HN",283
"4908432388","Morpho helenor Cramer, 1782",-24.363874,-47.021492,"São Paulo",2024,"2024-07-05T20:14","BR",204
"4908480905","Morpho helenor Cramer, 1782",-25.585638,-48.56505,"Paraná",2024,"2024-07-04T08:44:49","BR",12
"4908715329","Morpho helenor Cramer, 1782",-24.363874,-47.021492,"São Paulo",2024,"2024-07-05T20:15:04","BR",205
"4908725901","Morpho helenor Cramer, 1782",-24.363874,-47.021492,"São Paulo",2024,"2024-07-05T20:17","BR",204
"4908806772","Morpho helenor Cramer, 1782",10.288642,-84.796322,"Puntarenas",2024,"2024-07-02T10:45:21","CR",NA
"4908907329","Morpho helenor Cramer, 1782",10.461262,-66.704742,"Miranda",2024,"2024-07-10T14:53:01","VE",NA
"4909042776","Morpho helenor Cramer, 1782",10.798112,-85.403826,"Guanacaste",2024,"2024-07-08T13:45","CR",210
"4909199832","Morpho helenor Cramer, 1782",4.426375,-52.576904,"Cayenne",2024,"2024-07-13T15:32","GF",815
"4910752027","Morpho helenor Cramer, 1782",10.798112,-85.403826,"Guanacaste",2024,"2024-07-08T12:27","CR",210
"4910916313","Morpho helenor Cramer, 1782",10.43052,-84.006881,"Heredia",2024,"2024-07-21T12:05:12","CR",35
"4919408874","Morpho helenor helenor",5.485459,-53.996253,"Saint-Laurent-du-Maroni",2024,"2024-07-27T16:34","GF",37
"4919492014","Morpho helenor Cramer, 1782",20.345158,-87.574651,"Quintana Roo",2024,"2024-07-16T09:20","MX",2
"4919594316","Morpho helenor Cramer, 1782",8.528166,-83.402121,"Puntarenas",2024,"2024-07-25T07:41","CR",15
"4919603511","Morpho helenor Cramer, 1782",15.75483,-87.456168,"Atlántida",2024,"2024-07-25T11:28","HN",15
"4921440039","Morpho helenor Cramer, 1782",8.401464,-83.33752,"Puntarenas",2024,"2024-07-14T14:21","CR",807
"4921451766","Morpho helenor Cramer, 1782",8.524818,-83.401649,"Puntarenas",2024,"2024-07-25T06:11","CR",31
"4921475856","Morpho helenor Cramer, 1782",14.93597,-91.911262,"San Marcos",2024,"2024-07-31T10:00:45","GT",202
"4921562735","Morpho helenor Cramer, 1782",10.798112,-85.403826,"Guanacaste",2024,"2024-07-08T22:21","CR",210
"4921668725","Morpho helenor Cramer, 1782",10.430553,-84.006998,"Heredia",2024,"2024-07-22T17:35:32","CR",35
"4921673341","Morpho helenor Cramer, 1782",10.431108,-84.003617,"Heredia",2024,"2024-07-22T18:07:49","CR",35
"4921681013","Morpho helenor Cramer, 1782",8.52055,-83.401812,"Puntarenas",2024,"2024-07-21T16:38","CR",4
"4921853094","Morpho helenor Cramer, 1782",10.798112,-85.403826,"Guanacaste",2024,"2024-07-08T22:27","CR",210
"4921902368","Morpho helenor Cramer, 1782",10.195303,-84.513847,"Alajuela",2024,"2024-07-04T14:15:30","CR",4
"4922019804","Morpho helenor Cramer, 1782",8.371358,-77.765883,"Emberá",2024,"2024-07-10T10:52:51","PA",4
"4923815607","Morpho helenor Cramer, 1782",-1.728582,-51.46116,"Pará",2024,"2024-07-27T09:41:42","BR",NA
"4925849785","Morpho helenor Cramer, 1782",-22.81983,-47.067751,"São Paulo",2024,"2024-07-12T12:49","BR",2
"4925926772","Morpho helenor Cramer, 1782",10.716981,-85.010999,"Alajuela",2024,"2024-07-19T11:29","CR",518
"4926004429","Morpho helenor Cramer, 1782",-22.929211,-43.188578,"Rio de Janeiro",2024,"2024-07-28T09:53:05","BR",NA
"4926160939","Morpho helenor theodorus",-14.800872,-64.976775,"El Beni",2024,"2024-07-18T15:42","BO",2
"4926302987","Morpho helenor Cramer, 1782",17.459447,-96.187943,"Oaxaca",2024,"2024-07-04T15:52","MX",122
"4926381210","Morpho helenor Cramer, 1782",-14.798388,-64.975058,"El Beni",2024,"2024-07-19T13:45","BO",2
"4935911846","Morpho helenor Cramer, 1782",17.979222,-89.299012,"Campeche",2024,"2024-07-11T20:44:58","MX",14
"4936284071","Morpho helenor Cramer, 1782",10.805013,-85.402372,"Guanacaste",2024,"2024-07-08T12:04","CR",500
"4936433323","Morpho helenor Cramer, 1782",-23.984137,-46.391997,"São Paulo",2024,"2024-07-12T13:17:44","BR",5
"4945937763","Morpho helenor Cramer, 1782",10.307948,-84.806464,"Puntarenas",2024,"2024-07-20T17:13","CR",210
"4954753246","Morpho helenor Cramer, 1782",3.89278,-76.60694,"Valle del Cauca",2024,"2024-07-04T10:56","CO",200
"4980287018","Morpho helenor Cramer, 1782",-6.085895,-49.967232,"Pará",2024,"2024-07-20T13:03","BR",317
"5062788089","Morpho helenor Cramer, 1782",11.246158,-73.932157,"Magdalena",2024,"2024-07-26T12:08","CO",15
"5062810508","Morpho helenor Cramer, 1782",11.125576,-74.119484,"Magdalena",2024,"2024-07-17T10:56:16","CO",475
"5062834588","Morpho helenor Cramer, 1782",11.122198,-74.118599,"Magdalena",2024,"2024-07-17T10:57:29","CO",NA
"5076816005","Morpho helenor Cramer, 1782",-0.57194,-77.34417,"Orellana",2024,"2024-07-17T17:00","EC",NA
"5166797516","Morpho helenor Cramer, 1782",10.29,-85.84,"Guanacaste",2024,"2024-07-07T09:27:47","CR",NA
"5167840582","Morpho helenor Cramer, 1782",9.702713,-84.659928,"Puntarenas",2024,"2024-07-02T10:46:40","CR",4
"5168234683","Morpho helenor Cramer, 1782",10.173947,-83.9143,"Limón",2024,"2024-07-01T14:00:49","CR",3
"4921630463","Morpho helenor Cramer, 1782",20.493513,-87.303132,"Quintana Roo",2024,"2024-08-02T08:01:09","MX",8
"4921670802","Morpho helenor Cramer, 1782",-25.61488,-54.484803,"Paraná",2024,"2024-08-03T17:00:53","BR",7
"4921966122","Morpho helenor Cramer, 1782",10.352854,-67.066102,"Miranda",2024,"2024-08-03T12:37","VE",210
"4923796635","Morpho helenor Cramer, 1782",-27.368925,-55.892846,"Misiones",2024,"2024-08-06T12:21","AR",103
"4924171405","Morpho helenor Cramer, 1782",3.534637,-76.753487,"Valle del Cauca",2024,"2024-08-06T11:58:32","CO",NA
"4925959341","Morpho helenor Cramer, 1782",19.584185,-96.949715,"Veracruz",2024,"2024-08-14T16:48","MX",8
"4926065851","Morpho helenor Cramer, 1782",10.079665,-84.500888,"Alajuela",2024,"2024-08-14T16:45:09","CR",9
"4926139200","Morpho helenor Cramer, 1782",-25.691824,-54.434727,"Paraná",2024,"2024-08-16T12:53:03","BR",35
"4935662446","Morpho helenor Cramer, 1782",10.717925,-61.298428,"Tunapuna/Piarco",2024,"2024-08-30T14:37","TT",37
"4935781174","Morpho helenor Cramer, 1782",8.994913,-79.547964,"Panamá",2024,"2024-08-31T14:15:20","PA",NA
"4935839919","Morpho helenor Cramer, 1782",9.120595,-79.715113,"Colón",2024,"2024-08-10T16:06","PA",NA
"4935857627","Morpho helenor Cramer, 1782",8.600572,-82.423464,"Chiriquí",2024,"2024-08-27T14:55","PA",149
"4935914219","Morpho helenor Cramer, 1782",8.911352,-79.523087,"Panamá",2024,"2024-08-24T12:41:25","PA",13
"4935941783","Morpho helenor Cramer, 1782",15.738007,-87.453171,"Atlántida",2024,"2024-08-24T13:50","HN",15
"4936466407","Morpho helenor Cramer, 1782",8.621525,-80.139578,"Coclé",2024,"2024-08-12T16:06","PA",NA
"4936468588","Morpho helenor Cramer, 1782",8.621525,-80.139578,"Coclé",2024,"2024-08-12T16:06","PA",NA
"4936609733","Morpho helenor Cramer, 1782",10.173926,-83.913574,"Limón",2024,"2024-08-03T10:48:39","CR",NA
"4936671511","Morpho helenor Cramer, 1782",8.621311,-80.139711,"Coclé",2024,"2024-08-08T09:45","PA",237
"4936678234","Morpho helenor Cramer, 1782",8.387272,-77.873251,"Darién",2024,"2024-08-05T13:56:50","PA",6
"4936780840","Morpho helenor Cramer, 1782",8.911267,-79.528545,"Panamá",2024,"2024-08-24T12:38:50","PA",1
"4936956134","Morpho helenor Cramer, 1782",20.409022,-87.327775,"Quintana Roo",2024,"2024-08-29T14:54:59","MX",17
"4936995497","Morpho helenor Cramer, 1782",9.120792,-79.71511,"Colón",2024,"2024-08-10T16:04","PA",NA
"4945588036","Morpho helenor Cramer, 1782",10.751998,-85.380336,"Guanacaste",2024,"2024-08-26T15:07","CR",175
"4945751842","Morpho helenor Cramer, 1782",-25.602289,-54.556303,"Misiones",2024,"2024-08-26T10:32","AR",61
"4945815921","Morpho helenor Cramer, 1782",10.308892,-84.818209,"Puntarenas",2024,"2024-08-22T17:21","CR",NA
"4945985767","Morpho helenor Cramer, 1782",10.749498,-85.373873,"Guanacaste",2024,"2024-08-26T16:54","CR",31
"4946552178","Morpho helenor Cramer, 1782",10.482294,-84.615111,"Alajuela",2024,"2024-08-15T11:24","CR",5
"4946623938","Morpho helenor Cramer, 1782",8.621311,-80.139711,"Coclé",2024,"2024-08-26T14:05","PA",237
"4946696463","Morpho helenor Cramer, 1782",20.457187,-87.391923,"Quintana Roo",2024,"2024-08-09T15:21","MX",117
"4950293273","Morpho helenor Cramer, 1782",10.776015,-61.361319,"San Juan-Laventille",2024,"2024-08-11T16:08:26","TT",210
"4952245981","Morpho helenor Cramer, 1782",-6.832477,-34.917568,"Paraíba",2024,"2024-08-31T10:55:13","BR",NA
"4952750933","Morpho helenor Cramer, 1782",-7.217513,-34.859113,"Paraíba",2024,"2024-08-22T16:41:39","BR",NA
"4954410443","Morpho helenor Cramer, 1782",8.40445,-83.337004,"Puntarenas",2024,"2024-08-17T13:37","CR",146
"4973995535","Morpho helenor Cramer, 1782",10.318843,-84.816362,"Puntarenas",2024,"2024-08-18T10:08","CR",202
"4978370202","Morpho helenor Cramer, 1782",10.482192,-84.616877,"Alajuela",2024,"2024-08-15T13:22","CR",205
"4978468145","Morpho helenor Cramer, 1782",9.778597,-84.605842,"Puntarenas",2024,"2024-08-29T20:30","CR",243
"5008071645","Morpho helenor Cramer, 1782",8.601126,-80.129312,"Coclé",2024,"2024-08-24T16:58:01","PA",NA
"5062846478","Morpho helenor Cramer, 1782",11.265683,-73.929916,"Magdalena",2024,"2024-08-21T16:56:13","CO",NA
"5063145333","Morpho helenor Cramer, 1782",9.90732,-83.943572,"Cartago",2024,"2024-08-18T09:06:59","CR",3
"5166859788","Morpho helenor Cramer, 1782",10.310025,-84.819981,"Puntarenas",2024,"2024-08-24T08:30:29","CR",35
"5167097748","Morpho helenor Cramer, 1782",10.158085,-83.782887,"Limón",2024,"2024-08-23T21:48","CR",13
"5167215656","Morpho helenor Cramer, 1782",10.712241,-85.451993,"Guanacaste",2024,"2024-08-11T11:21:27","CR",NA
"5167559877","Morpho helenor Cramer, 1782",9.889605,-85.462792,"Guanacaste",2024,"2024-08-19T13:40:49","CR",4
"5167969727","Morpho helenor Cramer, 1782",9.734725,-82.827287,"Limón",2024,"2024-08-11T11:54:33","CR",3
"5292230572","Morpho helenor Cramer, 1782",10.52965,-85.746187,"Guanacaste",2024,"2024-08-14T10:55:21","CR",35
"5897852891","Morpho helenor Cramer, 1782",8.794806,-82.445569,"Chiriquí",2024,"2024-08-26T12:42","PA",488
"6179224629","Morpho helenor Cramer, 1782",-25.656441,-54.432716,"Paraná",2024,"2024-08-02T20:43","BR",244
"6185218072","Morpho helenor Cramer, 1782",4.748917,-56.875405,"Sipaliwini",2024,"2024-08-26T11:32","SR",NA
"4937004406","Morpho helenor Cramer, 1782",10.321945,-84.831147,"Puntarenas",2024,"2024-09-01T21:35:38","CR",4
"4945542203","Morpho helenor Cramer, 1782",20.491303,-87.252988,"Quintana Roo",2024,"2024-09-08T22:10","MX",NA
"4945614350","Morpho helenor Cramer, 1782",9.84234,-83.92429,"Cartago",2024,"2024-09-04T12:44","CR",209
"4945738265","Morpho helenor Cramer, 1782",5.029975,-52.561491,"Cayenne",2024,"2024-09-12T01:16","GF",578
"4946666041","Morpho helenor Cramer, 1782",19.502176,-96.851619,"Veracruz",2024,"2024-09-07T13:29:59","MX",28
"4946669854","Morpho helenor Cramer, 1782",-7.56038,-72.716915,"Amazonas",2024,"2024-09-02T13:32:18","BR",NA
"4949840713","Morpho helenor Cramer, 1782",20.57987,-87.122017,"Quintana Roo",2024,"2024-09-17T15:56:50","MX",18
"4950398703","Morpho helenor Cramer, 1782",10.308156,-84.806931,"Puntarenas",2024,"2024-09-15T11:48:37","CR",NA
"4950441118","Morpho helenor Cramer, 1782",-5.052219,-42.773135,"Piauí",2024,"2024-09-22T09:15","BR",64
"4950563272","Morpho helenor Cramer, 1782",16.834528,-93.077731,"Chiapas",2024,"2024-09-10T11:08","MX",31
"4950592440","Morpho helenor Cramer, 1782",15.692877,-86.90194,"Atlántida",2024,"2024-09-14T00:14","HN",3
"4950600117","Morpho helenor Cramer, 1782",8.524903,-83.416968,"Puntarenas",2024,"2024-09-05T10:24","CR",887
"4952201616","Morpho helenor helenor",-2.66694,-44.247468,"Maranhão",2024,"2024-09-26T08:06:02","BR",962
"4952238004","Morpho helenor Cramer, 1782",-23.469453,-45.169358,"São Paulo",2024,"2024-09-30T14:13:46","BR",4
"4952279346","Morpho helenor Cramer, 1782",10.727462,-85.047194,"Alajuela",2024,"2024-09-27T14:36:25","CR",4
"4952663714","Morpho helenor Cramer, 1782",-23.823628,-50.949006,"Paraná",2024,"2024-09-28T09:28","BR",15
"4952769534","Morpho helenor Cramer, 1782",-16.504831,-67.537547,"La Paz",2024,"2024-09-20T00:32","BO",61
"4953099677","Morpho helenor Cramer, 1782",16.819152,-93.069078,"Chiapas",2024,"2024-09-02T12:57","MX",122
"4954319177","Morpho helenor Cramer, 1782",10.713252,-85.053395,"Guanacaste",2024,"2024-09-23T13:34","CR",45
"4954335632","Morpho helenor Cramer, 1782",-5.050006,-47.712341,"Maranhão",2024,"2024-09-08T08:30","BR",15
"4954376569","Morpho helenor Cramer, 1782",10.351478,-84.557644,"Alajuela",2024,"2024-09-23T07:55:51","CR",30
"4954400232","Morpho helenor Cramer, 1782",13.625636,-89.056228,"La Paz",2024,"2024-09-29T11:32","SV",4
"4954544404","Morpho helenor Cramer, 1782",16.835525,-93.078469,"Chiapas",2024,"2024-09-02T13:19","MX",61
"4954558284","Morpho helenor Cramer, 1782",10.029172,-83.351172,"Limón",2024,"2024-09-25T21:05","CR",23
"4973898579","Morpho helenor Cramer, 1782",10.68251,-61.634082,"Diego Martin",2024,"2024-09-07","TT",661
"4976548092","Morpho helenor Cramer, 1782",-25.65613,-54.430224,"Paraná",2024,"2024-09-07T15:13","BR",122
"4982114416","Morpho helenor Cramer, 1782",-26.428391,-53.83818,"Misiones",2024,"2024-09-28T08:36","AR",463
"4982369425","Morpho helenor Cramer, 1782",9.73281,-82.837354,"Limón",2024,"2024-09-05","CR",61
"4987403821","Morpho helenor Cramer, 1782",-10.00355,-68.204791,"Acre",2024,"2024-09-06","BR",4
"5063154291","Morpho helenor Cramer, 1782",-5.052793,-47.711466,"Maranhão",2024,"2024-09-08T07:32","BR",NA
"5108412866","Morpho helenor Cramer, 1782",-15.463637,-55.683484,"Mato Grosso",2024,"2024-09-09T10:26","BR",208
"5153038265","Morpho helenor Cramer, 1782",9.12457,-79.714688,"Colón",2024,"2024-09-25T15:30:45","PA",NA
"5153053108","Morpho helenor Cramer, 1782",9.12457,-79.714688,"Colón",2024,"2024-09-25T15:30:49","PA",NA
"5154105898","Morpho helenor Cramer, 1782",9.12457,-79.714688,"Colón",2024,"2024-09-25T15:31:18","PA",NA
"5154585024","Morpho helenor Cramer, 1782",9.12457,-79.714688,"Colón",2024,"2024-09-25T15:30:57","PA",NA
"5890211451","Morpho helenor Cramer, 1782",10.105822,-84.551262,"Alajuela",2024,"2024-09-09T10:06:28","CR",4
"6133387808","Morpho helenor Cramer, 1782",9.118305,-79.701923,"Colón",2024,"2024-09-16T20:53:10","PA",755
"6171293196","Morpho helenor Cramer, 1782",5.231252,-76.083155,"Risaralda",2024,"2024-09-07T14:23","CO",NA
"6178570770","Morpho helenor Cramer, 1782",9.176997,-83.73009,"Puntarenas",2024,"2024-09-08T13:32:58","CR",NA
"6273555746","Morpho helenor Cramer, 1782",-25.62025,-54.477485,"Paraná",2024,"2024-09-23T12:39","BR",NA
"4952280852","Morpho helenor Cramer, 1782",-22.956317,-43.285922,"Rio de Janeiro",2024,"2024-10-06T09:17:12","BR",4
"4952756893","Morpho helenor Cramer, 1782",-23.420783,-45.774065,"São Paulo",2024,"2024-10-05T12:40","BR",131
"4954264001","Morpho helenor Cramer, 1782",20.434718,-87.318059,"Quintana Roo",2024,"2024-10-08T08:50:24","MX",15
"4954294198","Morpho helenor Cramer, 1782",16.721551,-93.098204,"Chiapas",2024,"2024-10-10T16:21:35","MX",NA
"4954311082","Morpho helenor Cramer, 1782",16.721476,-93.098303,"Chiapas",2024,"2024-10-10T16:21:34","MX",8
"4954338904","Morpho helenor Cramer, 1782",8.868592,-82.857995,"Puntarenas",2024,"2024-10-12T10:39:45","CR",87
"4954355627","Morpho helenor Cramer, 1782",-27.059915,-54.825784,"Misiones",2024,"2024-10-12T09:38","AR",205
"4954367024","Morpho helenor Cramer, 1782",17.181723,-89.206186,"Petén",2024,"2024-10-03T11:54:10","GT",NA
"4954421966","Morpho helenor Cramer, 1782",-23.739838,-64.852404,"Jujuy",2024,"2024-10-12T10:28:54","AR",NA
"4954434378","Morpho helenor Cramer, 1782",15.750152,-86.439126,"Colón",2024,"2024-10-05T12:06","HN",41
"4954447044","Morpho helenor Cramer, 1782",-16.065275,-40.864203,"Minas Gerais",2024,"2024-10-12T08:46:21","BR",NA
"4954469792","Morpho helenor Cramer, 1782",20.435129,-87.31832,"Quintana Roo",2024,"2024-10-13T13:20:51","MX",28
"4954583455","Morpho helenor Cramer, 1782",-22.112032,-45.057081,"Minas Gerais",2024,"2024-10-15T14:00:51","BR",4
"4954683838","Morpho helenor Cramer, 1782",17.181469,-89.207037,"Petén",2024,"2024-10-03T11:55","GT",NA
"4973810590","Morpho helenor Cramer, 1782",-22.392853,-44.53813,"Rio de Janeiro",2024,"2024-10-14T16:19","BR",199
"4973812062","Morpho helenor Cramer, 1782",-25.686572,-54.439226,"Paraná",2024,"2024-10-10T09:41","BR",518
"4973925313","Morpho helenor Cramer, 1782",-25.727133,-54.416428,"Misiones",2024,"2024-10-15T11:33:15","AR",4
"4973955312","Morpho helenor Cramer, 1782",-25.871083,-53.969262,"Misiones",2024,"2024-10-17T18:16:54","AR",35
"4974021990","Morpho helenor Cramer, 1782",19.013755,-97.028294,"Veracruz",2024,"2024-10-01T08:09","MX",837
"4974256919","Morpho helenor Cramer, 1782",9.657977,-82.773464,"Limón",2024,"2024-10-02T09:25","CR",209
"4974307387","Morpho helenor Cramer, 1782",-25.727133,-54.416428,"Misiones",2024,"2024-10-15T11:30:47","AR",4
"4974311184","Morpho helenor Cramer, 1782",10.423268,-84.02203,"Heredia",2024,"2024-10-20T11:33","CR",462
"4976343659","Morpho helenor Cramer, 1782",20.404241,-87.329485,"Quintana Roo",2024,"2024-10-23T18:00:35","MX",42
"4976391786","Morpho helenor Cramer, 1782",20.459047,-87.396208,"Quintana Roo",2024,"2024-10-22T10:47:22","MX",4
"4976458843","Morpho helenor Cramer, 1782",-23.734171,-64.856494,"Jujuy",2024,"2024-10-11T08:24","AR",375
"4976469406","Morpho helenor Cramer, 1782",-23.335228,-46.620465,"São Paulo",2024,"2024-10-24T14:07","BR",37
"4976516137","Morpho helenor Cramer, 1782",4.947509,-52.313322,"Cayenne",2024,"2024-10-25T12:05","GF",268
"4976547985","Morpho helenor Cramer, 1782",10.004981,-83.352981,"Limón",2024,"2024-10-05T14:37","CR",NA
"4976581841","Morpho helenor Cramer, 1782",-27.177028,-48.636095,"Santa Catarina",2024,"2024-10-23T18:41:06","BR",4
"4976649240","Morpho helenor Cramer, 1782",-25.698427,-54.443013,"Misiones",2024,"2024-10-09T16:32","AR",846
"4976650529","Morpho helenor Cramer, 1782",-26.633853,-54.103158,"Misiones",2024,"2024-10-21T08:48:10","AR",4
"4978160903","Morpho helenor Cramer, 1782",-20.026936,-43.798401,"Minas Gerais",2024,"2024-10-31T08:24","BR",NA
"4978200172","Morpho helenor Cramer, 1782",9.126025,-79.694087,"Colón",2024,"2024-10-31T09:43:27","PA",43
"4978211813","Morpho helenor Cramer, 1782",9.271641,-83.89014,"Puntarenas",2024,"2024-10-18T13:44","CR",59
"4978215199","Morpho helenor Cramer, 1782",10.794098,-61.222278,"Tunapuna/Piarco",2024,"2024-10-30T12:17","TT",NA
"4978233265","Morpho helenor Cramer, 1782",-20.301164,-40.478354,"Espírito Santo",2024,"2024-10-13T09:51","BR",500
"4978258751","Morpho helenor Cramer, 1782",14.525628,-91.139024,"Suchitepéquez",2024,"2024-10-21T17:02:27","GT",NA
"4978306009","Morpho helenor Cramer, 1782",9.771736,-84.604539,"Puntarenas",2024,"2024-10-30T13:57:36","CR",NA
"4978319410","Morpho helenor Cramer, 1782",10.029659,-83.350601,"Limón",2024,"2024-10-22T19:23","CR",50
"4978351853","Morpho helenor Cramer, 1782",10.308153,-84.806928,"Puntarenas",2024,"2024-10-09T09:49:55","CR",NA
"4978361027","Morpho helenor Cramer, 1782",8.727913,-82.415703,"Chiriquí",2024,"2024-10-23T13:50:02","PA",9
"4978385670","Morpho helenor Cramer, 1782",10.712068,-61.27531,"Tunapuna/Piarco",2024,"2024-10-26T07:25","TT",NA
"4978390879","Morpho helenor Cramer, 1782",-23.583689,-46.478881,"São Paulo",2024,"2024-10-25T11:59:29","BR",5
"4978413126","Morpho helenor Cramer, 1782",10.30892,-84.80486,"Puntarenas",2024,"2024-10-14T08:48:44","CR",NA
"4978439795","Morpho helenor Cramer, 1782",10.308156,-84.806925,"Puntarenas",2024,"2024-10-08T20:04:42","CR",NA
"4978479305","Morpho helenor Cramer, 1782",9.271641,-83.89014,"Puntarenas",2024,"2024-10-18T14:08","CR",59
"4978492958","Morpho helenor Cramer, 1782",16.882415,-95.456565,"Oaxaca",2024,"2024-10-31T16:31:25","MX",41
"4978636603","Morpho helenor Cramer, 1782",14.379167,-91.105788,"Escuintla",2024,"2024-10-13T15:08","GT",195
"4978651494","Morpho helenor Cramer, 1782",-22.553653,-43.062192,"Rio de Janeiro",2024,"2024-10-26T02:33","BR",2
"4980347051","Morpho helenor Cramer, 1782",-25.683328,-54.437707,"Paraná",2024,"2024-10-13T16:52","BR",NA
"4980475579","Morpho helenor theodorus",-16.218883,-67.726029,"La Paz",2024,"2024-10-15","BO",500
"4980538741","Morpho helenor Cramer, 1782",-25.683358,-54.437515,"Paraná",2024,"2024-10-14T16:07","BR",NA
"4980574478","Morpho helenor Cramer, 1782",12.996421,-85.908731,"Matagalpa",2024,"2024-10-31T14:25","NI",637
"4980662765","Morpho helenor Cramer, 1782",-23.737319,-64.853304,"Jujuy",2024,"2024-10-12T10:06","AR",31
"4982211596","Morpho helenor Cramer, 1782",-25.857611,-54.169038,"Misiones",2024,"2024-10-30T11:53","AR",31
"4987532440","Morpho helenor Cramer, 1782",16.033604,-96.175785,"Oaxaca",2024,"2024-10-30T13:24","MX",244
"4987570457","Morpho helenor Cramer, 1782",16.021607,-96.159661,"Oaxaca",2024,"2024-10-31T12:28","MX",977
"4987592692","Morpho helenor Cramer, 1782",15.856446,-96.361834,"Oaxaca",2024,"2024-10-30T08:50","MX",10
"4987654240","Morpho helenor Cramer, 1782",15.940338,-96.438899,"Oaxaca",2024,"2024-10-27T10:58","MX",10
"4994008552","Morpho helenor Cramer, 1782",-23.469725,-45.169295,"São Paulo",2024,"2024-10-25T15:35","BR",250
"5007249799","Morpho helenor Cramer, 1782",-25.684328,-54.439781,"Paraná",2024,"2024-10-13T15:47","BR",204
"5007919156","Morpho helenor Cramer, 1782",0.050547,-78.719772,"Pichincha",2024,"2024-10-08T12:41:58","EC",158
"5037218432","Morpho helenor Cramer, 1782",-27.41535,-55.612439,"Misiones",2024,"2024-10-12T11:19","AR",197
"5062890400","Morpho helenor Cramer, 1782",11.083139,-74.083987,"Magdalena",2024,"2024-10-31T13:23","CO",NA
"5062966392","Morpho helenor Cramer, 1782",7.629238,-81.247779,"Veraguas",2024,"2024-10-26T22:22","PA",31
"5069796097","Morpho helenor Cramer, 1782",9.786702,-84.927287,"Puntarenas",2024,"2024-10-27T13:20","CR",675
"5139988366","Morpho helenor Cramer, 1782",4.610357,-52.279,"Cayenne",2024,"2024-10-07T16:24","GF",NA
"5140020381","Morpho helenor Cramer, 1782",4.558062,-52.208018,"Cayenne",2024,"2024-10-13T15:22","GF",NA
"5140033308","Morpho helenor Cramer, 1782",4.867445,-52.351503,"Cayenne",2024,"2024-10-10T09:35","GF",NA
"5167806594","Morpho helenor Cramer, 1782",10.305429,-84.814059,"Puntarenas",2024,"2024-10-08T06:51:49","CR",4
"5167969822","Morpho helenor Cramer, 1782",10.029161,-83.35038,"Limón",2024,"2024-10-22T11:04","CR",11
"5187913467","Morpho helenor Cramer, 1782",-23.583546,-46.478885,"São Paulo",2024,"2024-10-25T12:48:11","BR",25
"5188069487","Morpho helenor Cramer, 1782",-23.583748,-46.47867,"São Paulo",2024,"2024-10-11T11:28:55","BR",5
"5198901455","Morpho helenor Cramer, 1782",4.549587,-52.148298,"Cayenne",2024,"2024-10-04T09:52","GF",NA
"5206441468","Morpho helenor Cramer, 1782",-23.58488,-45.824428,"São Paulo",2024,"2024-10-11T10:14:12","BR",217
"5231746355","Morpho helenor Cramer, 1782",17.181717,-89.206191,"Petén",2024,"2024-10-03T11:54:03","GT",NA
"5867719132","Morpho helenor Cramer, 1782",10.947287,-84.753083,"Alajuela",2024,"2024-10-21T07:33:08","CR",13
"5867958307","Morpho helenor Cramer, 1782",-25.81131,-54.01185,"Misiones",2024,"2024-10-19T16:22","AR",NA
"5936135022","Morpho helenor Cramer, 1782",-27.394126,-55.630386,"Misiones",2024,"2024-10-12T11:12","AR",286
"6133435088","Morpho helenor helenor",5.483317,-54.016892,"Saint-Laurent-du-Maroni",2024,"2024-10-12T11:03:21","GF",4
"6178723364","Morpho helenor Cramer, 1782",-25.616253,-54.485122,"Paraná",2024,"2024-10-31T16:55:30","BR",3
"6273391732","Morpho helenor Cramer, 1782",-22.438819,-45.428414,"Minas Gerais",2024,"2024-10-18T14:13:13","BR",NA
"4978144468","Morpho helenor Cramer, 1782",12.062594,-86.314322,"Managua",2024,"2024-11-02T16:10","NI",8
"4978144843","Morpho helenor Cramer, 1782",5.074045,-52.699413,"Cayenne",2024,"2024-11-03T12:41:23","GF",NA
"4978218635","Morpho helenor Cramer, 1782",-22.262378,-43.011849,"Rio de Janeiro",2024,"2024-11-02T15:05","BR",4
"4978396734","Morpho helenor Cramer, 1782",7.147329,-73.030157,"Santander",2024,"2024-11-03T10:16:50","CO",573
"4978537314","Morpho helenor Cramer, 1782",10.028261,-83.351678,"Limón",2024,"2024-11-01T13:06:43","CR",50
"4980249365","Morpho helenor Cramer, 1782",14.751112,-91.166244,"Sololá",2024,"2024-11-05T10:01:52","GT",17
"4980303627","Morpho helenor Cramer, 1782",9.808578,-84.610727,"Puntarenas",2024,"2024-11-11T14:21:59","CR",35
"4980322182","Morpho helenor Cramer, 1782",-25.677703,-54.449228,"Misiones",2024,"2024-11-06T11:39:17","AR",NA
"4980372729","Morpho helenor Cramer, 1782",20.676218,-87.043825,"Quintana Roo",2024,"2024-11-07T16:51:32","MX",186
"4980407574","Morpho helenor Cramer, 1782",9.808578,-84.610727,"Puntarenas",2024,"2024-11-11T14:32:10","CR",35
"4980487751","Morpho helenor Cramer, 1782",20.676061,-87.04365,"Quintana Roo",2024,"2024-11-11T13:54:53","MX",93
"4980548948","Morpho helenor Cramer, 1782",14.751112,-91.166367,"Sololá",2024,"2024-11-05T10:07:30","GT",7
"4980551145","Morpho helenor Cramer, 1782",7.556253,-80.948442,"Veraguas",2024,"2024-11-07T16:47:07","PA",97
"4980706246","Morpho helenor Cramer, 1782",16.705587,-91.064507,"Chiapas",2024,"2024-11-07T15:27:12","MX",NA
"4980713844","Morpho helenor Cramer, 1782",20.404938,-87.329767,"Quintana Roo",2024,"2024-11-03T08:11:30","MX",4
"4980715181","Morpho helenor Cramer, 1782",20.40253,-87.331111,"Quintana Roo",2024,"2024-11-07T07:50:45","MX",99
"4981921530","Morpho helenor Cramer, 1782",18.593192,-89.418969,"Campeche",2024,"2024-11-15T15:21","MX",38
"4982068599","Morpho helenor Cramer, 1782",15.724207,-86.730993,"Atlántida",2024,"2024-11-05T21:52","HN",15
"4982127167","Morpho helenor Cramer, 1782",16.997218,-89.700315,"Petén",2024,"2024-11-19T15:15:03","GT",206
"4982131766","Morpho helenor Cramer, 1782",20.612406,-87.091751,"Quintana Roo",2024,"2024-11-15T10:45:39","MX",50
"4982245346","Morpho helenor Cramer, 1782",15.323917,-86.759126,"Yoro",2024,"2024-11-04T10:33","HN",4
"4987388419","Morpho helenor Cramer, 1782",17.033182,-97.922859,"Oaxaca",2024,"2024-11-25T14:04:31","MX",NA
"4987412957","Morpho helenor Cramer, 1782",8.783659,-82.960131,"Puntarenas",2024,"2024-11-09T08:34","CR",395
"4987468609","Morpho helenor Cramer, 1782",-25.714338,-54.442725,"Misiones",2024,"2024-11-20T11:57","AR",122
"4987481834","Morpho helenor Cramer, 1782",8.647358,-80.065205,"Panamá Oeste",2024,"2024-11-06T12:34:54","PA",7
"4987527389","Morpho helenor Cramer, 1782",8.782935,-82.960447,"Puntarenas",2024,"2024-11-06T10:19","CR",528
"4987537420","Morpho helenor Cramer, 1782",18.846742,-97.066758,"Veracruz",2024,"2024-11-17T21:24:51","MX",212
"4987599993","Morpho helenor Cramer, 1782",20.357453,-87.336778,"Quintana Roo",2024,"2024-11-20T11:27:41","MX",4
"4987627246","Morpho helenor Cramer, 1782",20.217037,-87.434805,"Quintana Roo",2024,"2024-11-20T13:13:52","MX",4
"4987658593","Morpho helenor Cramer, 1782",10.307555,-84.808395,"Puntarenas",2024,"2024-11-20T19:00:46","CR",4
"4987736596","Morpho helenor Cramer, 1782",20.43895,-87.326147,"Quintana Roo",2024,"2024-11-20T12:20:22","MX",NA
"4987790656","Morpho helenor Cramer, 1782",18.368258,-95.009116,"Veracruz",2024,"2024-11-11T13:09:05","MX",430
"4993773500","Morpho helenor Cramer, 1782",17.110819,-91.621476,"Chiapas",2024,"2024-11-06T14:54","MX",4
"4993775720","Morpho helenor Cramer, 1782",-22.412797,-42.738013,"Rio de Janeiro",2024,"2024-11-05T06:35","BR",NA
"4993854228","Morpho helenor Cramer, 1782",20.856967,-87.029403,"Quintana Roo",2024,"2024-11-06T09:36","MX",NA
"4993944862","Morpho helenor Cramer, 1782",17.10888,-91.61871,"Chiapas",2024,"2024-11-05T12:02","MX",8
"4993958768","Morpho helenor Cramer, 1782",9.125128,-79.715286,"Colón",2024,"2024-11-23T08:03","PA",691
"4993992216","Morpho helenor Cramer, 1782",10.204456,-84.161531,"Heredia",2024,"2024-11-18T12:22","CR",194
"4994099878","Morpho helenor Cramer, 1782",-26.804519,-48.601797,"Santa Catarina",2024,"2024-11-13T14:45:42","BR",200
"4994150885","Morpho helenor Cramer, 1782",20.587622,-87.110585,"Quintana Roo",2024,"2024-11-22T14:27","MX",399
"4994272224","Morpho helenor Cramer, 1782",5.859138,-77.267562,"Chocó",2024,"2024-11-25T20:47:14","CO",NA
"4994327847","Morpho helenor Cramer, 1782",-27.374271,-55.647163,"Misiones",2024,"2024-11-14T10:38","AR",8
"4994500219","Morpho helenor Cramer, 1782",20.285635,-87.377079,"Quintana Roo",2024,"2024-11-28T15:06:52","MX",19
"4994532608","Morpho helenor Cramer, 1782",20.285641,-87.377085,"Quintana Roo",2024,"2024-11-28T15:56:01","MX",18
"4994584812","Morpho helenor Cramer, 1782",14.829628,-85.84596,"Olancho",2024,"2024-11-26T07:02:41","HN",209
"4994616780","Morpho helenor Cramer, 1782",-20.309017,-46.523406,"Minas Gerais",2024,"2024-11-02T15:51:20","BR",665
"5006830610","Morpho helenor Cramer, 1782",4.556941,-52.167461,"Cayenne",2024,"2024-11-28T08:00","GF",122
"5006884030","Morpho helenor Cramer, 1782",10.204456,-84.161531,"Heredia",2024,"2024-11-18T12:14","CR",194
"5006886557","Morpho helenor Cramer, 1782",-23.469543,-45.169362,"São Paulo",2024,"2024-11-10T16:01","BR",NA
"5007109856","Morpho helenor Cramer, 1782",20.345019,-87.353929,"Quintana Roo",2024,"2024-11-27T08:31:52","MX",NA
"5007285404","Morpho helenor Cramer, 1782",18.591954,-89.41989,"Campeche",2024,"2024-11-25T17:31","MX",61
"5007523430","Morpho helenor Cramer, 1782",10.341769,-68.738263,"Yaracuy",2024,"2024-11-12T13:12:57","VE",68
"5007915898","Morpho helenor Cramer, 1782",20.438133,-87.347837,"Quintana Roo",2024,"2024-11-23T14:38","MX",730
"5007930818","Morpho helenor Cramer, 1782",20.861306,-87.079844,"Quintana Roo",2024,"2024-11-30T12:01:04","MX",NA
"5007939084","Morpho helenor Cramer, 1782",20.102785,-87.634119,"Quintana Roo",2024,"2024-11-19T10:23","MX",244
"5007984745","Morpho helenor Cramer, 1782",20.177323,-87.542454,"Quintana Roo",2024,"2024-11-22T14:31:37","MX",102
"5008161693","Morpho helenor Cramer, 1782",-15.873095,-47.830867,"Distrito Federal",2024,"2024-11-08T10:00:51","BR",4
"5008268329","Morpho helenor Cramer, 1782",17.047418,-89.060409,"Cayo",2024,"2024-11-26","BZ",15
"5008304496","Morpho helenor Cramer, 1782",8.054745,-81.237264,"Veraguas",2024,"2024-11-22T11:13","PA",5
"5062867989","Morpho helenor Cramer, 1782",11.140655,-74.115224,"Magdalena",2024,"2024-11-26T09:29:46","CO",90
"5062905074","Morpho helenor Cramer, 1782",11.128149,-74.114954,"Magdalena",2024,"2024-11-26T10:55:53","CO",199
"5062925194","Morpho helenor Cramer, 1782",17.046841,-89.060263,"Cayo",2024,"2024-11-29","BZ",8
"5063116883","Morpho helenor Cramer, 1782",13.001019,-85.90814,"Matagalpa",2024,"2024-11-07T08:03","NI",8
"5063294772","Morpho helenor Cramer, 1782",11.983786,-86.266253,"Managua",2024,"2024-11-19T08:58","NI",2
"5063452067","Morpho helenor Cramer, 1782",20.449045,-87.391135,"Quintana Roo",2024,"2024-11-08T11:15","MX",427
"5108087674","Morpho helenor Cramer, 1782",9.73425,-82.831749,"Limón",2024,"2024-11-19T07:52","CR",NA
"5133766888","Morpho helenor Cramer, 1782",9.73461,-82.833961,"Limón",2024,"2024-11-19T07:31","CR",NA
"5154134650","Morpho helenor Cramer, 1782",14.751147,-91.166344,"Sololá",2024,"2024-11-26T07:45:15","GT",4
"5166778535","Morpho helenor Cramer, 1782",9.733188,-82.813903,"Limón",2024,"2024-11-19T19:50","CR",NA
"5167559849","Morpho helenor Cramer, 1782",10.02915,-83.350433,"Limón",2024,"2024-11-07T13:36:43","CR",53
"5167651834","Morpho helenor Cramer, 1782",10.028978,-83.351342,"Limón",2024,"2024-11-02T13:43:20","CR",17
"5237907485","Morpho helenor Cramer, 1782",18.799863,-96.952122,"Veracruz",2024,"2024-11-10T13:34:55","MX",6
"5828467360","Morpho helenor Cramer, 1782",-21.228,-44.980796,"Minas Gerais",2024,"2024-11-07T15:49:24","BR",204
"6130847809","Morpho helenor Cramer, 1782",4.642665,-55.46957,"Sipaliwini",2024,"2024-11-03T12:51","SR",NA
"6130993550","Morpho helenor Cramer, 1782",13.846871,-87.24709,"Francisco Morazán",2024,"2024-11-02T19:42","HN",122
"6178404083","Morpho helenor Cramer, 1782",9.219233,-83.821861,"Puntarenas",2024,"2024-11-19T06:53:11","CR",221
"6234240820","Morpho helenor Cramer, 1782",-19.952393,-40.56122,"Espírito Santo",2024,"2024-11-07T11:06:06","BR",190
"6235158802","Morpho helenor Cramer, 1782",-15.922177,-47.87316,"Distrito Federal",2024,"2024-11-15T11:03:39","BR",5
"4993813948","Morpho helenor Cramer, 1782",-17.106478,-39.359065,"Bahia",2024,"2024-12-05T09:39:04","BR",NA
"4994035857","Morpho helenor Cramer, 1782",10.530164,-85.747063,"Guanacaste",2024,"2024-12-03T13:33:57","CR",NA
"4994072808","Morpho helenor Cramer, 1782",20.690887,-88.198403,"Yucatán",2024,"2024-12-07T10:40:01","MX",39
"4994155720","Morpho helenor Cramer, 1782",13.110893,-85.653652,"Matagalpa",2024,"2024-12-04T11:07:32","NI",6
"5006778260","Morpho helenor Cramer, 1782",10.399218,-66.979431,"Miranda",2024,"2024-12-13T08:44:35","VE",5
"5006807857","Morpho helenor Cramer, 1782",4.322577,-52.338742,"Cayenne",2024,"2024-12-05","GF",211
"5006808470","Morpho helenor Cramer, 1782",16.960638,-97.926273,"Oaxaca",2024,"2024-12-16T14:45:54","MX",NA
"5006870768","Morpho helenor Cramer, 1782",17.973087,-89.360038,"Campeche",2024,"2024-12-08T10:48:38","MX",31
"5006952194","Morpho helenor Cramer, 1782",15.911012,-96.129068,"Oaxaca",2024,"2024-12-03T10:50","MX",8
"5007013401","Morpho helenor Cramer, 1782",15.911012,-96.129068,"Oaxaca",2024,"2024-12-03T10:51","MX",8
"5007151554","Morpho helenor Cramer, 1782",19.486769,-88.042503,"Quintana Roo",2024,"2024-12-08T09:45","MX",NA
"5007176950","Morpho helenor Cramer, 1782",11.425658,-85.526878,"Rivas",2024,"2024-12-14T10:47:33","NI",4
"5007187313","Morpho helenor Cramer, 1782",-25.585912,-54.074068,"Misiones",2024,"2024-12-04T08:18:02","AR",NA
"5007208710","Morpho helenor Cramer, 1782",20.278811,-87.382254,"Quintana Roo",2024,"2024-12-03T10:38:29","MX",138
"5007220774","Morpho helenor Cramer, 1782",-27.607815,-48.4405,"Santa Catarina",2024,"2024-12-15T18:35:13","BR",NA
"5007227028","Morpho helenor Cramer, 1782",10.397916,-61.040195,"Mayaro/Rio Claro",2024,"2024-12-26T09:34","TT",30
"5007309759","Morpho helenor Cramer, 1782",10.053817,-84.75885,"Puntarenas",2024,"2024-12-09T15:48:13","CR",NA
"5007329854","Morpho helenor Cramer, 1782",15.867105,-96.36866,"Oaxaca",2024,"2024-12-13T08:51","MX",287
"5007350721","Morpho helenor Cramer, 1782",20.861503,-87.051414,"Quintana Roo",2024,"2024-12-18T11:38:19","MX",NA
"5007378351","Morpho helenor Cramer, 1782",20.296833,-87.414078,"Quintana Roo",2024,"2024-12-13T14:44:48","MX",4
"5007508403","Morpho helenor Cramer, 1782",10.42427,-84.752426,"Alajuela",2024,"2024-12-30T12:41:18","CR",52
"5007553317","Morpho helenor Cramer, 1782",10.397916,-61.040195,"Mayaro/Rio Claro",2024,"2024-12-26T09:35","TT",30
"5007649807","Morpho helenor Cramer, 1782",10.68251,-61.634082,"Diego Martin",2024,"2024-12-26T11:47:15","TT",661
"5007665451","Morpho helenor Cramer, 1782",10.690248,-61.748001,"Diego Martin",2024,"2024-12-29T14:04:26","TT",55
"5007889528","Morpho helenor Cramer, 1782",18.090436,-96.100314,"Oaxaca",2024,"2024-12-04T10:17:18","MX",NA
"5008073548","Morpho helenor Cramer, 1782",10.556872,-83.737045,"Limón",2024,"2024-12-10T20:17:02","CR",4
"5008078091","Morpho helenor Cramer, 1782",10.434966,-84.708191,"Alajuela",2024,"2024-12-14T07:55","CR",8
"5008199975","Morpho helenor Cramer, 1782",8.62141,-80.139643,"Coclé",2024,"2024-12-02T16:28","PA",37
"5008281222","Morpho helenor Cramer, 1782",10.797561,-85.405703,"Guanacaste",2024,"2024-12-07T08:18:38","CR",7
"5008282205","Morpho helenor Cramer, 1782",10.48147,-84.616295,"Alajuela",2024,"2024-12-12T18:59:54","CR",52
"5008284424","Morpho helenor Cramer, 1782",17.835085,-89.050439,"Orange Walk",2024,"2024-12-04T10:35:40","BZ",NA
"5008284527","Morpho helenor Cramer, 1782",17.00914,-97.9463,"Oaxaca",2024,"2024-12-09T07:03:53","MX",186
"5008291724","Morpho helenor Cramer, 1782",18.589279,-89.418313,"Campeche",2024,"2024-12-02T09:38:44","MX",10
"5008364720","Morpho helenor Cramer, 1782",10.717817,-61.297706,"Tunapuna/Piarco",2024,"2024-12-04T04:15","TT",201
"5008402550","Morpho helenor Cramer, 1782",10.481805,-84.615997,"Alajuela",2024,"2024-12-25T10:24:39","CR",14
"5036708878","Morpho helenor Cramer, 1782",-23.727,-45.93337,"São Paulo",2024,"2024-12-30T06:28","BR",NA
"5036921682","Morpho helenor Cramer, 1782",20.431791,-87.296274,"Quintana Roo",2024,"2024-12-04T14:04","MX",31
"5036929479","Morpho helenor Cramer, 1782",10.307132,-84.805383,"Puntarenas",2024,"2024-12-10T12:15","CR",234
"5036936371","Morpho helenor Cramer, 1782",10.773942,-85.349981,"Guanacaste",2024,"2024-12-14T07:12","CR",188
"5037069756","Morpho helenor Cramer, 1782",17.025287,-97.953061,"Oaxaca",2024,"2024-12-18T12:15","MX",321
"5062870198","Morpho helenor Cramer, 1782",20.845068,-86.901665,"Quintana Roo",2024,"2024-12-02T10:54","MX",NA
"5062873124","Morpho helenor Cramer, 1782",10.305571,-84.814605,"Puntarenas",2024,"2024-12-23T14:18:55","CR",NA
"5062878034","Morpho helenor Cramer, 1782",18.111034,-89.809587,"Campeche",2024,"2024-12-17T14:06","MX",256
"5062878290","Morpho helenor Cramer, 1782",10.30542,-84.815294,"Puntarenas",2024,"2024-12-23T14:18","CR",100
"5062881102","Morpho helenor Cramer, 1782",11.330345,-73.975637,"Magdalena",2024,"2024-12-03T11:36:57","CO",64
"5062897291","Morpho helenor Cramer, 1782",18.110807,-89.809864,"Campeche",2024,"2024-12-17T14:07","MX",269
"5062898217","Morpho helenor Cramer, 1782",10.310157,-84.823565,"Puntarenas",2024,"2024-12-22T12:26","CR",235
"5062902259","Morpho helenor Cramer, 1782",16.190017,-92.27395,"Chiapas",2024,"2024-12-26T14:40:22","MX",16
"5062908115","Morpho helenor Cramer, 1782",20.296853,-87.414092,"Quintana Roo",2024,"2024-12-13T14:20:23","MX",4
"5062913210","Morpho helenor Cramer, 1782",10.782587,-85.349138,"Guanacaste",2024,"2024-12-27T12:44:56","CR",633
"5062916086","Morpho helenor Cramer, 1782",20.083548,-87.617125,"Quintana Roo",2024,"2024-12-05T10:55","MX",710
"5062920241","Morpho helenor Cramer, 1782",11.33565,-73.991084,"Magdalena",2024,"2024-12-02T11:41","CO",250
"5062944674","Morpho helenor Cramer, 1782",16.999371,-89.712976,"Petén",2024,"2024-12-30T11:35","GT",100
"5062961521","Morpho helenor Cramer, 1782",10.434109,-84.706969,"Alajuela",2024,"2024-12-14T10:53","CR",47
"5062975363","Morpho helenor Cramer, 1782",17.002581,-89.709137,"Petén",2024,"2024-12-30T12:19:41","GT",4
"5062989368","Morpho helenor Cramer, 1782",9.631728,-82.672126,"Limón",2024,"2024-12-24T12:06:06","CR",28
"5062994334","Morpho helenor Cramer, 1782",8.621392,-80.13951,"Coclé",2024,"2024-12-31T13:56:10","PA",6
"5063072716","Morpho helenor Cramer, 1782",17.075868,-97.834716,"Oaxaca",2024,"2024-12-28T13:00","MX",153
"5063974676","Morpho helenor Cramer, 1782",9.733728,-82.829136,"Limón",2024,"2024-12-22T03:43","CR",642
"5076817169","Morpho helenor theodorus",-0.511352,-76.351535,"Orellana",2024,"2024-12-06T13:02","EC",122
"5087123689","Morpho helenor helenor",-2.602175,-44.29691,"Maranhão",2024,"2024-12-22T09:58:40","BR",140
"5104318989","Morpho helenor Cramer, 1782",16.477287,-88.40523,"Toledo",2024,"2024-12-16T12:59:47","BZ",NA
"5167311920","Morpho helenor Cramer, 1782",10.774641,-85.343755,"Guanacaste",2024,"2024-12-15T14:20:24","CR",NA
"5206110466","Morpho helenor Cramer, 1782",3.80451,-51.894069,"Cayenne",2024,"2024-12-24T16:52","GF",NA
"5206338457","Morpho helenor Cramer, 1782",3.606848,-53.175464,"Saint-Laurent-du-Maroni",2024,"2024-12-17T19:47","GF",NA
"5216649433","Morpho helenor Cramer, 1782",20.211096,-87.435824,"Quintana Roo",2024,"2024-12-15T10:16","MX",392
"5838169743","Morpho helenor Cramer, 1782",10.011714,-85.40338,"Guanacaste",2024,"2024-12-11T19:06:12","CR",4
"5897337655","Morpho helenor Cramer, 1782",17.322139,-93.607597,"Tabasco",2024,"2024-12-03T16:47","MX",6
"5909156362","Morpho helenor Cramer, 1782",-23.457422,-46.528995,"São Paulo",2024,"2024-12-06T12:50:27","BR",7
"5935289884","Morpho helenor Cramer, 1782",10.303832,-84.803461,"Puntarenas",2024,"2024-12-07T10:36","CR",4
"6185142357","Morpho helenor Cramer, 1782",3.606027,-53.176415,"Saint-Laurent-du-Maroni",2024,"2024-12-17T21:37","GF",NA
"4015293399","Morpho helenor Cramer, 1782",9.734987,-82.835122,"Limón",2023,"2023-01-08T09:26:29","CR",40
"4018119120","Morpho helenor Cramer, 1782",-22.779056,-43.456644,"Rio de Janeiro",2023,"2023-01-12T14:41:38","BR",204
"4022056951","Morpho helenor Cramer, 1782",5.069457,-74.380305,"Cundinamarca",2023,"2023-01-21T18:53:52","CO",712
"4022079010","Morpho helenor Cramer, 1782",15.879619,-96.389516,"Oaxaca",2023,"2023-01-03T11:49","MX",6
"4022172111","Morpho helenor Cramer, 1782",15.899552,-93.271725,"Chiapas",2023,"2023-01-18T13:38:37","MX",93
"4022223861","Morpho helenor Cramer, 1782",-29.541254,-50.203531,"Rio Grande do Sul",2023,"2023-01-13T10:53","BR",8
"4028713815","Morpho helenor Cramer, 1782",9.269396,-83.887106,"Puntarenas",2023,"2023-01-23T16:46","CR",55
"4028849619","Morpho helenor Cramer, 1782",-25.629682,-54.553804,"Misiones",2023,"2023-01-27T12:15","AR",15
"4028968022","Morpho helenor Cramer, 1782",9.126462,-79.694714,"Colón",2023,"2023-01-29T10:29","PA",41
"4029158362","Morpho helenor Cramer, 1782",-27.154365,-53.904487,"Misiones",2023,"2023-01-17T11:16","AR",222
"4029209398","Morpho helenor Cramer, 1782",5.230315,-76.083815,"Risaralda",2023,"2023-01-20T13:23","CO",NA
"4029262853","Morpho helenor Cramer, 1782",-27.385135,-55.592982,"Misiones",2023,"2023-01-29T13:32:51","AR",10
"4029268438","Morpho helenor Cramer, 1782",11.312446,-73.944677,"Magdalena",2023,"2023-01-15T14:27:20","CO",NA
"4034673745","Morpho helenor Cramer, 1782",9.627061,-82.68344,"Limón",2023,"2023-01-29T18:56:22","CR",309
"4076129830","Morpho helenor Cramer, 1782",9.73498,-82.835013,"Limón",2023,"2023-01-08T09:26:21","CR",11
"4145199371","Morpho helenor Cramer, 1782",9.135237,-79.717217,"Colón",2023,"2023-01-16T09:24","PA",356
"4145389450","Morpho helenor Cramer, 1782",8.762614,-82.396791,"Chiriquí",2023,"2023-01-01T10:59","PA",4
"4438857619","Morpho helenor Cramer, 1782",17.049625,-88.56674,"Cayo",2023,"2023-01-13T12:20","BZ",NA
"4440829621","Morpho helenor Cramer, 1782",9.125838,-79.693954,"Colón",2023,"2023-01-06T15:40:11","PA",75
"4453709817","Morpho helenor Cramer, 1782",10.36317,-84.103388,"Heredia",2023,"2023-01-11T11:33","CR",8
"4453840634","Morpho helenor Cramer, 1782",10.203514,-84.162041,"Heredia",2023,"2023-01-20T14:01:45","CR",27
"4458590742","Morpho helenor Cramer, 1782",3.440232,-59.768328,"Upper Takutu-Upper Essequibo",2023,"2023-01-30T08:44:34","GY",26
"4510049778","Morpho helenor Cramer, 1782",-25.856273,-54.169085,"Misiones",2023,"2023-01-14T14:55:44","AR",918
"4510267805","Morpho helenor Cramer, 1782",-27.153669,-53.905872,"Misiones",2023,"2023-01-17T12:02:36","AR",222
"4600078315","Morpho helenor Cramer, 1782",10.325,-83.9507,"Heredia",2023,"2023-01-22T12:50","CR",NA
"4901323744","Morpho helenor Cramer, 1782",9.609613,-85.107308,"Puntarenas",2023,"2023-01-19T15:55","CR",4
"4935737398","Morpho helenor Cramer, 1782",15.88291,-96.391517,"Oaxaca",2023,"2023-01-21T08:08:13","MX",5
"5168068472","Morpho helenor Cramer, 1782",10.203682,-84.162071,"Heredia",2023,"2023-01-20T14:07:34","CR",12
"4028852391","Morpho helenor Cramer, 1782",-23.455973,-46.63757,"São Paulo",2023,"2023-02-04T17:09","BR",8
"4028914463","Morpho helenor Cramer, 1782",-27.225325,-53.952484,"Rio Grande do Sul",2023,"2023-02-05T08:42","BR",977
"4028944057","Morpho helenor Cramer, 1782",-23.456031,-46.637375,"São Paulo",2023,"2023-02-04T17:08","BR",8
"4029155197","Morpho helenor Cramer, 1782",8.591883,-83.097336,"Puntarenas",2023,"2023-02-05T20:19:35","CR",4
"4029304531","Morpho helenor Cramer, 1782",-23.455519,-46.639213,"São Paulo",2023,"2023-02-04","BR",15
"4034615757","Morpho helenor Cramer, 1782",20.501636,-86.85024,"Quintana Roo",2023,"2023-02-08T10:27:07","MX",4
"4034621789","Morpho helenor Cramer, 1782",-23.162985,-44.138696,"Rio de Janeiro",2023,"2023-02-09T20:23:12","BR",631
"4039149838","Morpho helenor Cramer, 1782",-22.249916,-44.808313,"Minas Gerais",2023,"2023-02-19T15:31:12","BR",NA
"4039553309","Morpho helenor Cramer, 1782",5.112951,-76.096387,"Risaralda",2023,"2023-02-12T16:02","CO",211
"4039563540","Morpho helenor Cramer, 1782",-29.606784,-53.689397,"Rio Grande do Sul",2023,"2023-02-21T16:17","BR",122
"4046228128","Morpho helenor Cramer, 1782",-24.086995,-46.6231,"São Paulo",2023,"2023-02-25T17:53","BR",8
"4046233629","Morpho helenor Cramer, 1782",-15.157301,-44.231573,"Minas Gerais",2023,"2023-02-12T10:13:36","BR",198
"4046451320","Morpho helenor Cramer, 1782",-24.087078,-46.623069,"São Paulo",2023,"2023-02-25","BR",4
"4046534634","Morpho helenor Cramer, 1782",-26.872308,-49.039948,"Santa Catarina",2023,"2023-02-10T20:20:15","BR",9
"4046740274","Morpho helenor Cramer, 1782",-16.711,-43.941755,"Minas Gerais",2023,"2023-02-26T15:30:12","BR",NA
"4046752039","Morpho helenor Cramer, 1782",-22.404886,-47.543373,"São Paulo",2023,"2023-02-25T11:51:32","BR",NA
